State,County,Year,Days with AQI,Good Days,Moderate Days,Unhealthy for Sensitive Groups Days,Unhealthy Days,Very Unhealthy Days,Hazardous Days,Max AQI,90th Percentile AQI,Median AQI,Days CO,Days NO2,Days Ozone,Days PM2.5,Days PM10
Alabama,Baldwin,2014,280,209,69,2,0,0,0,112,62,40,0,0,185,95,0
Alabama,Clay,2014,114,64,50,0,0,0,0,73,59,48,0,0,0,114,0
Alabama,Colbert,2014,284,224,60,0,0,0,0,87,56,39,0,0,187,97,0
Alabama,DeKalb,2014,360,281,79,0,0,0,0,90,57,40,0,0,273,87,0
Alabama,Elmore,2014,245,224,21,0,0,0,0,84,49,36,0,0,245,0,0
Alabama,Etowah,2014,281,212,69,0,0,0,0,97,56,40,0,0,191,90,0
Alabama,Houston,2014,279,227,52,0,0,0,0,80,57,41,0,0,186,93,0
Alabama,Jefferson,2014,365,69,290,6,0,0,0,112,75,58,0,5,33,326,1
Alabama,Lawrence,2014,104,75,29,0,0,0,0,85,58,36,0,0,0,104,0
Alabama,Madison,2014,338,264,74,0,0,0,0,97,61,40,0,0,191,92,55
Alabama,Mobile,2014,285,206,73,6,0,0,0,115,67,43,0,0,201,84,0
Alabama,Montgomery,2014,284,208,76,0,0,0,0,87,61,43,0,0,182,102,0
Alabama,Morgan,2014,283,217,66,0,0,0,0,93,58,42,0,0,186,97,0
Alabama,Russell,2014,284,192,91,1,0,0,0,108,62,43,0,0,165,119,0
Alabama,Shelby,2014,273,200,72,1,0,0,0,119,59,42,0,0,193,80,0
Alabama,Sumter,2014,241,232,9,0,0,0,0,74,47,34,0,0,241,0,0
Alabama,Talladega,2014,108,57,51,0,0,0,0,82,61,49,0,0,0,108,0
Alabama,Tuscaloosa,2014,280,224,56,0,0,0,0,93,56,38,0,0,177,103,0
Alaska,Aleutians East ,2014,105,103,2,0,0,0,0,61,25,12,0,0,0,105,0
Alaska,Anchorage ,2014,360,250,107,2,1,0,0,153,64,33,7,0,0,239,114
Alaska,Denali ,2014,341,333,8,0,0,0,0,80,44,31,0,0,330,11,0
Alaska,Fairbanks North Star ,2014,365,154,130,34,42,5,0,231,158,57,1,13,65,276,10
Alaska,Juneau ,2014,352,251,99,2,0,0,0,129,65,32,0,0,0,348,4
Alaska,Kenai Peninsula ,2014,199,179,18,0,2,0,0,197,51,12,0,0,0,130,69
Alaska,Matanuska-Susitna ,2014,365,254,100,9,1,1,0,231,77,33,0,0,87,233,45
Alaska,Yukon-Koyukuk ,2014,107,107,0,0,0,0,0,33,12,6,0,0,0,107,0
Arizona,Apache,2014,365,360,5,0,0,0,0,71,28,14,0,0,0,63,302
Arizona,Cochise,2014,365,201,159,5,0,0,0,137,69,48,0,0,234,77,54
Arizona,Coconino,2014,357,247,105,5,0,0,0,126,67,44,0,0,340,17,0
Arizona,Gila,2014,365,251,110,4,0,0,0,150,71,45,0,0,202,3,160
Arizona,La Paz,2014,358,264,90,4,0,0,0,136,67,44,0,1,348,3,6
Arizona,Maricopa,2014,365,32,288,42,2,1,0,246,108,69,0,8,193,112,52
Arizona,Mohave,2014,365,355,10,0,0,0,0,77,32,19,0,0,0,40,325
Arizona,Navajo,2014,365,272,91,2,0,0,0,101,64,44,0,0,359,1,5
Arizona,Pima,2014,365,197,165,3,0,0,0,129,74,50,0,4,222,66,73
Arizona,Pinal,2014,365,51,227,55,17,3,12,924,142,72,0,0,68,47,250
Arizona,Santa Cruz,2014,365,249,112,2,1,1,0,223,72,38,0,0,0,205,160
Arizona,Yavapai,2014,280,182,92,6,0,0,0,140,77,44,0,0,241,39,0
Arizona,Yuma,2014,365,204,144,12,3,2,0,284,84,49,0,0,187,85,93
Arkansas,Arkansas,2014,115,70,45,0,0,0,0,92,66,45,0,0,0,115,0
Arkansas,Ashley,2014,118,70,48,0,0,0,0,76,63,43,0,0,0,118,0
Arkansas,Clark,2014,352,342,10,0,0,0,0,90,45,33,0,0,352,0,0
Arkansas,Crittenden,2014,365,289,76,0,0,0,0,93,58,38,0,23,260,82,0
Arkansas,Garland,2014,121,69,52,0,0,0,0,82,63,47,0,0,0,121,0
Arkansas,Jackson,2014,105,62,43,0,0,0,0,85,67,46,0,0,0,105,0
Arkansas,Newton,2014,365,323,42,0,0,0,0,87,52,36,0,0,316,49,0
Arkansas,Polk,2014,360,278,82,0,0,0,0,100,59,39,0,0,281,79,0
Arkansas,Pulaski,2014,365,149,213,3,0,0,0,115,70,53,0,4,67,294,0
Arkansas,Union,2014,121,69,52,0,0,0,0,73,61,46,0,0,0,121,0
Arkansas,Washington,2014,365,300,65,0,0,0,0,88,58,41,0,0,294,71,0
California,Alameda,2014,365,169,186,10,0,0,0,133,72,52,0,6,88,271,0
California,Alpine,2014,50,45,5,0,0,0,0,83,53,31,0,0,0,50,0
California,Amador,2014,359,263,86,10,0,0,0,133,80,42,0,0,359,0,0
California,Butte,2014,365,127,224,12,2,0,0,156,84,57,0,0,181,184,0
California,Calaveras,2014,361,209,148,4,0,0,0,115,71,47,0,0,224,137,0
California,Colusa,2014,365,163,202,0,0,0,0,99,67,52,0,0,90,274,1
California,Contra Costa,2014,365,150,210,5,0,0,0,133,71,53,0,0,84,281,0
California,Del Norte,2014,115,108,7,0,0,0,0,60,43,16,0,0,0,115,0
California,El Dorado,2014,365,223,96,43,3,0,0,163,105,45,0,0,354,4,7
California,Fresno,2014,365,48,193,91,33,0,0,197,148,83,0,0,206,158,1
California,Glenn,2014,365,244,120,1,0,0,0,105,61,44,0,0,205,154,6
California,Humboldt,2014,365,152,207,5,1,0,0,169,69,53,0,0,54,307,4
California,Imperial,2014,365,24,287,45,5,2,2,352,112,69,0,0,82,219,64
California,Inyo,2014,365,222,128,6,5,1,3,957,84,48,0,0,276,50,39
California,Kern,2014,365,17,188,117,42,0,1,307,154,97,0,0,217,140,8
California,Kings,2014,365,69,219,52,25,0,0,180,126,71,0,0,189,135,41
California,Lake,2014,357,333,24,0,0,0,0,93,48,37,0,0,349,7,1
California,Los Angeles,2014,365,8,250,79,26,2,0,205,143,82,0,11,160,192,2
California,Madera,2014,365,63,227,60,15,0,0,179,126,68,0,0,193,166,6
California,Marin,2014,365,130,234,1,0,0,0,107,65,53,0,2,22,341,0
California,Mariposa,2014,365,160,178,26,1,0,0,153,93,53,0,0,260,102,3
California,Mendocino,2014,365,224,141,0,0,0,0,96,62,44,0,0,86,279,0
California,Merced,2014,364,120,186,56,2,0,0,157,113,61,0,2,227,133,2
California,Mono,2014,365,332,21,1,3,2,6,2739,45,16,0,0,0,52,313
California,Monterey,2014,365,285,80,0,0,0,0,100,55,40,0,0,180,170,15
California,Napa,2014,365,111,254,0,0,0,0,90,69,55,0,0,24,341,0
California,Nevada,2014,365,211,120,33,1,0,0,168,100,47,0,0,352,13,0
California,Orange,2014,365,35,309,19,2,0,0,156,87,63,0,13,53,297,2
California,Placer,2014,365,116,221,23,3,2,0,265,97,57,0,0,187,178,0
California,Plumas,2014,127,58,56,10,3,0,0,158,103,52,0,0,0,127,0
California,Riverside,2014,365,11,198,122,32,1,1,541,150,93,0,0,193,115,57
California,Sacramento,2014,365,133,192,40,0,0,0,147,105,55,0,1,207,155,2
California,San Benito,2014,365,286,75,4,0,0,0,115,61,42,0,0,320,45,0
California,San Bernardino,2014,365,21,217,83,43,1,0,201,159,82,0,9,199,141,16
California,San Diego,2014,365,48,278,37,2,0,0,170,101,65,0,10,160,184,11
California,San Francisco,2014,365,249,116,0,0,0,0,97,59,39,0,41,102,222,0
California,San Joaquin,2014,365,112,219,33,1,0,0,152,99,58,0,0,173,188,4
California,San Luis Obispo,2014,365,81,270,14,0,0,0,126,87,60,0,0,115,245,5
California,San Mateo,2014,365,278,87,0,0,0,0,99,59,38,1,18,144,202,0
California,Santa Barbara,2014,365,161,198,4,2,0,0,159,66,52,0,1,143,217,4
California,Santa Clara,2014,365,216,141,7,1,0,0,154,71,46,0,12,140,212,1
California,Santa Cruz,2014,365,256,97,12,0,0,0,136,70,39,0,0,189,176,0
California,Shasta,2014,365,272,87,6,0,0,0,126,71,43,0,0,349,14,2
California,Siskiyou,2014,363,330,31,0,2,0,0,162,50,37,0,0,343,18,2
California,Solano,2014,365,171,191,3,0,0,0,124,69,51,0,1,89,275,0
California,Sonoma,2014,365,257,108,0,0,0,0,83,58,42,0,0,147,216,2
California,Stanislaus,2014,365,112,194,53,6,0,0,164,114,60,0,0,211,152,2
California,Sutter,2014,365,132,220,12,1,0,0,156,84,55,0,3,141,220,1
California,Tehama,2014,364,227,121,15,1,0,0,151,80,45,0,0,320,43,1
California,Trinity,2014,112,102,10,0,0,0,0,90,44,12,0,0,0,112,0
California,Tulare,2014,365,44,197,97,27,0,0,172,145,84,0,0,199,165,1
California,Tuolumne,2014,334,214,104,16,0,0,0,133,87,46,0,0,334,0,0
California,Ventura,2014,365,101,249,15,0,0,0,150,87,58,0,1,174,186,4
California,Yolo,2014,365,215,149,1,0,0,0,101,63,46,0,2,163,200,0
Colorado,Adams,2014,365,222,138,5,0,0,0,124,71,48,0,92,199,50,24
Colorado,Alamosa,2014,365,345,18,2,0,0,0,124,37,19,0,0,0,27,338
Colorado,Arapahoe,2014,364,261,102,1,0,0,0,122,61,45,0,0,347,17,0
Colorado,Archuleta,2014,336,335,1,0,0,0,0,51,29,17,0,0,0,0,336
Colorado,Boulder,2014,360,254,101,5,0,0,0,126,71,45,0,0,328,32,0
Colorado,Chaffee,2014,150,103,47,0,0,0,0,100,77,47,0,0,150,0,0
Colorado,Clear Creek,2014,267,169,83,15,0,0,0,150,90,47,0,0,267,0,0
Colorado,Delta,2014,118,117,1,0,0,0,0,77,32,21,0,0,0,0,118
Colorado,Denver,2014,365,152,210,2,1,0,0,152,74,53,0,75,115,173,2
Colorado,Douglas,2014,363,238,116,9,0,0,0,124,74,44,0,0,346,17,0
Colorado,El Paso,2014,365,273,92,0,0,0,0,90,64,45,0,0,346,19,0
Colorado,Fremont,2014,59,58,1,0,0,0,0,51,27,15,0,0,0,0,59
Colorado,Garfield,2014,365,299,64,2,0,0,0,108,58,44,0,0,358,7,0
Colorado,Gunnison,2014,365,307,58,0,0,0,0,90,58,44,0,0,356,0,9
Colorado,Jackson,2014,363,341,22,0,0,0,0,77,48,40,1,0,357,5,0
Colorado,Jefferson,2014,365,228,121,16,0,0,0,140,84,46,0,0,365,0,0
Colorado,La Plata,2014,365,279,85,1,0,0,0,101,64,44,0,0,360,5,0
Colorado,Larimer,2014,365,196,152,17,0,0,0,140,80,50,0,0,348,17,0
Colorado,Mesa,2014,365,216,148,1,0,0,0,101,67,48,0,0,248,116,1
Colorado,Moffat,2014,270,236,34,0,0,0,0,90,51,43,0,0,270,0,0
Colorado,Montezuma,2014,365,285,80,0,0,0,0,93,61,45,0,0,355,10,0
Colorado,Park,2014,338,232,104,2,0,0,0,115,74,47,0,0,338,0,0
Colorado,Pitkin,2014,115,115,0,0,0,0,0,44,23,12,0,0,0,61,54
Colorado,Prowers,2014,358,330,19,2,6,1,0,247,43,19,0,0,0,0,358
Colorado,Pueblo,2014,124,110,13,1,0,0,0,110,52,28,0,0,0,98,26
Colorado,Rio Blanco,2014,365,264,101,0,0,0,0,87,55,45,0,1,232,132,0
Colorado,Routt,2014,346,334,12,0,0,0,0,65,35,15,0,0,0,0,346
Colorado,San Juan,2014,118,118,0,0,0,0,0,37,22,10,0,0,0,118,0
Colorado,San Miguel,2014,274,205,69,0,0,0,0,93,64,45,0,0,227,0,47
Colorado,Weld,2014,365,239,122,4,0,0,0,126,74,46,1,0,324,39,1
Connecticut,Fairfield,2014,365,151,200,12,2,0,0,164,84,53,0,4,113,248,0
Connecticut,Hartford,2014,365,159,196,10,0,0,0,143,71,52,0,3,73,289,0
Connecticut,Litchfield,2014,365,243,120,2,0,0,0,129,61,44,0,0,191,174,0
Connecticut,Middlesex,2014,182,140,31,10,1,0,0,151,80,43,0,0,182,0,0
Connecticut,New Haven,2014,365,174,183,8,0,0,0,126,76,51,0,4,127,234,0
Connecticut,New London,2014,355,236,118,1,0,0,0,104,65,43,0,0,142,213,0
Connecticut,Tolland,2014,178,141,28,9,0,0,0,140,74,41,0,0,178,0,0
Connecticut,Windham,2014,354,328,25,1,0,0,0,101,48,34,0,0,354,0,0
Country Of Mexico,BAJA CALIFORNIA NORTE,2014,51,11,27,8,5,0,0,187,143,65,0,0,0,0,51
Country Of Mexico,CHIHUAHUA STATE,2014,214,210,4,0,0,0,0,65,43,31,60,0,154,0,0
Delaware,Kent,2014,364,230,133,1,0,0,0,108,62,46,0,0,160,204,0
Delaware,New Castle,2014,365,140,214,10,1,0,0,153,80,54,0,2,117,246,0
Delaware,Sussex,2014,365,199,165,1,0,0,0,105,67,49,0,0,168,197,0
District Of Columbia,District of Columbia,2014,365,145,216,4,0,0,0,140,71,53,0,5,117,243,0
Florida,Alachua,2014,361,282,79,0,0,0,0,77,55,40,0,0,142,219,0
Florida,Baker,2014,362,347,15,0,0,0,0,74,46,33,0,0,362,0,0
Florida,Bay,2014,365,219,146,0,0,0,0,100,63,46,0,0,122,243,0
Florida,Brevard,2014,365,257,108,0,0,0,0,87,58,42,0,0,168,197,0
Florida,Broward,2014,365,249,114,2,0,0,0,115,58,43,0,9,103,253,0
Florida,Citrus,2014,120,97,23,0,0,0,0,82,55,34,0,0,0,120,0
Florida,Collier,2014,365,265,100,0,0,0,0,79,56,42,0,0,117,248,0
Florida,Columbia,2014,338,287,51,0,0,0,0,82,54,36,0,0,273,65,0
Florida,Duval,2014,365,183,178,4,0,0,0,126,65,50,0,2,120,243,0
Florida,Escambia,2014,365,194,167,4,0,0,0,126,64,49,0,0,105,260,0
Florida,Flagler,2014,360,335,25,0,0,0,0,90,47,35,0,0,360,0,0
Florida,Hamilton,2014,271,132,139,0,0,0,0,75,61,51,0,0,0,271,0
Florida,Highlands,2014,350,327,23,0,0,0,0,77,47,32,0,0,350,0,0
Florida,Hillsborough,2014,365,157,202,6,0,0,0,115,71,52,0,1,89,275,0
Florida,Holmes,2014,365,205,160,0,0,0,0,100,59,46,0,0,94,271,0
Florida,Indian River,2014,349,315,33,1,0,0,0,105,50,37,0,0,349,0,0
Florida,Lake,2014,362,331,29,2,0,0,0,108,50,33,0,0,362,0,0
Florida,Lee,2014,365,265,100,0,0,0,0,93,58,42,0,0,140,221,4
Florida,Leon,2014,365,158,206,0,1,0,0,159,65,52,0,0,48,317,0
Florida,Liberty,2014,351,343,8,0,0,0,0,61,44,32,0,0,351,0,0
Florida,Manatee,2014,365,333,31,1,0,0,0,101,50,36,0,0,365,0,0
Florida,Marion,2014,365,224,141,0,0,0,0,97,58,45,0,0,97,268,0
Florida,Martin,2014,363,276,86,1,0,0,0,101,55,41,0,0,148,215,0
Florida,Miami-Dade,2014,365,161,203,1,0,0,0,123,63,52,0,2,51,312,0
Florida,Nassau,2014,266,142,124,0,0,0,0,74,63,48,0,0,0,266,0
Florida,Okaloosa,2014,364,336,27,1,0,0,0,115,47,35,0,0,348,0,16
Florida,Orange,2014,362,236,125,1,0,0,0,126,60,45,0,0,110,252,0
Florida,Osceola,2014,348,316,32,0,0,0,0,100,50,33,0,0,348,0,0
Florida,Palm Beach,2014,365,253,110,2,0,0,0,119,61,42,0,0,165,200,0
Florida,Pasco,2014,365,331,33,1,0,0,0,108,50,35,0,0,365,0,0
Florida,Pinellas,2014,365,212,152,1,0,0,0,112,62,47,0,1,78,286,0
Florida,Polk,2014,364,206,158,0,0,0,0,87,61,48,0,0,89,275,0
Florida,Putnam,2014,292,292,0,0,0,0,0,35,20,14,0,0,0,0,292
Florida,Santa Rosa,2014,365,213,149,3,0,0,0,136,62,46,0,0,114,251,0
Florida,Sarasota,2014,365,202,162,1,0,0,0,105,65,48,0,0,87,278,0
Florida,Seminole,2014,364,326,38,0,0,0,0,97,51,36,0,0,318,41,5
Florida,St. Lucie,2014,360,343,16,1,0,0,0,122,48,34,0,0,360,0,0
Florida,Volusia,2014,365,244,120,1,0,0,0,108,58,43,0,0,124,241,0
Florida,Wakulla,2014,319,276,42,0,1,0,0,152,54,36,0,0,262,57,0
Georgia,Bibb,2014,365,130,233,2,0,0,0,112,67,54,0,0,38,327,0
Georgia,Charlton,2014,116,95,21,0,0,0,0,96,55,34,0,0,0,116,0
Georgia,Chatham,2014,333,144,189,0,0,0,0,80,62,52,0,0,27,306,0
Georgia,Chattooga,2014,245,227,18,0,0,0,0,77,49,36,0,0,245,0,0
Georgia,Clarke,2014,356,164,192,0,0,0,0,93,65,52,0,0,53,303,0
Georgia,Clayton,2014,122,46,76,0,0,0,0,85,63,53,0,0,0,122,0
Georgia,Cobb,2014,307,136,169,2,0,0,0,119,65,52,0,0,24,283,0
Georgia,Coffee,2014,61,34,27,0,0,0,0,70,56,47,0,0,0,61,0
Georgia,Columbia,2014,240,214,26,0,0,0,0,80,51,40,0,0,240,0,0
Georgia,Coweta,2014,357,213,141,3,0,0,0,108,62,45,0,0,65,292,0
Georgia,Dawson,2014,245,218,26,1,0,0,0,101,51,37,0,0,245,0,0
Georgia,DeKalb,2014,365,86,276,3,0,0,0,122,73,56,0,0,35,330,0
Georgia,Dougherty,2014,359,127,231,1,0,0,0,111,69,54,0,0,0,359,0
Georgia,Douglas,2014,238,194,42,2,0,0,0,126,61,41,0,0,238,0,0
Georgia,Floyd,2014,362,62,299,1,0,0,0,109,75,60,0,0,0,362,0
Georgia,Fulton,2014,364,163,194,7,0,0,0,140,67,52,1,10,82,271,0
Georgia,Glynn,2014,332,212,120,0,0,0,0,89,59,44,0,0,78,254,0
Georgia,Gwinnett,2014,365,191,172,2,0,0,0,105,63,49,0,0,92,273,0
Georgia,Hall,2014,318,114,204,0,0,0,0,96,69,55,0,0,0,318,0
Georgia,Henry,2014,351,185,160,5,1,0,0,159,64,48,0,0,91,260,0
Georgia,Houston,2014,348,115,230,3,0,0,0,129,68,55,0,0,0,348,0
Georgia,Lowndes,2014,339,164,175,0,0,0,0,90,64,51,0,0,0,339,0
Georgia,Murray,2014,266,224,41,1,0,0,0,108,56,39,0,0,206,60,0
Georgia,Muscogee,2014,365,181,183,1,0,0,0,102,66,51,0,0,56,309,0
Georgia,Paulding,2014,364,125,239,0,0,0,0,95,65,54,4,2,31,327,0
Georgia,Pike,2014,359,313,45,1,0,0,0,108,54,37,0,0,359,0,0
Georgia,Richmond,2014,361,160,201,0,0,0,0,93,66,52,0,0,57,304,0
Georgia,Rockdale,2014,363,309,47,7,0,0,0,150,58,34,0,119,244,0,0
Georgia,Sumter,2014,244,229,15,0,0,0,0,77,49,38,0,0,244,0,0
Georgia,Walker,2014,354,155,199,0,0,0,0,84,65,52,0,0,0,354,0
Georgia,Washington,2014,114,54,60,0,0,0,0,73,60,52,0,0,0,114,0
Georgia,Wilkinson,2014,111,45,65,1,0,0,0,145,65,53,0,0,0,111,0
Hawaii,Hawaii,2014,358,59,297,2,0,0,0,118,67,58,0,0,0,358,0
Hawaii,Honolulu,2014,359,325,33,0,1,0,0,195,49,32,2,1,146,207,3
Hawaii,Kauai,2014,341,322,19,0,0,0,0,61,42,23,0,36,0,305,0
Hawaii,Maui,2014,341,305,35,1,0,0,0,136,51,29,0,0,0,341,0
Idaho,Ada,2014,365,277,87,0,1,0,0,152,61,41,3,62,249,42,9
Idaho,Bannock,2014,365,301,64,0,0,0,0,99,55,32,0,0,0,320,45
Idaho,Benewah,2014,362,199,150,13,0,0,0,136,77,46,0,0,0,362,0
Idaho,Bonner,2014,321,319,2,0,0,0,0,62,22,10,0,0,0,0,321
Idaho,Butte,2014,349,325,24,0,0,0,0,93,49,39,0,0,344,5,0
Idaho,Canyon,2014,365,346,18,0,1,0,0,158,40,15,0,0,0,49,316
Idaho,Custer,2014,110,107,3,0,0,0,0,54,29,9,0,0,0,110,0
Idaho,Franklin,2014,359,318,39,2,0,0,0,105,53,25,0,0,0,359,0
Idaho,Lemhi,2014,348,171,160,16,1,0,0,157,83,52,0,0,0,348,0
Idaho,Shoshone,2014,365,186,165,13,1,0,0,151,82,49,0,0,0,364,1
Illinois,Adams,2014,213,192,21,0,0,0,0,90,50,37,0,0,213,0,0
Illinois,Champaign,2014,365,277,87,1,0,0,0,101,64,38,0,0,291,74,0
Illinois,Clark,2014,211,185,26,0,0,0,0,90,51,39,0,0,211,0,0
Illinois,Cook,2014,365,76,281,8,0,0,0,143,80,59,0,24,47,275,19
Illinois,DuPage,2014,234,183,49,2,0,0,0,101,65,39,0,0,167,67,0
Illinois,Effingham,2014,212,187,25,0,0,0,0,90,51,38,0,0,212,0,0
Illinois,Hamilton,2014,231,177,54,0,0,0,0,93,61,41,0,0,192,39,0
Illinois,Jersey,2014,233,178,54,1,0,0,0,101,64,40,0,0,191,42,0
Illinois,Jo Daviess,2014,353,324,28,1,0,0,0,108,49,35,0,0,353,0,0
Illinois,Kane,2014,363,314,48,1,0,0,0,101,55,34,0,0,323,40,0
Illinois,Lake,2014,355,317,33,5,0,0,0,129,51,35,0,0,355,0,0
Illinois,Macon,2014,365,214,151,0,0,0,0,90,67,45,0,0,170,195,0
Illinois,Macoupin,2014,214,192,22,0,0,0,0,93,51,38,0,0,214,0,0
Illinois,Madison,2014,365,165,191,9,0,0,0,137,77,53,0,0,181,179,5
Illinois,McHenry,2014,364,248,113,3,0,0,0,136,61,42,0,0,181,183,0
Illinois,McLean,2014,363,312,51,0,0,0,0,100,58,37,0,0,328,35,0
Illinois,Peoria,2014,365,204,161,0,0,0,0,100,66,46,0,0,140,225,0
Illinois,Randolph,2014,230,159,67,4,0,0,0,122,71,44,0,0,193,37,0
Illinois,Rock Island,2014,349,311,38,0,0,0,0,74,54,34,0,0,315,34,0
Illinois,Saint Clair,2014,365,194,169,2,0,0,0,125,67,49,0,17,136,212,0
Illinois,Sangamon,2014,358,319,39,0,0,0,0,80,51,33,0,0,313,45,0
Illinois,Will,2014,362,171,191,0,0,0,0,97,67,51,0,0,107,255,0
Illinois,Winnebago,2014,342,304,36,2,0,0,0,105,53,34,0,0,327,15,0
Indiana,Allen,2014,359,112,241,6,0,0,0,147,77,55,0,0,42,317,0
Indiana,Bartholomew,2014,364,234,129,1,0,0,0,108,67,43,0,97,133,134,0
Indiana,Boone,2014,183,143,38,2,0,0,0,108,64,42,0,0,183,0,0
Indiana,Brown,2014,119,112,7,0,0,0,0,71,49,39,0,0,119,0,0
Indiana,Carroll,2014,173,144,28,1,0,0,0,108,58,41,0,0,173,0,0
Indiana,Clark,2014,335,123,210,2,0,0,0,122,74,54,0,0,62,273,0
Indiana,Delaware,2014,240,184,55,1,0,0,0,130,61,41,0,0,139,101,0
Indiana,Dubois,2014,122,49,73,0,0,0,0,97,69,53,0,0,0,122,0
Indiana,Elkhart,2014,360,82,268,10,0,0,0,126,78,58,0,0,21,339,0
Indiana,Floyd,2014,361,91,267,3,0,0,0,119,74,56,0,0,60,301,0
Indiana,Greene,2014,244,166,78,0,0,0,0,88,64,45,0,0,154,90,0
Indiana,Hamilton,2014,358,191,165,2,0,0,0,129,66,48,0,0,69,289,0
Indiana,Hancock,2014,183,181,2,0,0,0,0,67,45,34,0,0,183,0,0
Indiana,Hendricks,2014,183,175,8,0,0,0,0,77,47,36,0,0,183,0,0
Indiana,Henry,2014,121,66,54,1,0,0,0,119,64,48,0,0,0,121,0
Indiana,Howard,2014,261,101,160,0,0,0,0,84,66,53,0,0,0,261,0
Indiana,Huntington,2014,176,168,8,0,0,0,0,80,46,35,0,0,176,0,0
Indiana,Jackson,2014,181,147,34,0,0,0,0,93,58,42,0,0,181,0,0
Indiana,Johnson,2014,176,170,6,0,0,0,0,71,47,37,0,0,176,0,0
Indiana,Knox,2014,348,313,35,0,0,0,0,90,51,34,0,0,348,0,0
Indiana,LaPorte,2014,242,155,82,5,0,0,0,126,73,45,0,0,159,83,0
Indiana,Lake,2014,365,66,291,7,1,0,0,156,80,61,1,5,41,315,3
Indiana,Madison,2014,335,151,182,2,0,0,0,141,71,52,0,0,55,280,0
Indiana,Marion,2014,365,85,273,6,0,1,0,209,79,58,0,2,45,318,0
Indiana,Monroe,2014,346,210,135,0,1,0,0,159,62,44,0,0,0,346,0
Indiana,Montgomery,2014,149,53,96,0,0,0,0,80,67,54,0,0,0,149,0
Indiana,Morgan,2014,181,147,34,0,0,0,0,97,64,43,0,0,181,0,0
Indiana,Perry,2014,175,131,43,1,0,0,0,101,64,45,0,0,175,0,0
Indiana,Porter,2014,363,131,227,5,0,0,0,115,76,55,0,0,40,291,32
Indiana,Posey,2014,181,147,34,0,0,0,0,100,67,43,0,0,181,0,0
Indiana,Shelby,2014,182,157,25,0,0,0,0,100,58,42,0,0,182,0,0
Indiana,Spencer,2014,121,56,65,0,0,0,0,96,69,52,0,0,0,121,0
Indiana,St. Joseph,2014,365,159,202,4,0,0,0,129,74,53,0,14,92,259,0
Indiana,Tippecanoe,2014,316,178,137,1,0,0,0,128,65,46,0,0,0,316,0
Indiana,Vanderburgh,2014,365,116,245,4,0,0,0,108,77,56,0,1,89,275,0
Indiana,Vigo,2014,354,136,216,2,0,0,0,134,70,54,0,0,47,307,0
Indiana,Wabash,2014,336,304,30,2,0,0,0,108,50,36,0,0,336,0,0
Indiana,Warrick,2014,183,140,41,2,0,0,0,105,67,44,0,0,183,0,0
Indiana,Whitley,2014,356,173,181,2,0,0,0,125,69,51,0,44,0,312,0
Iowa,Black Hawk,2014,364,91,272,1,0,0,0,117,71,56,0,0,0,364,0
Iowa,Bremer,2014,212,195,17,0,0,0,0,87,48,37,0,0,212,0,0
Iowa,Cerro Gordo,2014,348,346,2,0,0,0,0,52,31,16,0,0,0,0,348
Iowa,Clinton,2014,365,109,252,4,0,0,0,124,74,56,0,0,49,316,0
Iowa,Delaware,2014,126,76,50,0,0,0,0,80,61,43,0,0,0,122,4
Iowa,Harrison,2014,212,186,26,0,0,0,0,90,54,38,0,0,212,0,0
Iowa,Johnson,2014,364,201,162,1,0,0,0,108,65,47,0,0,0,363,1
Iowa,Lee,2014,121,62,59,0,0,0,0,98,68,48,0,0,0,121,0
Iowa,Linn,2014,365,187,177,1,0,0,0,112,67,50,0,0,90,275,0
Iowa,Montgomery,2014,364,196,167,1,0,0,0,107,63,48,0,0,88,276,0
Iowa,Muscatine,2014,365,157,203,5,0,0,0,135,77,53,0,0,0,365,0
Iowa,Palo Alto,2014,356,188,168,0,0,0,0,95,64,50,0,0,61,295,0
Iowa,Polk,2014,365,227,138,0,0,0,0,93,62,44,0,16,70,278,1
Iowa,Pottawattamie,2014,119,71,47,1,0,0,0,111,63,46,0,0,0,115,4
Iowa,Scott,2014,365,45,316,4,0,0,0,111,78,59,0,0,24,270,71
Iowa,Story,2014,214,190,24,0,0,0,0,90,51,37,0,0,214,0,0
Iowa,Van Buren,2014,358,177,181,0,0,0,0,93,66,51,0,0,53,304,1
Iowa,Warren,2014,213,199,14,0,0,0,0,100,49,35,0,0,213,0,0
Iowa,Woodbury,2014,123,84,37,2,0,0,0,108,59,39,0,0,0,118,5
Kansas,Chase,2014,120,84,35,0,1,0,0,154,58,33,0,0,0,120,0
Kansas,Ford,2014,365,362,3,0,0,0,0,69,24,7,0,0,0,0,365
Kansas,Johnson,2014,365,311,54,0,0,0,0,84,56,37,0,0,298,67,0
Kansas,Leavenworth,2014,363,331,29,3,0,0,0,105,49,35,0,0,363,0,0
Kansas,Linn,2014,1,1,0,0,0,0,0,25,25,25,0,0,1,0,0
Kansas,Neosho,2014,331,256,74,1,0,0,0,116,59,40,0,2,254,66,9
Kansas,Sedgwick,2014,365,247,114,4,0,0,0,150,64,43,0,22,237,69,37
Kansas,Shawnee,2014,365,293,71,1,0,0,0,105,58,39,0,0,290,64,11
Kansas,Sherman,2014,61,61,0,0,0,0,0,49,33,15,0,0,0,0,61
Kansas,Sumner,2014,364,292,70,2,0,0,0,138,58,40,0,4,312,48,0
Kansas,Trego,2014,362,283,79,0,0,0,0,97,64,41,0,1,339,22,0
Kansas,Wyandotte,2014,365,158,205,2,0,0,0,119,71,53,0,16,87,262,0
Kentucky,Bell,2014,266,208,58,0,0,0,0,93,59,42,0,0,223,43,0
Kentucky,Boone,2014,245,231,14,0,0,0,0,80,48,37,0,0,245,0,0
Kentucky,Boyd,2014,365,247,117,1,0,0,0,115,61,43,0,17,148,200,0
Kentucky,Bullitt,2014,222,194,27,1,0,0,0,112,51,38,0,0,222,0,0
Kentucky,Campbell,2014,364,192,168,4,0,0,0,112,67,49,0,0,108,256,0
Kentucky,Carter,2014,283,226,57,0,0,0,0,90,58,39,0,0,197,82,4
Kentucky,Christian,2014,277,195,82,0,0,0,0,90,62,43,0,0,194,83,0
Kentucky,Daviess,2014,365,225,140,0,0,0,0,100,62,44,0,19,95,251,0
Kentucky,Edmonson,2014,364,294,70,0,0,0,0,90,58,39,4,0,309,51,0
Kentucky,Fayette,2014,365,215,150,0,0,0,0,93,66,47,0,31,116,218,0
Kentucky,Greenup,2014,244,217,27,0,0,0,0,90,54,39,0,0,244,0,0
Kentucky,Hancock,2014,237,198,38,1,0,0,0,105,58,41,0,0,237,0,0
Kentucky,Hardin,2014,342,173,169,0,0,0,0,88,65,50,0,0,67,275,0
Kentucky,Henderson,2014,348,211,137,0,0,0,0,100,67,44,0,0,131,217,0
Kentucky,Jefferson,2014,365,90,271,3,1,0,0,169,80,58,0,4,51,310,0
Kentucky,Jessamine,2014,245,201,44,0,0,0,0,90,61,41,0,0,245,0,0
Kentucky,Livingston,2014,256,222,34,0,0,0,0,97,54,41,0,0,245,0,11
Kentucky,Madison,2014,110,66,44,0,0,0,0,76,61,44,0,0,0,110,0
Kentucky,Marshall,2014,41,41,0,0,0,0,0,37,25,15,0,0,0,0,41
Kentucky,McCracken,2014,365,231,134,0,0,0,0,93,64,44,0,18,123,224,0
Kentucky,Morgan,2014,341,319,22,0,0,0,0,87,49,35,0,0,341,0,0
Kentucky,Oldham,2014,245,205,39,1,0,0,0,101,61,42,0,0,245,0,0
Kentucky,Perry,2014,350,202,148,0,0,0,0,84,61,47,0,0,82,268,0
Kentucky,Pike,2014,365,179,185,1,0,0,0,104,63,51,0,0,56,309,0
Kentucky,Pulaski,2014,286,203,83,0,0,0,0,100,60,43,0,0,197,89,0
Kentucky,Simpson,2014,245,217,28,0,0,0,0,87,54,39,0,0,245,0,0
Kentucky,Trigg,2014,347,311,35,1,0,0,0,101,51,36,0,0,347,0,0
Kentucky,Warren,2014,359,235,124,0,0,0,0,100,61,44,0,0,131,228,0
Kentucky,Washington,2014,362,314,47,1,0,0,0,101,54,37,0,0,362,0,0
Louisiana,Ascension,2014,364,328,34,1,1,0,0,156,50,34,0,27,337,0,0
Louisiana,Bossier,2014,364,177,186,1,0,0,0,112,65,51,0,0,88,274,2
Louisiana,Caddo,2014,352,269,83,0,0,0,0,100,57,38,0,0,261,91,0
Louisiana,Calcasieu,2014,365,201,161,3,0,0,0,133,64,47,0,3,123,239,0
Louisiana,East Baton Rouge,2014,365,128,228,9,0,0,0,133,77,54,1,7,90,267,0
Louisiana,Iberville,2014,365,272,92,1,0,0,0,119,61,39,0,10,248,107,0
Louisiana,Jefferson,2014,365,206,154,5,0,0,0,122,66,48,0,7,118,240,0
Louisiana,Lafayette,2014,364,123,241,0,0,0,0,97,67,54,0,0,63,301,0
Louisiana,Lafourche,2014,363,268,94,1,0,0,0,105,58,41,0,0,199,164,0
Louisiana,Livingston,2014,364,136,222,6,0,0,0,122,70,53,0,0,76,288,0
Louisiana,Orleans,2014,364,246,115,3,0,0,0,115,61,43,0,8,142,212,2
Louisiana,Ouachita,2014,364,190,174,0,0,0,0,88,64,47,0,0,132,232,0
Louisiana,Pointe Coupee,2014,327,302,20,5,0,0,0,140,49,34,0,0,327,0,0
Louisiana,Rapides,2014,290,121,168,1,0,0,0,106,63,52,0,0,0,290,0
Louisiana,St. Bernard,2014,364,145,214,5,0,0,0,112,69,53,0,0,87,277,0
Louisiana,St. Charles,2014,365,341,24,0,0,0,0,97,47,31,0,0,365,0,0
Louisiana,St. James,2014,344,318,25,0,1,0,0,154,48,33,0,0,344,0,0
Louisiana,St. John the Baptist,2014,352,322,29,1,0,0,0,108,49,35,0,0,352,0,0
Louisiana,St. Tammany,2014,365,229,127,9,0,0,0,143,67,45,0,0,157,208,0
Louisiana,Tangipahoa,2014,121,81,40,0,0,0,0,69,58,40,0,0,0,121,0
Louisiana,Terrebonne,2014,121,87,34,0,0,0,0,67,57,38,0,0,0,121,0
Louisiana,West Baton Rouge,2014,365,169,195,1,0,0,0,112,66,52,0,7,46,312,0
Maine,Androscoggin,2014,347,245,102,0,0,0,0,90,61,42,0,0,133,211,3
Maine,Aroostook,2014,365,221,143,1,0,0,0,117,65,44,0,0,92,271,2
Maine,Cumberland,2014,365,260,103,2,0,0,0,109,60,41,0,2,152,210,1
Maine,Hancock,2014,365,341,23,1,0,0,0,105,48,36,3,0,333,29,0
Maine,Kennebec,2014,286,279,7,0,0,0,0,87,43,29,0,59,204,0,23
Maine,Knox,2014,205,194,11,0,0,0,0,87,47,34,0,0,205,0,0
Maine,Oxford,2014,248,237,11,0,0,0,0,90,44,31,0,0,205,43,0
Maine,Penobscot,2014,365,299,66,0,0,0,0,79,55,36,0,0,184,181,0
Maine,Sagadahoc,2014,187,180,7,0,0,0,0,80,46,31,0,0,187,0,0
Maine,Washington,2014,359,355,4,0,0,0,0,84,44,33,0,0,349,10,0
Maine,York,2014,214,193,19,2,0,0,0,101,50,39,0,0,214,0,0
Maryland,Anne Arundel,2014,264,186,77,1,0,0,0,133,67,44,0,0,185,79,0
Maryland,Baltimore,2014,365,257,105,3,0,0,0,136,69,42,0,63,216,86,0
Maryland,Baltimore (City),2014,365,146,219,0,0,0,0,95,68,52,0,5,49,311,0
Maryland,Calvert,2014,213,156,54,3,0,0,0,105,71,44,0,0,213,0,0
Maryland,Carroll,2014,214,163,51,0,0,0,0,84,71,43,0,0,214,0,0
Maryland,Cecil,2014,347,193,149,5,0,0,0,150,67,47,0,0,132,215,0
Maryland,Charles,2014,209,173,33,3,0,0,0,122,64,44,0,0,209,0,0
Maryland,Dorchester,2014,365,218,147,0,0,0,0,90,64,46,0,0,183,182,0
Maryland,Frederick,2014,208,171,37,0,0,0,0,80,58,42,0,0,208,0,0
Maryland,Garrett,2014,365,264,101,0,0,0,0,87,58,44,1,0,233,131,0
Maryland,Harford,2014,357,161,193,3,0,0,0,133,69,52,0,0,89,268,0
Maryland,Howard,2014,275,76,199,0,0,0,0,82,67,55,0,14,0,261,0
Maryland,Kent,2014,351,221,129,1,0,0,0,112,64,45,0,0,143,208,0
Maryland,Montgomery,2014,355,196,159,0,0,0,0,90,64,48,0,0,95,260,0
Maryland,Prince George's,2014,365,160,201,4,0,0,0,119,71,52,0,2,122,241,0
Maryland,Washington,2014,352,216,136,0,0,0,0,100,66,45,0,0,140,212,0
Massachusetts,Barnstable,2014,363,347,16,0,0,0,0,84,45,35,0,0,343,20,0
Massachusetts,Berkshire,2014,364,164,200,0,0,0,0,93,67,52,0,0,92,272,0
Massachusetts,Bristol,2014,365,243,122,0,0,0,0,84,60,43,0,0,116,249,0
Massachusetts,Dukes,2014,358,335,23,0,0,0,0,87,47,35,0,0,325,33,0
Massachusetts,Essex,2014,365,244,120,1,0,0,0,108,61,43,0,0,153,212,0
Massachusetts,Franklin,2014,338,198,140,0,0,0,0,90,64,46,0,0,120,218,0
Massachusetts,Hampden,2014,365,213,152,0,0,0,0,100,66,46,0,1,130,234,0
Massachusetts,Hampshire,2014,365,228,137,0,0,0,0,100,60,44,0,1,165,199,0
Massachusetts,Middlesex,2014,357,338,19,0,0,0,0,97,46,32,0,0,357,0,0
Massachusetts,Norfolk,2014,365,286,77,2,0,0,0,105,56,42,0,3,208,154,0
Massachusetts,Plymouth,2014,363,229,134,0,0,0,0,93,60,44,0,0,116,247,0
Massachusetts,Suffolk,2014,365,122,243,0,0,0,0,85,65,53,0,17,34,313,1
Massachusetts,Worcester,2014,365,242,122,1,0,0,0,115,62,43,0,7,187,169,2
Michigan,Allegan,2014,240,164,69,6,1,0,0,151,80,44,0,0,162,78,0
Michigan,Bay,2014,348,205,143,0,0,0,0,96,61,45,0,0,0,348,0
Michigan,Benzie,2014,175,150,22,3,0,0,0,105,61,39,0,0,175,0,0
Michigan,Berrien,2014,239,152,82,5,0,0,0,133,74,44,0,0,164,75,0
Michigan,Cass,2014,167,120,46,1,0,0,0,115,71,44,0,0,167,0,0
Michigan,Chippewa,2014,324,261,63,0,0,0,0,77,56,37,0,0,115,209,0
Michigan,Clinton,2014,182,148,33,1,0,0,0,112,64,41,0,0,182,0,0
Michigan,Genesee,2014,341,182,156,3,0,0,0,105,64,48,0,0,79,262,0
Michigan,Huron,2014,167,152,14,1,0,0,0,115,50,38,0,0,167,0,0
Michigan,Ingham,2014,364,205,159,0,0,0,0,93,64,48,0,1,86,277,0
Michigan,Kalamazoo,2014,363,175,186,2,0,0,0,108,66,51,0,0,77,286,0
Michigan,Kent,2014,365,174,188,3,0,0,0,121,66,51,1,0,81,283,0
Michigan,Keweenaw,2014,115,107,8,0,0,0,0,65,49,15,0,0,0,115,0
Michigan,Lenawee,2014,345,174,168,3,0,0,0,129,67,50,0,0,97,248,0
Michigan,Macomb,2014,244,169,70,5,0,0,0,136,74,43,0,0,160,84,0
Michigan,Manistee,2014,241,201,38,2,0,0,0,101,58,37,0,0,162,79,0
Michigan,Mason,2014,183,156,25,2,0,0,0,115,64,39,0,0,183,0,0
Michigan,Missaukee,2014,365,278,87,0,0,0,0,97,58,41,0,0,187,178,0
Michigan,Monroe,2014,116,60,56,0,0,0,0,95,62,50,0,0,0,116,0
Michigan,Muskegon,2014,183,147,30,6,0,0,0,129,74,41,0,0,183,0,0
Michigan,Oakland,2014,239,164,72,3,0,0,0,112,71,42,0,0,153,86,0
Michigan,Ottawa,2014,177,139,34,4,0,0,0,112,74,43,0,0,177,0,0
Michigan,Schoolcraft,2014,364,304,57,3,0,0,0,121,56,34,0,0,129,235,0
Michigan,St. Clair,2014,365,187,173,5,0,0,0,116,66,49,0,0,64,301,0
Michigan,Tuscola,2014,360,339,21,0,0,0,0,87,46,34,0,0,360,0,0
Michigan,Washtenaw,2014,365,174,187,4,0,0,0,126,71,51,0,0,108,257,0
Michigan,Wayne,2014,365,77,280,8,0,0,0,147,80,58,0,0,35,314,16
Michigan,Wexford,2014,356,336,20,0,0,0,0,100,47,35,0,0,356,0,0
Minnesota,Anoka,2014,364,265,99,0,0,0,0,93,63,41,0,14,184,164,2
Minnesota,Becker,2014,346,273,73,0,0,0,0,97,54,36,0,0,63,283,0
Minnesota,Beltrami,2014,88,73,15,0,0,0,0,69,54,23,0,0,0,88,0
Minnesota,Carlton,2014,230,226,4,0,0,0,0,87,43,31,0,0,230,0,0
Minnesota,Cook,2014,336,310,26,0,0,0,0,67,47,23,0,0,0,336,0
Minnesota,Crow Wing,2014,365,309,56,0,0,0,0,80,55,35,0,0,149,216,0
Minnesota,Dakota,2014,365,279,86,0,0,0,0,88,58,32,0,68,0,297,0
Minnesota,Goodhue,2014,216,198,18,0,0,0,0,97,50,38,0,0,216,0,0
Minnesota,Hennepin,2014,365,162,203,0,0,0,0,96,68,52,0,16,33,316,0
Minnesota,Lake,2014,365,310,55,0,0,0,0,93,54,31,0,0,116,174,75
Minnesota,Lyon,2014,364,290,73,1,0,0,0,109,57,37,0,0,163,201,0
Minnesota,Mille Lacs,2014,220,215,5,0,0,0,0,77,44,31,0,0,220,0,0
Minnesota,Olmsted,2014,361,267,93,1,0,0,0,103,61,41,0,0,165,196,0
Minnesota,Ramsey,2014,365,192,172,1,0,0,0,124,67,48,0,0,0,347,18
Minnesota,Rock,2014,117,97,19,1,0,0,0,101,55,29,0,0,0,117,0
Minnesota,Saint Louis,2014,365,216,149,0,0,0,0,84,61,47,0,0,59,299,7
Minnesota,Scott,2014,306,255,51,0,0,0,0,90,56,36,0,0,221,85,0
Minnesota,Stearns,2014,358,285,73,0,0,0,0,89,58,37,0,0,173,185,0
Minnesota,Washington,2014,365,229,136,0,0,0,0,98,66,44,0,0,105,249,11
Minnesota,Winona,2014,356,250,105,1,0,0,0,110,62,40,0,0,0,356,0
Minnesota,Wright,2014,353,281,71,1,0,0,0,112,61,37,0,0,168,185,0
Mississippi,Bolivar,2014,209,195,14,0,0,0,0,90,49,37,0,0,209,0,0
Mississippi,DeSoto,2014,365,193,171,1,0,0,0,112,64,49,0,0,61,304,0
Mississippi,Forrest,2014,361,160,201,0,0,0,0,76,60,52,0,0,0,361,0
Mississippi,Hancock,2014,243,218,23,2,0,0,0,112,51,37,0,0,243,0,0
Mississippi,Harrison,2014,361,184,172,5,0,0,0,119,63,50,0,0,61,300,0
Mississippi,Hinds,2014,365,106,258,0,1,0,0,154,71,56,0,0,44,321,0
Mississippi,Jackson,2014,361,322,31,8,0,0,0,122,51,32,0,121,240,0,0
Mississippi,Lauderdale,2014,242,228,14,0,0,0,0,71,48,36,0,0,242,0,0
Mississippi,Lee,2014,244,233,11,0,0,0,0,87,48,37,0,0,244,0,0
Mississippi,Yalobusha,2014,322,315,7,0,0,0,0,90,44,31,0,0,322,0,0
Missouri,Andrew,2014,212,182,30,0,0,0,0,100,54,39,0,0,212,0,0
Missouri,Boone,2014,214,190,24,0,0,0,0,87,51,38,0,0,214,0,0
Missouri,Buchanan,2014,363,157,203,3,0,0,0,141,69,52,0,0,0,360,3
Missouri,Callaway,2014,213,192,21,0,0,0,0,90,50,39,0,0,213,0,0
Missouri,Cass,2014,341,147,193,1,0,0,0,102,70,53,0,0,63,278,0
Missouri,Cedar,2014,364,229,134,1,0,0,0,101,63,44,0,0,122,242,0
Missouri,Clay,2014,365,204,157,4,0,0,0,120,67,46,0,0,130,235,0
Missouri,Clinton,2014,211,177,34,0,0,0,0,93,58,40,0,0,211,0,0
Missouri,Greene,2014,365,208,157,0,0,0,0,87,64,46,0,0,86,265,14
Missouri,Jackson,2014,365,190,174,1,0,0,0,108,66,49,0,39,0,305,21
Missouri,Jasper,2014,360,283,76,1,0,0,0,103,61,38,0,0,182,0,178
Missouri,Jefferson,2014,363,172,184,7,0,0,0,142,76,51,0,0,94,269,0
Missouri,Lincoln,2014,214,179,35,0,0,0,0,97,61,39,0,0,214,0,0
Missouri,Monroe,2014,365,345,19,1,0,0,0,101,47,34,0,1,358,0,6
Missouri,Perry,2014,214,176,38,0,0,0,0,97,61,40,0,0,214,0,0
Missouri,Saint Charles,2014,214,166,40,8,0,0,0,126,84,43,0,0,214,0,0
Missouri,Saint Louis,2014,365,187,173,5,0,0,0,145,74,50,0,0,111,241,13
Missouri,Sainte Genevieve,2014,262,165,93,4,0,0,0,115,71,45,0,0,173,89,0
Missouri,St. Louis City,2014,365,111,247,7,0,0,0,148,75,56,0,13,58,280,14
Missouri,Stoddard,2014,106,68,38,0,0,0,0,71,63,41,0,0,0,106,0
Missouri,Taney,2014,263,229,34,0,0,0,0,79,53,37,0,0,181,82,0
Montana,Cascade,2014,330,222,106,1,1,0,0,155,61,38,0,0,0,330,0
Montana,Fergus,2014,365,337,27,1,0,0,0,135,46,37,0,0,299,66,0
Montana,Flathead,2014,365,254,109,2,0,0,0,141,64,41,0,0,159,191,15
Montana,Gallatin,2014,365,287,78,0,0,0,0,87,57,33,0,6,0,359,0
Montana,Lake,2014,117,111,6,0,0,0,0,90,26,11,0,0,0,117,0
Montana,Lewis and Clark,2014,365,268,92,5,0,0,0,150,65,42,0,0,233,132,0
Montana,Lincoln,2014,365,209,154,2,0,0,0,133,71,41,0,0,0,348,17
Montana,Missoula,2014,365,173,174,16,2,0,0,159,87,52,0,0,100,262,3
Montana,Phillips,2014,362,335,26,1,0,0,0,101,46,34,0,0,269,93,0
Montana,Powder River,2014,347,286,60,1,0,0,0,110,59,38,0,0,224,87,36
Montana,Powell,2014,118,110,7,1,0,0,0,119,43,10,0,0,0,118,0
Montana,Ravalli,2014,354,260,92,2,0,0,0,117,64,31,0,0,0,354,0
Montana,Richland,2014,365,297,67,1,0,0,0,107,57,37,0,0,171,168,26
Montana,Roosevelt,2014,109,105,4,0,0,0,0,74,36,15,0,0,0,109,0
Montana,Rosebud,2014,365,293,69,3,0,0,0,115,58,39,0,8,244,84,29
Montana,Sanders,2014,335,326,9,0,0,0,0,89,28,13,0,0,0,65,270
Montana,Sheridan,2014,114,109,5,0,0,0,0,74,42,17,0,0,0,114,0
Montana,Silver Bow,2014,362,232,129,1,0,0,0,108,66,40,0,0,0,339,23
Montana,Yellowstone,2014,324,247,77,0,0,0,0,78,57,33,0,0,0,324,0
Nebraska,Cass,2014,357,316,41,0,0,0,0,96,51,22,0,0,0,0,357
Nebraska,Dawson,2014,60,58,2,0,0,0,0,58,44,19,0,0,0,0,60
Nebraska,Douglas,2014,365,206,158,1,0,0,0,110,66,46,0,0,118,229,18
Nebraska,Garden,2014,115,111,4,0,0,0,0,64,38,18,0,0,0,115,0
Nebraska,Hall,2014,120,91,29,0,0,0,0,77,55,32,0,0,0,120,0
Nebraska,Knox,2014,342,318,24,0,0,0,0,80,48,35,0,0,342,0,0
Nebraska,Lancaster,2014,265,220,44,1,0,0,0,109,57,39,0,0,173,92,0
Nebraska,Sarpy,2014,290,187,102,1,0,0,0,106,61,43,0,0,0,290,0
Nebraska,Scotts Bluff,2014,98,87,11,0,0,0,0,82,51,24,0,0,0,98,0
Nebraska,Thomas,2014,94,92,2,0,0,0,0,52,39,18,0,0,0,94,0
Nebraska,Washington,2014,109,80,29,0,0,0,0,91,59,35,0,0,0,109,0
Nevada,Carson City,2014,365,246,115,3,1,0,0,166,71,46,0,0,200,165,0
Nevada,Churchill,2014,211,153,58,0,0,0,0,100,64,46,0,0,211,0,0
Nevada,Clark,2014,365,72,277,14,2,0,0,160,90,61,0,0,194,165,6
Nevada,Douglas,2014,364,255,105,4,0,0,0,135,66,37,0,0,0,364,0
Nevada,Elko,2014,357,327,29,1,0,0,0,123,49,32,0,0,134,13,210
Nevada,Lyon,2014,212,147,63,2,0,0,0,112,71,47,0,0,212,0,0
Nevada,Nye,2014,365,339,24,2,0,0,0,143,44,20,0,0,0,0,365
Nevada,Washoe,2014,365,143,207,7,3,0,5,935,84,54,0,4,221,111,29
Nevada,White Pine,2014,347,301,45,1,0,0,0,101,54,43,0,0,340,7,0
New Hampshire,Belknap,2014,213,201,12,0,0,0,0,90,46,32,0,0,175,38,0
New Hampshire,Cheshire,2014,365,207,157,1,0,0,0,115,67,45,0,0,123,242,0
New Hampshire,Coos,2014,365,311,54,0,0,0,0,97,54,43,0,0,357,8,0
New Hampshire,Grafton,2014,365,282,82,1,0,0,0,101,56,40,0,0,188,177,0
New Hampshire,Hillsborough,2014,365,300,64,1,0,0,0,129,55,41,0,0,262,103,0
New Hampshire,Merrimack,2014,297,259,37,1,0,0,0,101,52,33,0,0,230,67,0
New Hampshire,Rockingham,2014,365,157,204,4,0,0,0,112,64,52,0,0,81,284,0
New Jersey,Atlantic,2014,363,311,51,0,1,0,0,172,54,39,0,0,289,74,0
New Jersey,Bergen,2014,318,248,64,6,0,0,0,133,62,41,3,115,120,80,0
New Jersey,Camden,2014,365,177,185,3,0,0,0,119,69,51,0,19,122,221,3
New Jersey,Cumberland,2014,364,342,21,1,0,0,0,101,48,35,0,0,364,0,0
New Jersey,Essex,2014,365,258,102,5,0,0,0,116,63,43,0,159,131,75,0
New Jersey,Gloucester,2014,242,170,69,3,0,0,0,122,66,42,0,0,153,89,0
New Jersey,Hudson,2014,365,172,187,6,0,0,0,150,65,52,0,39,75,251,0
New Jersey,Hunterdon,2014,363,245,116,2,0,0,0,105,64,42,0,0,197,166,0
New Jersey,Mercer,2014,365,179,180,6,0,0,0,119,71,51,0,0,124,241,0
New Jersey,Middlesex,2014,362,279,79,3,1,0,0,174,64,40,0,54,242,66,0
New Jersey,Monmouth,2014,248,223,24,1,0,0,0,122,51,39,0,0,248,0,0
New Jersey,Morris,2014,360,270,89,1,0,0,0,112,66,40,0,12,261,87,0
New Jersey,Ocean,2014,351,245,102,4,0,0,0,119,60,42,0,0,145,206,0
New Jersey,Passaic,2014,283,213,70,0,0,0,0,97,64,41,0,0,203,80,0
New Jersey,Union,2014,365,141,220,4,0,0,0,141,66,54,0,26,0,339,0
New Jersey,Warren,2014,365,309,56,0,0,0,0,92,55,37,0,78,200,87,0
New Mexico,Bernalillo,2014,365,156,208,1,0,0,0,105,74,52,0,0,208,106,51
New Mexico,Catron,2014,115,114,1,0,0,0,0,66,27,14,0,0,0,115,0
New Mexico,Chaves,2014,114,90,24,0,0,0,0,78,56,29,0,0,0,114,0
New Mexico,Dona Ana,2014,365,179,166,13,4,2,1,450,82,51,0,3,202,54,106
New Mexico,Eddy,2014,363,263,96,4,0,0,0,115,64,41,0,3,294,66,0
New Mexico,Grant,2014,310,271,39,0,0,0,0,90,58,42,0,0,307,0,3
New Mexico,Lea,2014,360,250,107,3,0,0,0,113,64,44,0,4,244,111,1
New Mexico,Lincoln,2014,102,94,8,0,0,0,0,61,35,17,0,0,0,102,0
New Mexico,Los Alamos,2014,117,117,0,0,0,0,0,43,26,14,0,0,0,117,0
New Mexico,Luna,2014,364,305,55,2,1,1,0,224,54,44,0,31,289,0,44
New Mexico,Rio Arriba,2014,363,286,77,0,0,0,0,93,58,44,0,0,355,8,0
New Mexico,San Juan,2014,365,272,93,0,0,0,0,97,61,44,0,12,348,4,1
New Mexico,Sandoval,2014,335,294,41,0,0,0,0,80,51,41,0,0,330,0,5
New Mexico,Santa Fe,2014,365,305,60,0,0,0,0,87,58,43,0,0,354,11,0
New Mexico,Socorro,2014,96,94,2,0,0,0,0,62,32,19,0,0,0,96,0
New Mexico,Taos,2014,356,349,7,0,0,0,0,59,34,19,0,0,0,355,1
New Mexico,Valencia,2014,358,294,64,0,0,0,0,93,58,42,0,0,358,0,0
New York,Albany,2014,365,259,106,0,0,0,0,87,59,42,0,0,158,207,0
New York,Bronx,2014,365,179,182,4,0,0,0,133,68,51,0,31,96,238,0
New York,Chautauqua,2014,357,299,56,2,0,0,0,112,56,38,0,0,301,56,0
New York,Dutchess,2014,357,332,24,1,0,0,0,101,48,34,0,0,357,0,0
New York,Erie,2014,365,158,206,1,0,0,0,101,66,52,0,3,93,269,0
New York,Essex,2014,365,343,21,1,0,0,0,101,49,39,0,0,346,19,0
New York,Franklin,2014,347,343,4,0,0,0,0,79,42,25,0,142,205,0,0
New York,Hamilton,2014,358,347,11,0,0,0,0,84,44,33,0,0,358,0,0
New York,Herkimer,2014,357,350,7,0,0,0,0,100,44,33,0,0,357,0,0
New York,Jefferson,2014,363,352,10,1,0,0,0,119,44,32,0,0,363,0,0
New York,Kings,2014,365,246,119,0,0,0,0,88,59,40,0,0,0,365,0
New York,Monroe,2014,365,260,105,0,0,0,0,97,58,39,1,0,149,215,0
New York,Nassau,2014,359,260,99,0,0,0,0,79,58,36,0,0,0,359,0
New York,New York,2014,365,157,204,4,0,0,0,129,68,52,0,0,71,294,0
New York,Niagara,2014,194,181,13,0,0,0,0,90,49,35,0,0,194,0,0
New York,Oneida,2014,356,270,86,0,0,0,0,82,57,32,0,0,0,356,0
New York,Onondaga,2014,360,304,56,0,0,0,0,93,54,35,0,0,258,102,0
New York,Orange,2014,365,267,98,0,0,0,0,97,56,42,0,0,181,184,0
New York,Oswego,2014,362,356,6,0,0,0,0,97,42,31,0,0,362,0,0
New York,Putnam,2014,364,344,20,0,0,0,0,97,47,32,0,0,364,0,0
New York,Queens,2014,365,198,166,1,0,0,0,122,63,47,0,26,85,254,0
New York,Richmond,2014,365,197,162,5,1,0,0,187,63,48,0,0,121,244,0
New York,Rockland,2014,365,264,101,0,0,0,0,100,59,41,0,0,213,152,0
New York,Saratoga,2014,364,355,9,0,0,0,0,74,44,32,0,0,364,0,0
New York,Steuben,2014,365,318,47,0,0,0,0,77,52,35,11,0,239,115,0
New York,Suffolk,2014,365,244,120,1,0,0,0,136,62,44,0,0,218,147,0
New York,Tompkins,2014,353,334,19,0,0,0,0,80,45,35,0,0,353,0,0
New York,Wayne,2014,345,324,20,1,0,0,0,119,47,35,0,0,345,0,0
New York,Westchester,2014,365,237,124,3,1,0,0,154,61,44,0,0,174,191,0
North Carolina,Alamance,2014,365,210,155,0,0,0,0,76,58,46,0,0,0,365,0
North Carolina,Alexander,2014,214,190,24,0,0,0,0,97,51,40,0,0,214,0,0
North Carolina,Avery,2014,363,318,45,0,0,0,0,90,52,40,0,0,326,37,0
North Carolina,Buncombe,2014,364,226,138,0,0,0,0,93,60,45,0,0,83,281,0
North Carolina,Caldwell,2014,211,194,17,0,0,0,0,100,49,38,0,0,211,0,0
North Carolina,Carteret,2014,341,315,26,0,0,0,0,93,49,37,0,0,341,0,0
North Carolina,Caswell,2014,357,155,202,0,0,0,0,97,64,52,0,0,75,282,0
North Carolina,Catawba,2014,363,213,150,0,0,0,0,87,59,47,0,0,0,363,0
North Carolina,Chatham,2014,258,211,47,0,0,0,0,87,54,39,0,0,168,90,0
North Carolina,Cumberland,2014,314,170,144,0,0,0,0,97,64,49,0,0,106,208,0
North Carolina,Davidson,2014,341,131,210,0,0,0,0,83,64,53,0,0,0,341,0
North Carolina,Davie,2014,214,165,48,1,0,0,0,105,64,44,0,0,214,0,0
North Carolina,Duplin,2014,303,134,169,0,0,0,0,84,63,52,0,0,0,302,1
North Carolina,Durham,2014,365,217,148,0,0,0,0,90,59,46,0,0,83,282,0
North Carolina,Edgecombe,2014,294,191,103,0,0,0,0,84,58,43,0,0,57,237,0
North Carolina,Forsyth,2014,365,154,211,0,0,0,0,100,71,52,0,4,111,250,0
North Carolina,Franklin,2014,212,190,22,0,0,0,0,84,51,40,0,0,212,0,0
North Carolina,Gaston,2014,351,225,126,0,0,0,0,76,57,43,0,0,0,351,0
North Carolina,Graham,2014,213,173,39,1,0,0,0,101,58,41,0,0,213,0,0
North Carolina,Granville,2014,214,169,45,0,0,0,0,100,61,43,0,0,214,0,0
North Carolina,Guilford,2014,353,182,171,0,0,0,0,100,64,50,0,0,97,256,0
North Carolina,Haywood,2014,269,176,92,1,0,0,0,105,67,45,0,0,189,80,0
North Carolina,Hyde,2014,107,91,16,0,0,0,0,61,52,31,0,0,0,107,0
North Carolina,Jackson,2014,264,186,77,1,0,0,0,119,67,44,0,0,192,72,0
North Carolina,Johnston,2014,263,212,51,0,0,0,0,84,57,42,0,0,178,85,0
North Carolina,Lee,2014,365,175,189,1,0,0,0,108,63,51,0,1,125,239,0
North Carolina,Lenoir,2014,214,177,37,0,0,0,0,93,61,40,0,0,214,0,0
North Carolina,Lincoln,2014,212,181,29,2,0,0,0,108,61,42,0,0,212,0,0
North Carolina,Macon,2014,355,333,22,0,0,0,0,84,47,32,0,0,355,0,0
North Carolina,Martin,2014,359,189,170,0,0,0,0,97,62,49,0,0,124,235,0
North Carolina,McDowell,2014,349,222,126,1,0,0,0,106,58,43,0,0,0,348,1
North Carolina,Mecklenburg,2014,365,155,208,2,0,0,0,105,69,53,0,3,113,249,0
North Carolina,Mitchell,2014,120,79,41,0,0,0,0,69,57,42,0,0,0,120,0
North Carolina,Montgomery,2014,365,184,181,0,0,0,0,84,64,50,0,0,105,260,0
North Carolina,New Hanover,2014,345,225,120,0,0,0,0,93,61,43,0,0,137,208,0
North Carolina,Person,2014,214,190,24,0,0,0,0,93,51,39,0,0,214,0,0
North Carolina,Pitt,2014,256,202,54,0,0,0,0,93,58,41,0,0,177,79,0
North Carolina,Robeson,2014,120,67,53,0,0,0,0,65,59,47,0,0,0,120,0
North Carolina,Rockingham,2014,214,168,45,1,0,0,0,101,61,44,0,0,214,0,0
North Carolina,Rowan,2014,365,190,175,0,0,0,0,93,64,50,0,0,146,219,0
North Carolina,Swain,2014,359,224,135,0,0,0,0,84,62,44,0,0,138,221,0
North Carolina,Union,2014,214,166,46,2,0,0,0,115,71,44,0,0,214,0,0
North Carolina,Wake,2014,365,124,241,0,0,0,0,100,66,54,0,3,72,290,0
North Carolina,Watauga,2014,116,84,32,0,0,0,0,63,56,37,0,0,0,116,0
North Carolina,Wayne,2014,347,84,263,0,0,0,0,80,67,56,0,0,0,347,0
North Carolina,Yancey,2014,199,157,41,1,0,0,0,101,61,44,0,0,199,0,0
North Dakota,Billings,2014,365,357,8,0,0,0,0,63,45,36,0,0,334,31,0
North Dakota,Burke,2014,364,316,48,0,0,0,0,93,52,37,0,1,240,120,3
North Dakota,Burleigh,2014,365,316,48,1,0,0,0,113,52,36,0,3,241,120,1
North Dakota,Cass,2014,365,285,79,1,0,0,0,113,57,37,0,11,175,163,16
North Dakota,Dunn,2014,362,332,29,1,0,0,0,103,49,35,0,1,281,75,5
North Dakota,McKenzie,2014,352,323,27,1,0,1,0,205,49,36,0,2,303,46,1
North Dakota,Mercer,2014,363,324,38,1,0,0,0,128,51,37,0,3,239,121,0
North Dakota,Oliver,2014,365,325,39,1,0,0,0,127,51,36,0,0,275,80,10
North Dakota,Williams,2014,365,295,69,1,0,0,0,114,56,37,0,0,187,158,20
Ohio,Adams,2014,359,278,81,0,0,0,0,71,55,36,0,0,0,359,0
Ohio,Allen,2014,362,261,100,1,0,0,0,108,61,41,0,0,151,211,0
Ohio,Ashtabula,2014,213,176,35,2,0,0,0,119,64,41,0,0,213,0,0
Ohio,Athens,2014,56,36,20,0,0,0,0,70,59,38,0,0,0,56,0
Ohio,Butler,2014,359,231,123,5,0,0,0,133,71,44,0,0,261,97,1
Ohio,Clark,2014,365,175,189,1,0,0,0,105,71,51,0,0,100,265,0
Ohio,Clermont,2014,353,121,232,0,0,0,0,100,72,55,0,0,71,282,0
Ohio,Clinton,2014,212,163,47,2,0,0,0,122,64,44,0,0,212,0,0
Ohio,Columbiana,2014,61,61,0,0,0,0,0,35,29,16,0,0,0,0,61
Ohio,Cuyahoga,2014,365,148,209,7,1,0,0,181,77,54,6,16,81,230,32
Ohio,Delaware,2014,214,188,24,2,0,0,0,105,54,41,0,0,214,0,0
Ohio,Fayette,2014,346,314,30,2,0,0,0,122,50,37,0,0,346,0,0
Ohio,Franklin,2014,365,129,230,6,0,0,0,115,71,54,0,6,62,296,1
Ohio,Geauga,2014,214,176,37,1,0,0,0,122,61,41,0,0,214,0,0
Ohio,Greene,2014,362,153,207,2,0,0,0,113,68,53,0,0,82,280,0
Ohio,Hamilton,2014,365,62,292,11,0,0,0,143,80,61,0,10,50,305,0
Ohio,Jefferson,2014,361,98,258,5,0,0,0,150,74,57,0,0,78,283,0
Ohio,Knox,2014,214,179,35,0,0,0,0,97,58,41,0,0,214,0,0
Ohio,Lake,2014,365,172,187,6,0,0,0,129,70,52,5,0,78,282,0
Ohio,Lawrence,2014,365,163,201,1,0,0,0,103,64,52,0,0,57,308,0
Ohio,Licking,2014,214,192,22,0,0,0,0,100,54,41,0,0,214,0,0
Ohio,Lorain,2014,363,266,97,0,0,0,0,93,59,39,0,0,117,246,0
Ohio,Lucas,2014,362,155,202,5,0,0,0,135,71,53,0,0,58,304,0
Ohio,Madison,2014,205,169,33,3,0,0,0,108,58,43,0,0,205,0,0
Ohio,Mahoning,2014,363,154,208,1,0,0,0,114,66,52,0,0,28,335,0
Ohio,Medina,2014,261,199,61,1,0,0,0,105,61,41,0,0,182,79,0
Ohio,Miami,2014,214,181,32,1,0,0,0,105,58,41,0,0,214,0,0
Ohio,Montgomery,2014,365,159,204,2,0,0,0,112,73,53,8,0,98,259,0
Ohio,Noble,2014,355,285,69,1,0,0,0,112,61,39,0,0,293,62,0
Ohio,Portage,2014,242,192,50,0,0,0,0,87,58,37,0,0,161,81,0
Ohio,Preble,2014,365,186,176,3,0,0,0,119,67,50,0,0,124,241,0
Ohio,Scioto,2014,365,315,50,0,0,0,0,89,53,19,0,0,0,115,250
Ohio,Stark,2014,365,195,168,2,0,0,0,108,67,49,2,0,91,272,0
Ohio,Summit,2014,365,289,75,1,0,0,0,107,60,35,100,0,150,115,0
Ohio,Trumbull,2014,353,148,203,2,0,0,0,126,68,53,0,0,59,291,3
Ohio,Warren,2014,342,82,255,5,0,0,0,112,77,57,0,0,70,272,0
Ohio,Washington,2014,200,169,29,2,0,0,0,112,58,42,0,0,200,0,0
Ohio,Wood,2014,214,188,25,1,0,0,0,101,54,39,0,0,214,0,0
Oklahoma,Adair,2014,365,206,157,1,1,0,0,198,64,46,0,0,154,207,4
Oklahoma,Bryan,2014,333,293,38,2,0,0,0,126,51,39,0,0,333,0,0
Oklahoma,Caddo,2014,309,305,4,0,0,0,0,74,42,24,0,0,309,0,0
Oklahoma,Canadian,2014,345,289,56,0,0,0,0,100,61,37,0,24,321,0,0
Oklahoma,Cherokee,2014,284,259,25,0,0,0,0,77,50,38,0,0,284,0,0
Oklahoma,Cleveland,2014,365,189,174,2,0,0,0,101,70,50,0,0,143,222,0
Oklahoma,Comanche,2014,365,208,156,1,0,0,0,105,68,47,0,0,206,159,0
Oklahoma,Creek,2014,351,320,31,0,0,0,0,100,50,37,0,0,351,0,0
Oklahoma,Dewey,2014,361,211,149,1,0,0,0,105,67,46,0,0,177,184,0
Oklahoma,Ellis,2014,116,96,20,0,0,0,0,62,53,32,0,0,0,116,0
Oklahoma,Jefferson,2014,331,275,54,2,0,0,0,133,61,41,0,0,331,0,0
Oklahoma,Kay,2014,365,112,250,3,0,0,0,122,71,56,0,0,60,305,0
Oklahoma,Lincoln,2014,355,299,55,1,0,0,0,105,58,40,0,0,334,0,21
Oklahoma,Love,2014,357,222,129,6,0,0,0,136,74,46,0,0,243,114,0
Oklahoma,Mayes,2014,286,262,24,0,0,0,0,74,50,37,0,0,286,0,0
Oklahoma,McClain,2014,351,300,50,1,0,0,0,108,58,39,0,0,351,0,0
Oklahoma,Muskogee,2014,309,267,42,0,0,0,0,86,56,24,0,0,0,0,309
Oklahoma,Oklahoma,2014,365,189,171,5,0,0,0,115,74,50,0,21,181,161,2
Oklahoma,Ottawa,2014,364,185,178,1,0,0,0,118,66,50,0,0,65,279,20
Oklahoma,Pittsburg,2014,355,196,159,0,0,0,0,93,63,47,0,0,142,213,0
Oklahoma,Sequoyah,2014,353,277,76,0,0,0,0,90,59,38,0,43,192,85,33
Oklahoma,Tulsa,2014,365,161,202,2,0,0,0,112,71,52,0,1,124,239,1
Oregon,Baker,2014,365,284,81,0,0,0,0,91,60,30,0,0,0,365,0
Oregon,Benton,2014,364,318,45,1,0,0,0,115,52,21,0,0,0,364,0
Oregon,Clackamas,2014,219,189,27,2,1,0,0,153,54,34,0,0,90,129,0
Oregon,Columbia,2014,362,335,27,0,0,0,0,74,47,29,0,0,106,256,0
Oregon,Crook,2014,365,250,105,4,6,0,0,180,76,31,0,0,0,365,0
Oregon,Deschutes,2014,365,299,65,1,0,0,0,113,56,37,0,0,111,254,0
Oregon,Douglas,2014,364,301,63,0,0,0,0,78,56,27,0,0,0,364,0
Oregon,Grant,2014,359,216,141,1,1,0,0,154,67,42,0,0,0,359,0
Oregon,Harney,2014,365,231,129,3,2,0,0,164,70,37,0,0,0,365,0
Oregon,Jackson,2014,365,218,145,2,0,0,0,121,70,45,0,0,118,247,0
Oregon,Jefferson,2014,82,52,28,0,2,0,0,184,67,44,0,0,0,82,0
Oregon,Josephine,2014,365,264,99,2,0,0,0,120,62,31,0,0,0,365,0
Oregon,Klamath,2014,365,222,139,4,0,0,0,136,72,42,0,0,0,365,0
Oregon,Lake,2014,363,275,75,12,1,0,0,157,68,29,0,0,0,363,0
Oregon,Lane,2014,365,190,158,17,0,0,0,135,81,49,0,0,78,287,0
Oregon,Linn,2014,365,276,87,2,0,0,0,130,59,33,0,0,0,365,0
Oregon,Marion,2014,365,287,77,0,1,0,0,155,61,34,0,0,120,245,0
Oregon,Multnomah,2014,365,290,74,1,0,0,0,115,56,36,0,5,169,191,0
Oregon,Umatilla,2014,361,273,88,0,0,0,0,99,64,37,0,0,119,242,0
Oregon,Union,2014,363,255,102,6,0,0,0,140,75,34,0,0,0,362,1
Oregon,Wallowa,2014,365,302,60,3,0,0,0,121,57,23,0,0,0,365,0
Oregon,Wasco,2014,365,306,58,1,0,0,0,101,55,24,0,0,0,365,0
Oregon,Washington,2014,365,281,82,2,0,0,0,119,59,35,0,7,148,209,1
Pennsylvania,Adams,2014,365,222,141,2,0,0,0,102,65,45,3,7,193,162,0
Pennsylvania,Allegheny,2014,365,99,256,9,1,0,0,157,80,58,0,0,39,325,1
Pennsylvania,Armstrong,2014,364,137,225,2,0,0,0,119,69,53,0,0,94,270,0
Pennsylvania,Beaver,2014,365,150,210,5,0,0,0,119,72,53,0,2,113,250,0
Pennsylvania,Berks,2014,365,155,202,8,0,0,0,127,76,53,0,2,110,253,0
Pennsylvania,Blair,2014,365,151,212,2,0,0,0,108,68,53,0,0,86,278,1
Pennsylvania,Bradford,2014,365,365,0,0,0,0,0,50,41,30,0,1,364,0,0
Pennsylvania,Bucks,2014,365,146,211,7,1,0,0,172,76,54,1,5,103,256,0
Pennsylvania,Cambria,2014,365,151,212,2,0,0,0,108,71,53,0,6,68,290,1
Pennsylvania,Centre,2014,365,177,188,0,0,0,0,90,67,51,0,1,111,253,0
Pennsylvania,Chester,2014,363,154,205,4,0,0,0,129,74,52,0,0,119,244,0
Pennsylvania,Clearfield,2014,263,250,13,0,0,0,0,93,46,32,0,0,263,0,0
Pennsylvania,Cumberland,2014,364,141,221,2,0,0,0,128,70,54,0,0,0,364,0
Pennsylvania,Dauphin,2014,365,149,212,4,0,0,0,123,75,54,0,0,99,265,1
Pennsylvania,Delaware,2014,361,95,262,4,0,0,0,143,71,56,0,9,57,295,0
Pennsylvania,Elk,2014,364,343,20,1,0,0,0,115,48,36,0,0,364,0,0
Pennsylvania,Erie,2014,359,153,205,1,0,0,0,101,67,53,1,0,99,258,1
Pennsylvania,Franklin,2014,337,311,26,0,0,0,0,87,49,38,0,0,337,0,0
Pennsylvania,Greene,2014,362,327,33,2,0,0,0,108,50,39,0,0,362,0,0
Pennsylvania,Indiana,2014,365,335,28,2,0,0,0,115,50,38,0,0,365,0,0
Pennsylvania,Lackawanna,2014,365,184,181,0,0,0,0,100,64,50,0,0,136,229,0
Pennsylvania,Lancaster,2014,365,58,292,14,1,0,0,155,85,61,0,0,34,331,0
Pennsylvania,Lawrence,2014,365,337,26,2,0,0,0,119,49,35,0,0,335,0,30
Pennsylvania,Lebanon,2014,365,128,229,8,0,0,0,121,79,55,0,0,110,255,0
Pennsylvania,Lehigh,2014,365,334,30,1,0,0,0,112,49,35,0,0,343,0,22
Pennsylvania,Luzerne,2014,365,345,20,0,0,0,0,87,47,34,0,0,356,0,9
Pennsylvania,Lycoming,2014,365,344,21,0,0,0,0,93,47,35,0,0,364,0,1
Pennsylvania,Mercer,2014,365,114,247,4,0,0,0,115,71,55,0,0,83,282,0
Pennsylvania,Monroe,2014,364,212,152,0,0,0,0,79,62,46,0,0,150,214,0
Pennsylvania,Montgomery,2014,365,210,149,6,0,0,0,122,68,47,0,0,142,223,0
Pennsylvania,Northampton,2014,365,148,214,3,0,0,0,118,74,53,0,0,99,266,0
Pennsylvania,Perry,2014,302,284,18,0,0,0,0,80,48,38,0,4,298,0,0
Pennsylvania,Philadelphia,2014,365,50,306,8,1,0,0,151,78,59,0,0,50,315,0
Pennsylvania,Somerset,2014,362,346,16,0,0,0,0,97,47,36,0,0,362,0,0
Pennsylvania,Tioga,2014,362,326,36,0,0,0,0,74,50,38,0,18,291,53,0
Pennsylvania,Washington,2014,365,79,285,1,0,0,0,101,74,59,0,0,40,325,0
Pennsylvania,Westmoreland,2014,365,161,203,1,0,0,0,105,67,52,0,0,90,275,0
Pennsylvania,York,2014,365,155,209,1,0,0,0,108,71,52,0,4,114,247,0
Puerto Rico,Adjuntas,2014,42,36,6,0,0,0,0,61,52,24,0,0,0,42,0
Puerto Rico,Bayamon,2014,272,271,1,0,0,0,0,51,22,10,181,0,85,6,0
Puerto Rico,Catano,2014,365,346,19,0,0,0,0,71,38,17,0,0,63,0,302
Puerto Rico,Fajardo,2014,303,282,21,0,0,0,0,63,40,19,0,0,0,0,303
Puerto Rico,Guayama,2014,106,98,8,0,0,0,0,59,42,19,0,0,0,24,82
Puerto Rico,Guayanilla,2014,27,26,1,0,0,0,0,55,38,19,0,0,0,27,0
Puerto Rico,Guaynabo,2014,329,295,33,0,0,1,0,253,51,25,35,0,0,40,254
Puerto Rico,Humacao,2014,51,49,2,0,0,0,0,58,44,21,0,0,0,51,0
Puerto Rico,Juncos,2014,344,344,0,0,0,0,0,38,27,20,0,0,344,0,0
Puerto Rico,Mayagnez,2014,9,8,1,0,0,0,0,53,53,23,0,0,0,9,0
Puerto Rico,Ponce,2014,350,314,36,0,0,0,0,68,51,20,55,0,0,38,257
Puerto Rico,San Juan,2014,358,358,0,0,0,0,0,31,23,17,358,0,0,0,0
Rhode Island,Kent,2014,365,325,40,0,0,0,0,97,51,37,0,2,229,134,0
Rhode Island,Providence,2014,365,202,161,2,0,0,0,121,62,47,0,12,114,238,1
Rhode Island,Washington,2014,363,328,34,1,0,0,0,101,50,37,0,0,234,129,0
South Carolina,Abbeville,2014,188,179,9,0,0,0,0,74,47,35,0,0,188,0,0
South Carolina,Aiken,2014,213,188,25,0,0,0,0,87,54,40,0,0,213,0,0
South Carolina,Anderson,2014,218,199,19,0,0,0,0,74,50,38,0,0,218,0,0
South Carolina,Berkeley,2014,212,199,13,0,0,0,0,87,46,34,0,0,212,0,0
South Carolina,Charleston,2014,365,193,172,0,0,0,0,80,61,48,0,0,42,323,0
South Carolina,Cherokee,2014,223,179,43,1,0,0,0,105,61,42,0,0,223,0,0
South Carolina,Chesterfield,2014,351,147,204,0,0,0,0,80,63,52,0,0,52,299,0
South Carolina,Colleton,2014,336,233,102,0,1,0,0,152,57,42,0,0,113,223,0
South Carolina,Darlington,2014,230,196,34,0,0,0,0,97,61,41,0,0,230,0,0
South Carolina,Edgefield,2014,276,192,84,0,0,0,0,71,57,41,0,0,120,156,0
South Carolina,Florence,2014,220,81,139,0,0,0,0,85,63,54,0,0,0,220,0
South Carolina,Georgetown,2014,343,341,2,0,0,0,0,53,30,17,0,0,0,0,343
South Carolina,Greenville,2014,365,192,173,0,0,0,0,98,64,49,0,27,85,252,1
South Carolina,Lexington,2014,364,184,180,0,0,0,0,74,61,50,0,0,0,314,50
South Carolina,Oconee,2014,265,188,77,0,0,0,0,90,60,41,0,0,165,100,0
South Carolina,Pickens,2014,240,216,24,0,0,0,0,90,51,40,0,0,240,0,0
South Carolina,Richland,2014,365,149,216,0,0,0,0,93,64,52,2,0,90,264,9
South Carolina,Spartanburg,2014,364,180,183,1,0,0,0,116,63,51,0,0,63,301,0
South Carolina,York,2014,277,270,7,0,0,0,0,100,44,33,0,0,277,0,0
South Dakota,Brookings,2014,362,308,53,1,0,0,0,108,54,36,0,0,268,69,25
South Dakota,Brown,2014,119,103,16,0,0,0,0,85,53,29,0,0,0,117,2
South Dakota,Codington,2014,365,327,38,0,0,0,0,87,51,23,0,0,0,198,167
South Dakota,Custer,2014,365,359,6,0,0,0,0,100,47,39,0,0,350,15,0
South Dakota,Jackson,2014,358,325,33,0,0,0,0,87,50,40,0,0,307,51,0
South Dakota,Meade,2014,364,356,8,0,0,0,0,61,44,36,0,0,362,0,2
South Dakota,Minnehaha,2014,363,253,108,2,0,0,0,105,64,43,1,0,182,172,8
South Dakota,Pennington,2014,365,258,107,0,0,0,0,89,59,38,0,17,0,176,172
South Dakota,Union,2014,365,244,121,0,0,0,0,100,61,43,0,0,114,245,6
Tennessee,Anderson,2014,233,210,23,0,0,0,0,87,50,38,0,0,233,0,0
Tennessee,Blount,2014,364,259,105,0,0,0,0,97,61,42,0,0,299,65,0
Tennessee,Claiborne,2014,358,328,30,0,0,0,0,90,50,35,0,0,358,0,0
Tennessee,Davidson,2014,365,128,233,4,0,0,0,108,71,54,0,7,60,298,0
Tennessee,DeKalb,2014,359,340,19,0,0,0,0,84,48,35,0,0,359,0,0
Tennessee,Dyer,2014,109,62,47,0,0,0,0,82,64,46,0,0,0,109,0
Tennessee,Hamilton,2014,287,193,93,1,0,0,0,105,65,44,0,0,191,96,0
Tennessee,Jefferson,2014,245,190,55,0,0,0,0,93,64,44,0,0,245,0,0
Tennessee,Knox,2014,362,144,218,0,0,0,0,84,65,53,0,0,57,305,0
Tennessee,Lawrence,2014,113,73,40,0,0,0,0,77,60,42,0,0,0,113,0
Tennessee,Loudon,2014,278,184,92,2,0,0,0,101,62,44,0,0,191,87,0
Tennessee,Madison,2014,113,67,46,0,0,0,0,81,59,46,0,0,0,113,0
Tennessee,Maury,2014,105,66,39,0,0,0,0,74,62,43,0,0,0,105,0
Tennessee,McMinn,2014,273,204,69,0,0,0,0,84,58,42,0,0,185,88,0
Tennessee,Montgomery,2014,344,202,142,0,0,0,0,85,62,47,0,18,0,321,5
Tennessee,Putnam,2014,109,63,46,0,0,0,0,85,62,46,0,0,0,109,0
Tennessee,Roane,2014,281,92,189,0,0,0,0,85,63,53,0,0,0,280,1
Tennessee,Sevier,2014,358,282,76,0,0,0,0,97,67,44,0,0,358,0,0
Tennessee,Shelby,2014,365,147,215,3,0,0,0,136,70,52,0,4,81,280,0
Tennessee,Sullivan,2014,365,283,82,0,0,0,0,90,59,39,5,87,197,76,0
Tennessee,Sumner,2014,280,196,83,1,0,0,0,122,67,43,0,0,195,85,0
Tennessee,Union,2014,365,355,10,0,0,0,0,74,37,19,0,0,0,0,365
Tennessee,Williamson,2014,234,210,23,1,0,0,0,105,51,38,0,0,234,0,0
Tennessee,Wilson,2014,238,214,24,0,0,0,0,87,51,39,0,0,238,0,0
Texas,Bell,2014,364,305,57,2,0,0,0,112,64,39,0,0,364,0,0
Texas,Bexar,2014,365,129,230,6,0,0,0,136,77,54,0,4,124,236,1
Texas,Bowie,2014,117,56,61,0,0,0,0,75,63,52,0,0,0,117,0
Texas,Brazoria,2014,365,330,31,3,1,0,0,174,50,32,0,5,360,0,0
Texas,Brewster,2014,362,291,71,0,0,0,0,84,56,42,0,0,262,100,0
Texas,Cameron,2014,365,173,192,0,0,0,0,99,69,51,0,0,74,291,0
Texas,Collin,2014,361,299,57,5,0,0,0,143,61,37,0,0,361,0,0
Texas,Culberson,2014,107,93,14,0,0,0,0,72,53,26,0,0,0,107,0
Texas,Dallas,2014,365,145,216,4,0,0,0,106,74,54,0,18,96,248,3
Texas,Denton,2014,365,198,154,12,1,0,0,156,80,48,0,2,199,164,0
Texas,Ector,2014,365,233,132,0,0,0,0,88,61,43,0,0,0,365,0
Texas,El Paso,2014,365,110,246,8,1,0,0,160,80,55,0,12,102,247,4
Texas,Ellis,2014,365,193,172,0,0,0,0,97,64,48,0,1,111,253,0
Texas,Fayette,2014,352,239,113,0,0,0,0,90,58,39,0,0,0,352,0
Texas,Galveston,2014,365,247,114,4,0,0,0,119,62,43,0,1,202,161,1
Texas,Gregg,2014,365,341,22,2,0,0,0,115,49,33,0,6,359,0,0
Texas,Harris,2014,365,68,289,7,1,0,0,151,79,58,0,9,61,282,13
Texas,Harrison,2014,365,238,126,1,0,0,0,101,61,45,0,0,131,234,0
Texas,Hidalgo,2014,365,203,162,0,0,0,0,89,67,47,0,0,60,304,1
Texas,Hood,2014,364,314,46,2,2,0,0,164,61,36,0,0,364,0,0
Texas,Hunt,2014,362,338,24,0,0,0,0,80,49,35,0,7,355,0,0
Texas,Jefferson,2014,365,180,182,3,0,0,0,133,67,51,0,0,112,253,0
Texas,Johnson,2014,361,307,50,4,0,0,0,129,61,36,0,0,361,0,0
Texas,Kaufman,2014,362,235,127,0,0,0,0,84,61,44,0,2,169,191,0
Texas,Kleberg,2014,343,213,130,0,0,0,0,99,63,43,0,0,0,343,0
Texas,Lubbock,2014,265,189,76,0,0,0,0,100,58,38,0,0,0,265,0
Texas,Maverick,2014,337,177,160,0,0,0,0,81,64,48,0,0,0,337,0
Texas,McLennan,2014,365,236,128,1,0,0,0,105,64,44,2,3,169,191,0
Texas,Montgomery,2014,365,186,175,4,0,0,0,133,67,49,0,1,140,224,0
Texas,Navarro,2014,364,215,149,0,0,0,0,93,62,47,0,3,140,221,0
Texas,Nueces,2014,365,207,157,1,0,0,0,105,67,48,0,0,111,253,1
Texas,Orange,2014,365,232,130,3,0,0,0,129,61,43,0,2,137,226,0
Texas,Parker,2014,354,298,49,7,0,0,0,126,61,37,0,0,354,0,0
Texas,Polk,2014,330,316,12,2,0,0,0,112,45,32,0,0,330,0,0
Texas,Potter,2014,361,300,60,1,0,0,0,120,54,31,0,0,0,361,0
Texas,Randall,2014,354,291,63,0,0,0,0,93,58,41,0,0,354,0,0
Texas,Rockwall,2014,360,314,45,1,0,0,0,105,54,36,0,0,360,0,0
Texas,Smith,2014,365,329,36,0,0,0,0,100,50,34,0,3,362,0,0
Texas,Tarrant,2014,365,179,171,14,1,0,0,156,76,51,0,12,138,214,1
Texas,Travis,2014,365,176,189,0,0,0,0,97,69,51,0,6,117,241,1
Texas,Victoria,2014,358,340,18,0,0,0,0,93,45,30,0,0,358,0,0
Texas,Webb,2014,365,165,200,0,0,0,0,84,66,52,3,0,66,295,1
Texas,Wichita,2014,49,47,2,0,0,0,0,59,41,26,0,0,0,49,0
Utah,Box Elder,2014,365,256,103,5,1,0,0,156,67,45,0,0,302,63,0
Utah,Cache,2014,365,251,101,13,0,0,0,141,61,45,0,16,187,162,0
Utah,Carbon,2014,365,281,84,0,0,0,0,87,61,44,0,49,316,0,0
Utah,Daggett,2014,147,120,27,0,0,0,0,77,58,44,0,0,147,0,0
Utah,Davis,2014,365,265,89,11,0,0,0,130,67,44,0,63,274,26,2
Utah,Duchesne,2014,365,268,95,2,0,0,0,119,61,46,0,0,299,66,0
Utah,Garfield,2014,364,342,22,0,0,0,0,80,49,42,0,0,362,2,0
Utah,Salt Lake,2014,365,201,142,20,2,0,0,155,81,49,0,40,234,89,2
Utah,San Juan,2014,355,278,77,0,0,0,0,100,61,44,0,0,351,4,0
Utah,Tooele,2014,365,289,75,1,0,0,0,105,61,39,0,0,136,229,0
Utah,Uintah,2014,365,229,128,6,2,0,0,164,71,48,0,2,336,27,0
Utah,Utah,2014,365,216,137,12,0,0,0,140,80,46,0,42,218,99,6
Utah,Washington,2014,365,284,80,1,0,0,0,101,61,44,0,0,344,21,0
Utah,Wayne,2014,116,116,0,0,0,0,0,39,24,11,0,0,0,116,0
Utah,Weber,2014,365,172,184,7,2,0,0,180,80,52,1,9,150,201,4
Vermont,Bennington,2014,362,288,74,0,0,0,0,90,56,38,0,0,210,152,0
Vermont,Chittenden,2014,365,288,77,0,0,0,0,85,58,41,0,0,195,170,0
Vermont,Rutland,2014,365,221,141,3,0,0,0,114,69,39,1,33,0,331,0
Vermont,Windham,2014,120,113,7,0,0,0,0,57,46,17,0,0,0,120,0
Virgin Islands,St Croix,2014,47,23,24,0,0,0,0,93,68,52,0,0,0,21,26
Virgin Islands,St John,2014,110,87,23,0,0,0,0,80,56,29,0,0,0,110,0
Virginia,Albemarle,2014,364,254,110,0,0,0,0,77,57,42,0,0,86,278,0
Virginia,Alexandria City,2014,365,360,5,0,0,0,0,70,36,19,74,256,0,0,35
Virginia,Arlington,2014,365,290,70,4,1,0,0,154,60,41,2,112,172,79,0
Virginia,Bristol City,2014,119,67,52,0,0,0,0,71,59,47,0,0,0,119,0
Virginia,Caroline,2014,184,163,21,0,0,0,0,84,51,42,0,0,184,0,0
Virginia,Carroll,2014,58,58,0,0,0,0,0,18,16,9,0,0,0,0,58
Virginia,Charles,2014,349,296,51,2,0,0,0,122,54,37,0,107,168,74,0
Virginia,Chesterfield,2014,241,187,54,0,0,0,0,90,59,41,0,0,149,92,0
Virginia,Fairfax,2014,363,219,143,1,0,0,0,105,61,46,0,0,114,249,0
Virginia,Fauquier,2014,211,201,10,0,0,0,0,71,46,36,0,0,211,0,0
Virginia,Frederick,2014,362,222,140,0,0,0,0,93,62,45,0,0,94,268,0
Virginia,Fredericksburg City,2014,58,58,0,0,0,0,0,24,17,11,0,0,0,0,58
Virginia,Giles,2014,354,323,31,0,0,0,0,90,50,39,0,0,354,0,0
Virginia,Hampton City,2014,364,268,96,0,0,0,0,97,58,41,1,7,157,199,0
Virginia,Hanover,2014,200,175,25,0,0,0,0,93,54,42,0,0,200,0,0
Virginia,Henrico,2014,365,211,154,0,0,0,0,84,61,47,0,5,93,267,0
Virginia,Hopewell City,2014,59,59,0,0,0,0,0,27,18,10,0,0,0,0,59
Virginia,King William,2014,57,57,0,0,0,0,0,27,19,10,0,0,0,0,57
Virginia,Loudoun,2014,355,285,69,1,0,0,0,105,58,40,0,98,185,72,0
Virginia,Lynchburg City,2014,115,83,32,0,0,0,0,67,58,39,0,0,0,115,0
Virginia,Madison,2014,360,291,69,0,0,0,0,80,54,43,0,0,293,67,0
Virginia,Norfolk City,2014,365,318,47,0,0,0,0,69,52,22,9,239,0,116,1
Virginia,Page,2014,265,208,57,0,0,0,0,80,57,42,0,0,186,79,0
Virginia,Prince Edward,2014,336,316,20,0,0,0,0,87,48,35,0,0,336,0,0
Virginia,Prince William,2014,363,332,30,1,0,0,0,119,49,30,0,150,213,0,0
Virginia,Richmond City,2014,365,364,1,0,0,0,0,51,34,20,103,262,0,0,0
Virginia,Roanoke,2014,365,231,133,1,0,0,0,108,60,45,1,4,92,268,0
Virginia,Rockbridge,2014,262,219,43,0,0,0,0,74,54,37,0,0,175,87,0
Virginia,Rockingham,2014,361,300,61,0,0,0,0,88,54,37,0,105,174,82,0
Virginia,Salem City,2014,120,70,50,0,0,0,0,67,59,43,0,0,0,120,0
Virginia,Stafford,2014,214,190,23,1,0,0,0,108,54,41,0,0,214,0,0
Virginia,Suffolk City,2014,214,183,31,0,0,0,0,84,54,40,0,0,214,0,0
Virginia,Virginia Beach City,2014,362,241,121,0,0,0,0,89,60,39,0,0,0,362,0
Virginia,Winchester City,2014,61,61,0,0,0,0,0,18,14,8,0,0,0,0,61
Virginia,Wythe,2014,213,193,20,0,0,0,0,87,50,40,0,0,213,0,0
Washington,Adams,2014,346,317,29,0,0,0,0,76,44,21,0,0,0,346,0
Washington,Asotin,2014,290,221,66,3,0,0,0,128,61,33,0,0,0,290,0
Washington,Benton,2014,348,295,52,1,0,0,0,131,54,26,0,0,0,244,104
Washington,Chelan,2014,362,234,120,6,2,0,0,154,68,33,0,0,0,362,0
Washington,Clallam,2014,365,279,85,1,0,0,0,101,58,40,0,0,161,204,0
Washington,Clark,2014,365,266,94,5,0,0,0,133,63,37,0,0,97,268,0
Washington,Columbia,2014,347,315,32,0,0,0,0,75,49,22,0,0,0,347,0
Washington,Cowlitz,2014,323,274,49,0,0,0,0,86,53,28,0,0,0,323,0
Washington,Franklin,2014,311,272,39,0,0,0,0,83,52,25,0,0,0,311,0
Washington,Grant,2014,365,303,61,1,0,0,0,118,55,27,0,0,0,365,0
Washington,Grays Harbor,2014,365,319,46,0,0,0,0,71,52,27,0,0,0,365,0
Washington,Jefferson,2014,342,302,40,0,0,0,0,68,52,27,0,0,0,342,0
Washington,King,2014,365,188,174,3,0,0,0,150,70,49,0,39,63,263,0
Washington,Kitsap,2014,362,336,26,0,0,0,0,73,45,22,0,0,0,362,0
Washington,Kittitas,2014,323,272,50,0,1,0,0,170,57,21,0,0,0,323,0
Washington,Klickitat,2014,118,113,5,0,0,0,0,76,41,21,0,0,0,118,0
Washington,Lewis,2014,365,312,53,0,0,0,0,78,54,31,0,0,0,365,0
Washington,Mason,2014,365,319,46,0,0,0,0,80,53,27,0,0,0,365,0
Washington,Okanogan,2014,356,197,150,7,2,0,0,155,78,44,0,0,0,356,0
Washington,Pierce,2014,365,251,112,2,0,0,0,114,67,42,0,0,144,221,0
Washington,Skagit,2014,365,319,46,0,0,0,0,77,52,36,0,0,173,192,0
Washington,Snohomish,2014,365,241,120,4,0,0,0,133,71,39,0,0,0,365,0
Washington,Spokane,2014,365,230,133,2,0,0,0,105,64,42,4,0,60,273,28
Washington,Stevens,2014,365,223,138,3,1,0,0,155,67,39,0,0,0,325,40
Washington,Thurston,2014,363,294,69,0,0,0,0,95,60,32,0,0,111,252,0
Washington,Walla Walla,2014,319,288,31,0,0,0,0,71,50,22,0,0,0,319,0
Washington,Whatcom,2014,339,236,103,0,0,0,0,81,57,38,0,0,41,298,0
Washington,Whitman,2014,363,320,43,0,0,0,0,95,52,26,0,0,0,363,0
Washington,Yakima,2014,365,227,129,7,2,0,0,158,70,39,0,0,0,364,1
West Virginia,Berkeley,2014,250,178,72,0,0,0,0,91,61,44,0,0,166,84,0
West Virginia,Brooke,2014,365,293,72,0,0,0,0,93,59,17,24,0,0,123,218
West Virginia,Cabell,2014,264,196,67,1,0,0,0,101,61,42,0,0,168,96,0
West Virginia,Gilmer,2014,358,348,10,0,0,0,0,93,44,31,0,0,358,0,0
West Virginia,Greenbrier,2014,211,185,26,0,0,0,0,93,54,41,0,0,211,0,0
West Virginia,Hancock,2014,365,288,76,1,0,0,0,112,63,36,12,0,166,94,93
West Virginia,Harrison,2014,120,68,52,0,0,0,0,76,59,44,0,0,0,120,0
West Virginia,Kanawha,2014,364,273,91,0,0,0,0,100,61,38,0,0,161,102,101
West Virginia,Marion,2014,119,59,60,0,0,0,0,71,62,51,0,0,0,119,0
West Virginia,Marshall,2014,362,137,225,0,0,0,0,84,69,54,0,0,0,362,0
West Virginia,Monongalia,2014,261,201,60,0,0,0,0,90,58,41,0,0,169,92,0
West Virginia,Ohio,2014,258,176,81,1,0,0,0,120,64,44,0,0,165,93,0
West Virginia,Raleigh,2014,8,8,0,0,0,0,0,32,32,24,0,0,0,8,0
West Virginia,Tucker,2014,361,325,36,0,0,0,0,90,50,36,0,0,328,33,0
West Virginia,Wood,2014,255,181,74,0,0,0,0,100,61,43,0,0,162,93,0
Wisconsin,Ashland,2014,354,340,14,0,0,0,0,84,44,32,0,0,330,24,0
Wisconsin,Brown,2014,365,217,146,2,0,0,0,119,67,44,0,0,109,256,0
Wisconsin,Columbia,2014,203,176,25,2,0,0,0,112,54,40,0,0,203,0,0
Wisconsin,Dane,2014,365,199,164,2,0,0,0,112,66,47,0,0,106,259,0
Wisconsin,Dodge,2014,365,236,124,5,0,0,0,108,64,43,0,0,190,174,1
Wisconsin,Door,2014,189,163,24,2,0,0,0,133,67,37,0,0,189,0,0
Wisconsin,Eau Claire,2014,354,279,75,0,0,0,0,94,58,37,0,0,183,171,0
Wisconsin,Fond du Lac,2014,194,165,27,2,0,0,0,105,58,40,0,0,194,0,0
Wisconsin,Forest,2014,364,314,50,0,0,0,0,87,53,36,0,4,256,104,0
Wisconsin,Grant,2014,361,234,126,1,0,0,0,109,62,40,0,0,0,361,0
Wisconsin,Jefferson,2014,195,161,30,4,0,0,0,126,64,42,0,0,195,0,0
Wisconsin,Kenosha,2014,363,177,176,10,0,0,0,136,75,51,0,0,151,212,0
Wisconsin,Kewaunee,2014,202,176,25,1,0,0,0,129,54,39,0,0,202,0,0
Wisconsin,La Crosse,2014,358,266,92,0,0,0,0,98,60,40,0,0,161,197,0
Wisconsin,Manitowoc,2014,201,180,20,1,0,0,0,119,51,38,0,0,201,0,0
Wisconsin,Marathon,2014,194,179,14,1,0,0,0,101,49,38,0,0,194,0,0
Wisconsin,Milwaukee,2014,365,166,194,5,0,0,0,129,73,52,0,4,97,264,0
Wisconsin,Outagamie,2014,365,196,166,3,0,0,0,111,67,48,0,0,102,263,0
Wisconsin,Ozaukee,2014,358,258,94,6,0,0,0,119,66,41,0,0,175,183,0
Wisconsin,Rock,2014,195,162,28,5,0,0,0,119,61,40,0,0,195,0,0
Wisconsin,Sauk,2014,365,258,104,3,0,0,0,115,59,40,0,0,139,225,1
Wisconsin,Sheboygan,2014,201,161,35,5,0,0,0,129,71,41,0,0,201,0,0
Wisconsin,Taylor,2014,365,285,80,0,0,0,0,93,57,38,0,0,236,129,0
Wisconsin,Vilas,2014,208,186,21,1,0,0,0,112,51,35,0,0,179,29,0
Wisconsin,Walworth,2014,193,159,30,4,0,0,0,140,61,40,0,0,193,0,0
Wisconsin,Waukesha,2014,356,188,165,3,0,0,0,112,69,49,0,0,83,273,0
Wyoming,Albany,2014,365,280,85,0,0,0,0,93,64,46,0,0,318,10,37
Wyoming,Big Horn,2014,352,306,46,0,0,0,0,74,53,41,0,0,285,64,3
Wyoming,Campbell,2014,365,253,111,1,0,0,0,109,59,44,0,58,137,61,109
Wyoming,Carbon,2014,365,327,38,0,0,0,0,80,51,42,0,4,349,7,5
Wyoming,Converse,2014,365,308,57,0,0,0,0,87,54,42,0,4,300,8,53
Wyoming,Fremont,2014,365,294,70,1,0,0,0,105,57,45,0,0,332,33,0
Wyoming,Goshen,2014,139,127,12,0,0,0,0,70,47,27,0,0,0,139,0
Wyoming,Johnson,2014,114,111,3,0,0,0,0,68,26,8,0,0,0,114,0
Wyoming,Laramie,2014,365,284,81,0,0,0,0,97,61,44,1,8,296,59,1
Wyoming,Lincoln,2014,365,358,7,0,0,0,0,69,31,14,0,0,0,0,365
Wyoming,Natrona,2014,365,327,38,0,0,0,0,77,51,41,0,13,339,13,0
Wyoming,Park,2014,122,113,9,0,0,0,0,59,43,16,0,0,0,112,10
Wyoming,Platte,2014,60,58,2,0,0,0,0,88,35,17,0,0,0,0,60
Wyoming,Sheridan,2014,365,336,29,0,0,0,0,84,48,38,0,0,287,43,35
Wyoming,Sublette,2014,365,272,93,0,0,0,0,100,61,46,0,0,327,38,0
Wyoming,Sweetwater,2014,365,247,110,6,2,0,0,197,71,46,0,0,302,4,59
Wyoming,Teton,2014,365,317,48,0,0,0,0,97,51,42,0,0,354,11,0
Wyoming,Uinta,2014,365,331,34,0,0,0,0,77,50,42,0,2,359,0,4
Wyoming,Weston,2014,356,322,34,0,0,0,0,77,50,41,0,0,356,0,0
Alabama,Baldwin,2015,264,205,58,1,0,0,0,129,57,39,0,0,169,95,0
Alabama,Clay,2015,112,73,39,0,0,0,0,92,56,43,0,0,0,112,0
Alabama,Colbert,2015,280,221,59,0,0,0,0,76,56,39,0,0,179,101,0
Alabama,DeKalb,2015,363,294,68,1,0,0,0,101,55,38,0,0,284,79,0
Alabama,Elmore,2015,233,223,9,1,0,0,0,115,47,35,0,0,233,0,0
Alabama,Etowah,2015,365,132,226,4,3,0,0,176,68,54,0,0,84,281,0
Alabama,Houston,2015,283,241,42,0,0,0,0,74,54,36,0,0,188,95,0
Alabama,Jefferson,2015,365,106,254,5,0,0,0,147,73,55,0,2,44,317,2
Alabama,Lawrence,2015,114,92,22,0,0,0,0,74,55,36,0,0,0,114,0
Alabama,Madison,2015,333,265,68,0,0,0,0,87,58,39,0,0,195,85,53
Alabama,Mobile,2015,363,192,170,1,0,0,0,105,61,48,0,0,64,299,0
Alabama,Montgomery,2015,359,135,223,1,0,0,0,115,65,53,0,0,65,294,0
Alabama,Morgan,2015,365,241,124,0,0,0,0,93,61,44,0,0,101,264,0
Alabama,Russell,2015,337,110,225,2,0,0,0,141,69,54,0,0,41,296,0
Alabama,Shelby,2015,257,207,48,2,0,0,0,115,61,40,0,0,217,40,0
Alabama,Sumter,2015,314,169,144,1,0,0,0,107,62,48,0,0,96,218,0
Alabama,Talladega,2015,107,47,60,0,0,0,0,84,62,52,0,0,0,107,0
Alabama,Tuscaloosa,2015,357,94,263,0,0,0,0,91,67,56,0,0,20,337,0
Alaska,Aleutians East ,2015,117,117,0,0,0,0,0,44,28,13,0,0,0,117,0
Alaska,Anchorage ,2015,361,261,100,0,0,0,0,79,60,34,2,0,0,304,55
Alaska,Denali ,2015,363,355,8,0,0,0,0,90,44,35,0,0,355,8,0
Alaska,Fairbanks North Star ,2015,365,124,178,20,37,6,0,263,154,59,0,0,63,298,4
Alaska,Juneau ,2015,351,262,89,0,0,0,0,92,61,28,0,0,0,349,2
Alaska,Kenai Peninsula ,2015,40,40,0,0,0,0,0,22,14,7,0,0,0,40,0
Alaska,Matanuska-Susitna ,2015,365,269,85,10,1,0,0,155,78,31,0,0,168,174,23
Alaska,Yukon-Koyukuk ,2015,83,80,3,0,0,0,0,96,20,6,0,0,0,83,0
Arizona,Apache,2015,361,361,0,0,0,0,0,46,21,11,0,0,0,74,287
Arizona,Cochise,2015,365,272,93,0,0,0,0,90,64,44,0,0,303,45,17
Arizona,Coconino,2015,365,258,103,4,0,0,0,108,74,44,0,0,357,8,0
Arizona,Gila,2015,365,258,102,5,0,0,0,129,74,43,0,0,268,8,89
Arizona,La Paz,2015,360,273,84,3,0,0,0,108,67,42,0,14,292,19,35
Arizona,Maricopa,2015,365,62,267,36,0,0,0,147,100,66,0,12,203,125,25
Arizona,Mohave,2015,364,350,14,0,0,0,0,62,34,17,0,0,0,74,290
Arizona,Navajo,2015,365,316,49,0,0,0,0,100,54,39,0,0,319,13,33
Arizona,Pima,2015,365,236,128,1,0,0,0,101,71,46,0,1,259,45,60
Arizona,Pinal,2015,365,86,233,33,3,0,10,924,108,63,0,0,129,57,179
Arizona,Santa Cruz,2015,365,261,101,3,0,0,0,135,65,38,0,0,0,341,24
Arizona,Yavapai,2015,300,235,65,0,0,0,0,100,64,41,0,0,274,26,0
Arizona,Yuma,2015,365,252,99,13,0,1,0,266,77,44,0,0,194,56,115
Arkansas,Arkansas,2015,116,65,51,0,0,0,0,74,63,46,0,0,0,116,0
Arkansas,Ashley,2015,116,78,38,0,0,0,0,76,61,42,0,0,0,116,0
Arkansas,Clark,2015,320,305,15,0,0,0,0,87,45,33,0,0,320,0,0
Arkansas,Crittenden,2015,365,283,81,1,0,0,0,101,61,37,0,22,265,78,0
Arkansas,Garland,2015,120,77,43,0,0,0,0,75,61,46,0,0,0,120,0
Arkansas,Jackson,2015,119,77,42,0,0,0,0,68,61,42,0,0,0,119,0
Arkansas,Newton,2015,365,329,36,0,0,0,0,90,50,35,0,0,325,40,0
Arkansas,Polk,2015,361,286,74,1,0,0,0,101,58,39,0,0,288,73,0
Arkansas,Pulaski,2015,365,151,214,0,0,0,0,100,69,53,0,3,84,278,0
Arkansas,Union,2015,119,73,46,0,0,0,0,77,60,43,0,0,0,119,0
Arkansas,Washington,2015,365,313,52,0,0,0,0,90,54,38,0,0,299,66,0
California,Alameda,2015,365,146,207,12,0,0,0,147,79,54,0,6,117,242,0
California,Alpine,2015,31,1,14,13,3,0,0,177,149,102,0,0,0,31,0
California,Amador,2015,364,283,73,8,0,0,0,140,67,41,0,0,364,0,0
California,Butte,2015,365,138,214,12,1,0,0,153,84,55,0,0,198,166,1
California,Calaveras,2015,365,216,127,18,1,1,2,390,90,47,0,0,250,115,0
California,Colusa,2015,365,141,218,4,1,1,0,208,73,53,0,0,89,274,2
California,Contra Costa,2015,365,193,164,8,0,0,0,147,70,48,0,0,138,227,0
California,Del Norte,2015,114,101,13,0,0,0,0,72,51,20,0,0,0,114,0
California,El Dorado,2015,365,238,103,22,2,0,0,166,93,44,0,0,347,8,10
California,Fresno,2015,365,38,225,78,23,1,0,205,136,80,0,0,203,158,4
California,Glenn,2015,365,221,144,0,0,0,0,93,68,46,0,0,206,148,11
California,Humboldt,2015,365,241,124,0,0,0,0,91,59,40,0,0,145,216,4
California,Imperial,2015,365,49,274,39,3,0,0,184,105,66,0,1,113,178,73
California,Inyo,2015,365,191,153,12,6,0,3,1482,90,49,0,0,265,55,45
California,Kern,2015,365,23,220,93,28,1,0,201,146,84,0,0,208,154,3
California,Kings,2015,365,72,223,60,10,0,0,182,119,74,0,0,179,153,33
California,Lake,2015,363,351,11,1,0,0,0,148,47,36,0,0,359,4,0
California,Los Angeles,2015,365,3,230,95,36,1,0,203,151,80,0,16,167,180,2
California,Madera,2015,365,78,240,43,4,0,0,156,105,64,0,0,193,158,14
California,Marin,2015,365,226,137,2,0,0,0,103,64,43,1,12,128,224,0
California,Mariposa,2015,365,220,134,6,4,1,0,240,84,47,0,0,289,67,9
California,Mendocino,2015,365,213,148,2,2,0,0,164,61,46,0,0,64,301,0
California,Merced,2015,365,107,213,41,4,0,0,159,105,61,0,0,188,177,0
California,Mono,2015,365,318,28,2,4,1,12,4384,54,15,0,0,0,47,318
California,Monterey,2015,365,285,79,1,0,0,0,120,54,41,0,1,169,183,12
California,Napa,2015,365,158,206,1,0,0,0,108,72,53,1,1,104,257,2
California,Nevada,2015,364,213,120,29,2,0,0,166,93,48,0,0,350,14,0
California,Orange,2015,365,57,287,19,2,0,0,156,87,61,0,18,79,267,1
California,Placer,2015,365,179,177,8,1,0,0,189,77,51,0,5,146,214,0
California,Plumas,2015,132,52,66,10,4,0,0,159,102,56,0,0,0,132,0
California,Riverside,2015,365,19,206,106,32,2,0,238,150,88,0,0,178,131,56
California,Sacramento,2015,365,101,237,24,3,0,0,172,93,58,0,1,146,218,0
California,San Benito,2015,365,303,62,0,0,0,0,93,58,40,0,0,314,50,1
California,San Bernardino,2015,365,14,221,88,37,5,0,223,154,84,0,18,190,151,6
California,San Diego,2015,365,46,278,40,1,0,0,156,102,65,0,1,160,202,2
California,San Francisco,2015,365,246,119,0,0,0,0,100,61,39,0,41,134,190,0
California,San Joaquin,2015,365,83,246,32,4,0,0,164,100,60,0,0,122,239,4
California,San Luis Obispo,2015,365,95,265,5,0,0,0,126,80,58,0,0,129,229,7
California,San Mateo,2015,365,297,67,1,0,0,0,101,56,35,1,22,198,144,0
California,Santa Barbara,2015,365,168,196,1,0,0,0,101,69,51,0,3,160,200,2
California,Santa Clara,2015,365,179,179,7,0,0,0,147,71,51,0,6,120,239,0
California,Santa Cruz,2015,365,282,83,0,0,0,0,95,59,38,0,0,187,178,0
California,Shasta,2015,365,252,100,12,1,0,0,157,84,44,0,0,351,14,0
California,Siskiyou,2015,362,330,28,4,0,0,0,139,49,36,0,0,331,29,2
California,Solano,2015,365,186,175,4,0,0,0,118,74,50,0,6,142,216,1
California,Sonoma,2015,365,293,72,0,0,0,0,90,58,37,0,0,215,148,2
California,Stanislaus,2015,365,92,225,43,5,0,0,187,112,62,0,0,164,194,7
California,Sutter,2015,365,157,200,8,0,0,0,119,86,54,1,0,182,182,0
California,Tehama,2015,365,223,123,18,1,0,0,154,87,47,0,0,304,59,2
California,Trinity,2015,68,67,1,0,0,0,0,56,29,12,0,0,0,68,0
California,Tulare,2015,365,29,238,78,20,0,0,176,143,80,0,0,191,171,3
California,Tuolumne,2015,364,264,89,11,0,0,0,126,77,43,0,0,364,0,0
California,Ventura,2015,365,119,233,13,0,0,0,126,85,56,0,2,162,198,3
California,Yolo,2015,365,185,176,4,0,0,0,103,77,50,0,1,160,204,0
Colorado,Adams,2015,365,266,96,3,0,0,0,115,64,45,1,129,205,12,18
Colorado,Alamosa,2015,364,356,8,0,0,0,0,87,32,18,0,0,0,30,334
Colorado,Arapahoe,2015,361,257,102,2,0,0,0,136,67,45,0,0,343,18,0
Colorado,Archuleta,2015,348,342,6,0,0,0,0,74,30,17,0,0,0,0,348
Colorado,Boulder,2015,365,253,105,7,0,0,0,129,71,44,0,0,327,37,1
Colorado,Chaffee,2015,100,65,34,1,0,0,0,108,64,47,0,0,100,0,0
Colorado,Clear Creek,2015,295,182,107,6,0,0,0,140,74,48,0,0,295,0,0
Colorado,Delta,2015,114,113,1,0,0,0,0,51,27,16,0,0,0,0,114
Colorado,Denver,2015,365,119,237,9,0,0,0,146,77,54,0,82,109,173,1
Colorado,Douglas,2015,362,248,103,9,2,0,0,169,77,44,0,0,349,13,0
Colorado,El Paso,2015,365,283,81,1,0,0,0,105,64,44,2,0,351,12,0
Colorado,Fremont,2015,57,57,0,0,0,0,0,37,22,11,0,0,0,0,57
Colorado,Garfield,2015,365,260,95,10,0,0,0,133,67,45,0,0,354,11,0
Colorado,Grand,2015,64,59,5,0,0,0,0,58,48,38,0,0,64,0,0
Colorado,Gunnison,2015,365,283,79,3,0,0,0,101,61,44,0,0,357,0,8
Colorado,Jackson,2015,363,345,18,0,0,0,0,93,47,38,0,13,340,10,0
Colorado,Jefferson,2015,365,244,104,15,2,0,0,164,84,45,0,0,365,0,0
Colorado,La Plata,2015,365,271,92,2,0,0,0,108,64,43,0,2,361,2,0
Colorado,Larimer,2015,365,177,171,16,1,0,0,165,80,51,0,0,302,63,0
Colorado,Mesa,2015,365,225,137,3,0,0,0,105,70,48,0,0,264,101,0
Colorado,Moffat,2015,141,137,4,0,0,0,0,77,46,36,0,0,141,0,0
Colorado,Montezuma,2015,365,282,83,0,0,0,0,93,61,44,0,0,360,5,0
Colorado,Park,2015,350,264,82,4,0,0,0,112,67,45,0,0,346,4,0
Colorado,Pitkin,2015,124,121,3,0,0,0,0,60,33,12,0,0,0,47,77
Colorado,Prowers,2015,351,339,9,1,0,2,0,299,34,14,0,0,0,0,351
Colorado,Pueblo,2015,129,120,9,0,0,0,0,95,43,25,0,0,0,111,18
Colorado,Rio Blanco,2015,365,249,116,0,0,0,0,100,58,46,0,0,200,165,0
Colorado,Routt,2015,364,357,7,0,0,0,0,58,32,13,0,0,0,0,364
Colorado,San Juan,2015,121,120,1,0,0,0,0,55,20,8,0,0,0,121,0
Colorado,San Miguel,2015,236,188,47,1,0,0,0,105,58,44,0,0,173,0,63
Colorado,Weld,2015,365,224,132,9,0,0,0,133,80,47,0,0,324,39,2
Connecticut,Fairfield,2015,365,152,183,24,6,0,0,177,93,53,2,0,108,255,0
Connecticut,Hartford,2015,365,167,190,8,0,0,0,147,75,52,0,15,84,266,0
Connecticut,Litchfield,2015,365,279,79,7,0,0,0,147,64,42,0,3,247,114,1
Connecticut,Middlesex,2015,183,134,37,12,0,0,0,147,90,43,0,0,183,0,0
Connecticut,New Haven,2015,365,161,188,13,3,0,0,169,77,52,0,4,142,219,0
Connecticut,New London,2015,359,265,82,11,1,0,0,151,61,40,0,0,151,208,0
Connecticut,Tolland,2015,183,154,23,6,0,0,0,129,67,39,0,0,183,0,0
Connecticut,Windham,2015,356,326,27,3,0,0,0,129,48,35,0,0,356,0,0
Country Of Mexico,BAJA CALIFORNIA NORTE,2015,56,8,34,10,4,0,0,174,141,73,0,0,0,0,56
Delaware,Kent,2015,365,245,120,0,0,0,0,100,64,44,0,0,201,164,0
Delaware,New Castle,2015,365,170,185,9,1,0,0,172,84,52,0,5,169,191,0
Delaware,Sussex,2015,365,231,131,3,0,0,0,115,67,45,0,0,229,136,0
District Of Columbia,District of Columbia,2015,365,140,220,5,0,0,0,126,76,53,0,10,95,260,0
Florida,Alachua,2015,365,291,74,0,0,0,0,74,55,39,0,0,119,246,0
Florida,Baker,2015,364,356,8,0,0,0,0,77,44,32,0,0,364,0,0
Florida,Bay,2015,365,254,111,0,0,0,0,84,57,43,0,0,110,255,0
Florida,Brevard,2015,365,309,56,0,0,0,0,90,53,39,0,0,215,149,1
Florida,Broward,2015,365,286,78,1,0,0,0,101,58,39,0,6,129,230,0
Florida,Citrus,2015,135,115,20,0,0,0,0,69,52,32,0,0,0,135,0
Florida,Collier,2015,363,279,84,0,0,0,0,77,58,39,0,0,115,248,0
Florida,Columbia,2015,321,249,72,0,0,0,0,77,56,39,0,0,184,137,0
Florida,Duval,2015,365,241,123,1,0,0,0,104,59,44,0,4,101,258,2
Florida,Escambia,2015,365,212,153,0,0,0,0,100,61,46,0,0,122,243,0
Florida,Flagler,2015,365,360,5,0,0,0,0,74,44,33,0,0,365,0,0
Florida,Hamilton,2015,317,214,103,0,0,0,0,80,61,42,0,0,0,317,0
Florida,Highlands,2015,356,345,11,0,0,0,0,80,44,31,0,0,356,0,0
Florida,Hillsborough,2015,365,161,203,1,0,0,0,119,70,52,0,2,77,286,0
Florida,Holmes,2015,361,235,126,0,0,0,0,77,56,43,0,0,95,266,0
Florida,Indian River,2015,333,320,13,0,0,0,0,84,45,34,0,0,333,0,0
Florida,Lake,2015,364,347,17,0,0,0,0,87,44,34,0,0,364,0,0
Florida,Lee,2015,365,276,89,0,0,0,0,90,56,40,0,0,134,230,1
Florida,Leon,2015,363,173,190,0,0,0,0,97,62,51,0,0,35,328,0
Florida,Liberty,2015,352,345,7,0,0,0,0,61,41,31,0,0,352,0,0
Florida,Manatee,2015,365,336,29,0,0,0,0,97,49,34,0,0,365,0,0
Florida,Marion,2015,365,275,90,0,0,0,0,71,57,40,0,0,127,238,0
Florida,Martin,2015,365,281,84,0,0,0,0,78,56,39,0,0,141,224,0
Florida,Miami-Dade,2015,365,201,164,0,0,0,0,87,63,49,0,0,36,329,0
Florida,Nassau,2015,344,238,106,0,0,0,0,71,57,43,0,0,0,344,0
Florida,Okaloosa,2015,365,354,11,0,0,0,0,74,44,33,0,0,350,0,15
Florida,Orange,2015,365,239,125,1,0,0,0,101,59,44,0,0,109,256,0
Florida,Osceola,2015,357,345,12,0,0,0,0,87,44,32,0,0,357,0,0
Florida,Palm Beach,2015,365,247,118,0,0,0,0,90,59,42,0,0,105,204,56
Florida,Pasco,2015,365,343,22,0,0,0,0,90,47,37,0,0,365,0,0
Florida,Pinellas,2015,365,254,111,0,0,0,0,78,58,43,0,0,109,255,1
Florida,Polk,2015,365,248,116,1,0,0,0,105,58,44,0,0,91,274,0
Florida,Putnam,2015,341,341,0,0,0,0,0,49,20,13,0,0,0,0,341
Florida,Santa Rosa,2015,365,238,127,0,0,0,0,97,58,44,0,0,124,241,0
Florida,Sarasota,2015,365,227,137,1,0,0,0,105,61,46,0,0,101,264,0
Florida,Seminole,2015,361,334,27,0,0,0,0,80,48,35,0,0,318,33,10
Florida,St. Lucie,2015,350,341,9,0,0,0,0,84,44,32,0,0,350,0,0
Florida,Volusia,2015,365,295,70,0,0,0,0,83,55,40,0,0,163,202,0
Florida,Wakulla,2015,357,247,110,0,0,0,0,95,59,42,3,0,100,254,0
Georgia,Bibb,2015,365,192,173,0,0,0,0,87,63,48,0,0,58,307,0
Georgia,Charlton,2015,119,107,12,0,0,0,0,63,51,32,0,0,0,119,0
Georgia,Chatham,2015,365,238,127,0,0,0,0,77,60,44,0,0,51,314,0
Georgia,Chattooga,2015,191,173,18,0,0,0,0,97,49,36,0,0,191,0,0
Georgia,Clarke,2015,358,229,129,0,0,0,0,97,59,44,0,0,98,260,0
Georgia,Clayton,2015,121,59,62,0,0,0,0,94,61,51,0,0,0,121,0
Georgia,Cobb,2015,359,182,176,1,0,0,0,112,62,50,0,0,102,257,0
Georgia,Coffee,2015,60,46,14,0,0,0,0,65,55,38,0,0,0,60,0
Georgia,Columbia,2015,243,227,16,0,0,0,0,84,48,37,0,0,243,0,0
Georgia,Coweta,2015,365,241,122,2,0,0,0,108,59,42,0,0,90,275,0
Georgia,Dawson,2015,227,212,14,1,0,0,0,101,49,38,0,0,227,0,0
Georgia,DeKalb,2015,365,111,250,4,0,0,0,150,72,56,0,13,40,312,0
Georgia,Dougherty,2015,365,156,208,1,0,0,0,115,69,53,0,0,0,365,0
Georgia,Douglas,2015,234,206,27,1,0,0,0,112,54,37,0,0,234,0,0
Georgia,Floyd,2015,338,155,183,0,0,0,0,76,63,52,0,0,0,338,0
Georgia,Fulton,2015,365,113,242,8,2,0,0,172,74,55,0,5,62,298,0
Georgia,Glynn,2015,354,276,78,0,0,0,0,67,54,38,0,0,111,243,0
Georgia,Gwinnett,2015,365,215,146,3,1,0,0,154,64,45,0,0,119,246,0
Georgia,Hall,2015,264,81,183,0,0,0,0,95,69,55,0,0,0,264,0
Georgia,Henry,2015,364,240,121,3,0,0,0,147,60,42,0,0,107,257,0
Georgia,Houston,2015,363,202,161,0,0,0,0,96,60,47,0,0,0,363,0
Georgia,Lowndes,2015,357,166,191,0,0,0,0,89,63,51,0,0,0,357,0
Georgia,Murray,2015,280,246,33,0,0,1,0,233,52,38,0,0,216,64,0
Georgia,Muscogee,2015,349,208,140,1,0,0,0,109,62,45,0,0,70,279,0
Georgia,Paulding,2015,365,174,191,0,0,0,0,90,65,51,0,3,49,313,0
Georgia,Pike,2015,355,319,33,2,1,0,0,161,51,35,0,0,355,0,0
Georgia,Richmond,2015,364,212,152,0,0,0,0,87,61,46,0,0,79,285,0
Georgia,Rockdale,2015,364,319,42,3,0,0,0,136,51,31,0,120,244,0,0
Georgia,Sumter,2015,245,236,8,1,0,0,0,129,48,34,0,0,245,0,0
Georgia,Walker,2015,359,172,187,0,0,0,0,82,62,51,0,0,0,359,0
Georgia,Washington,2015,119,75,44,0,0,0,0,72,57,43,0,0,0,119,0
Georgia,Wilkinson,2015,115,57,58,0,0,0,0,84,60,51,0,0,0,115,0
Hawaii,Hawaii,2015,365,12,353,0,0,0,0,99,74,63,0,0,0,365,0
Hawaii,Honolulu,2015,365,283,82,0,0,0,0,66,56,39,0,1,102,259,3
Hawaii,Kauai,2015,362,348,14,0,0,0,0,59,41,17,0,113,0,249,0
Hawaii,Maui,2015,365,310,55,0,0,0,0,77,53,33,0,0,0,365,0
Idaho,Ada,2015,365,276,80,7,2,0,0,172,64,41,2,41,208,97,17
Idaho,Bannock,2015,365,295,66,3,1,0,0,158,56,34,0,0,0,342,23
Idaho,Benewah,2015,365,123,219,18,5,0,0,190,81,55,0,0,0,365,0
Idaho,Blaine,2015,202,192,8,2,0,0,0,138,34,13,0,0,0,202,0
Idaho,Boise,2015,275,194,76,5,0,0,0,128,63,38,0,0,0,275,0
Idaho,Bonner,2015,365,293,60,9,3,0,0,162,63,28,0,0,0,247,118
Idaho,Bonneville,2015,104,92,12,0,0,0,0,63,51,23,0,0,0,104,0
Idaho,Butte,2015,360,325,34,0,1,0,0,159,50,40,0,0,354,6,0
Idaho,Canyon,2015,364,262,92,8,2,0,0,156,62,34,0,0,0,295,69
Idaho,Custer,2015,117,113,4,0,0,0,0,93,28,8,0,0,0,117,0
Idaho,Franklin,2015,335,285,45,4,1,0,0,170,57,28,0,0,0,335,0
Idaho,Idaho,2015,269,205,56,2,2,4,0,251,64,27,0,0,0,269,0
Idaho,Jerome,2015,22,20,2,0,0,0,0,59,42,16,0,0,0,22,0
Idaho,Kootenai,2015,324,226,92,3,3,0,0,172,70,40,0,0,0,324,0
Idaho,Latah,2015,265,231,26,2,4,2,0,231,56,14,0,0,0,265,0
Idaho,Lemhi,2015,355,176,154,17,5,3,0,267,91,51,0,0,0,355,0
Idaho,Nez Perce,2015,271,216,41,7,5,1,1,354,59,25,0,0,0,271,0
Idaho,Shoshone,2015,363,155,182,20,6,0,0,197,93,53,0,0,0,350,13
Idaho,Twin Falls,2015,275,237,35,3,0,0,0,141,53,32,0,0,0,275,0
Idaho,Valley,2015,247,214,28,2,3,0,0,154,53,18,0,0,0,247,0
Illinois,Adams,2015,214,193,21,0,0,0,0,93,50,40,0,0,214,0,0
Illinois,Champaign,2015,365,217,148,0,0,0,0,90,63,46,0,0,151,214,0
Illinois,Clark,2015,210,182,28,0,0,0,0,87,61,39,0,0,210,0,0
Illinois,Cook,2015,365,73,285,5,2,0,0,195,79,57,0,31,46,274,14
Illinois,DuPage,2015,259,196,62,1,0,0,0,115,64,42,0,0,173,86,0
Illinois,Effingham,2015,203,184,19,0,0,0,0,84,50,40,0,0,203,0,0
Illinois,Hamilton,2015,261,203,57,1,0,0,0,105,61,41,0,0,181,80,0
Illinois,Jersey,2015,240,190,49,1,0,0,0,112,60,41,0,0,161,79,0
Illinois,Jo Daviess,2015,327,309,18,0,0,0,0,90,47,34,0,0,327,0,0
Illinois,Kane,2015,363,289,73,1,0,0,0,124,60,36,0,0,273,90,0
Illinois,Lake,2015,362,332,27,3,0,0,0,122,49,35,0,0,362,0,0
Illinois,Macon,2015,365,228,137,0,0,0,0,100,64,44,0,0,163,202,0
Illinois,Macoupin,2015,213,195,18,0,0,0,0,90,49,38,0,0,213,0,0
Illinois,Madison,2015,365,194,165,6,0,0,0,115,71,48,0,0,184,180,1
Illinois,McHenry,2015,364,173,189,2,0,0,0,103,67,51,0,0,103,261,0
Illinois,McLean,2015,363,304,59,0,0,0,0,90,55,37,0,0,305,58,0
Illinois,Peoria,2015,365,201,164,0,0,0,0,90,66,47,0,0,155,210,0
Illinois,Randolph,2015,257,198,59,0,0,0,0,90,58,42,0,0,175,82,0
Illinois,Rock Island,2015,365,308,56,1,0,0,0,105,55,36,0,0,299,66,0
Illinois,Saint Clair,2015,365,205,158,2,0,0,0,117,62,48,0,19,129,217,0
Illinois,Sangamon,2015,349,292,57,0,0,0,0,87,55,35,0,0,280,69,0
Illinois,Will,2015,364,153,211,0,0,0,0,93,66,53,0,0,85,279,0
Illinois,Winnebago,2015,362,300,61,1,0,0,0,108,58,36,0,0,295,67,0
Indiana,Allen,2015,357,177,178,1,1,0,0,176,69,51,0,0,76,281,0
Indiana,Bartholomew,2015,365,178,185,2,0,0,0,115,69,51,0,4,78,283,0
Indiana,Boone,2015,176,144,32,0,0,0,0,97,61,42,0,0,176,0,0
Indiana,Brown,2015,181,166,14,1,0,0,0,101,49,38,0,0,181,0,0
Indiana,Carroll,2015,183,155,28,0,0,0,0,87,64,43,0,0,183,0,0
Indiana,Clark,2015,364,160,200,3,1,0,0,164,70,52,0,0,87,277,0
Indiana,Delaware,2015,236,185,50,1,0,0,0,105,59,38,0,0,144,92,0
Indiana,Dubois,2015,122,65,57,0,0,0,0,79,64,47,0,0,0,118,4
Indiana,Elkhart,2015,357,175,179,3,0,0,0,124,73,51,0,0,63,294,0
Indiana,Floyd,2015,363,150,211,2,0,0,0,108,69,52,0,0,60,303,0
Indiana,Greene,2015,243,168,73,2,0,0,0,115,64,44,0,0,153,90,0
Indiana,Hamilton,2015,360,213,147,0,0,0,0,93,64,44,0,0,71,289,0
Indiana,Hancock,2015,183,165,18,0,0,0,0,97,50,34,0,0,183,0,0
Indiana,Hendricks,2015,183,179,4,0,0,0,0,61,45,35,0,0,183,0,0
Indiana,Henry,2015,121,77,44,0,0,0,0,75,61,38,0,0,0,121,0
Indiana,Howard,2015,346,101,244,1,0,0,0,101,71,58,0,0,0,346,0
Indiana,Huntington,2015,178,175,3,0,0,0,0,71,40,31,0,0,178,0,0
Indiana,Jackson,2015,167,141,25,1,0,0,0,101,58,41,0,0,167,0,0
Indiana,Johnson,2015,179,158,21,0,0,0,0,90,51,39,0,0,179,0,0
Indiana,Knox,2015,349,314,35,0,0,0,0,93,51,34,0,0,349,0,0
Indiana,LaPorte,2015,243,177,63,3,0,0,0,126,67,42,0,0,157,86,0
Indiana,Lake,2015,365,141,218,5,1,0,0,151,74,54,1,4,82,270,8
Indiana,Madison,2015,363,202,161,0,0,0,0,89,65,45,0,0,58,305,0
Indiana,Marion,2015,365,129,233,2,1,0,0,159,74,56,0,2,86,277,0
Indiana,Monroe,2015,342,231,111,0,0,0,0,82,59,41,0,0,0,342,0
Indiana,Montgomery,2015,118,32,86,0,0,0,0,83,68,55,0,0,0,118,0
Indiana,Morgan,2015,181,161,20,0,0,0,0,80,54,39,0,0,181,0,0
Indiana,Perry,2015,183,147,34,2,0,0,0,112,67,43,0,0,183,0,0
Indiana,Porter,2015,365,206,155,3,1,0,0,168,68,47,0,0,101,240,24
Indiana,Posey,2015,183,156,25,2,0,0,0,115,54,40,0,0,183,0,0
Indiana,Shelby,2015,183,166,17,0,0,0,0,77,49,39,0,0,183,0,0
Indiana,Spencer,2015,115,63,52,0,0,0,0,78,63,45,0,0,0,115,0
Indiana,St. Joseph,2015,362,152,208,2,0,0,0,134,71,53,0,28,68,266,0
Indiana,Tippecanoe,2015,328,161,167,0,0,0,0,99,64,51,0,0,0,328,0
Indiana,Vanderburgh,2015,365,142,217,6,0,0,0,133,71,53,2,5,87,271,0
Indiana,Vigo,2015,362,165,196,0,1,0,0,151,67,52,0,0,70,292,0
Indiana,Wabash,2015,358,330,26,2,0,0,0,126,49,35,0,0,358,0,0
Indiana,Warrick,2015,183,143,38,2,0,0,0,115,64,42,0,0,183,0,0
Indiana,Whitley,2015,359,170,189,0,0,0,0,89,66,51,0,19,0,340,0
Iowa,Black Hawk,2015,362,84,276,2,0,0,0,111,71,56,0,0,0,362,0
Iowa,Bremer,2015,214,200,14,0,0,0,0,80,48,36,0,0,214,0,0
Iowa,Cerro Gordo,2015,357,352,5,0,0,0,0,58,33,16,0,0,0,0,357
Iowa,Clinton,2015,365,114,250,1,0,0,0,146,73,56,0,0,32,333,0
Iowa,Delaware,2015,118,80,38,0,0,0,0,76,58,38,0,0,0,111,7
Iowa,Harrison,2015,214,191,22,1,0,0,0,108,51,40,0,0,214,0,0
Iowa,Johnson,2015,365,198,166,1,0,0,0,139,64,48,0,0,0,365,0
Iowa,Lee,2015,118,81,37,0,0,0,0,84,58,44,0,0,0,118,0
Iowa,Linn,2015,365,195,169,1,0,0,0,112,67,48,0,0,78,285,2
Iowa,Montgomery,2015,365,231,134,0,0,0,0,97,61,44,0,0,103,262,0
Iowa,Muscatine,2015,365,183,181,1,0,0,0,142,65,50,0,0,0,364,1
Iowa,Palo Alto,2015,365,190,174,1,0,0,0,102,63,50,0,0,52,313,0
Iowa,Polk,2015,365,252,113,0,0,0,0,99,61,44,0,8,89,267,1
Iowa,Pottawattamie,2015,122,81,41,0,0,0,0,84,59,43,0,0,0,121,1
Iowa,Scott,2015,365,65,298,1,1,0,0,153,77,61,0,0,25,270,70
Iowa,Story,2015,213,202,11,0,0,0,0,77,48,36,0,0,213,0,0
Iowa,Van Buren,2015,365,217,147,0,1,0,0,155,61,47,0,0,110,255,0
Iowa,Warren,2015,214,204,10,0,0,0,0,80,46,35,0,0,214,0,0
Iowa,Woodbury,2015,121,90,31,0,0,0,0,99,56,38,0,0,0,120,1
Kansas,Chase,2015,119,97,22,0,0,0,0,85,55,26,0,0,0,119,0
Kansas,Ford,2015,330,324,6,0,0,0,0,64,31,13,0,0,0,0,330
Kansas,Johnson,2015,365,309,56,0,0,0,0,100,54,35,0,0,303,62,0
Kansas,Leavenworth,2015,365,347,18,0,0,0,0,71,48,34,0,0,365,0,0
Kansas,Neosho,2015,364,311,52,1,0,0,0,122,54,36,0,1,292,63,8
Kansas,Sedgwick,2015,365,281,84,0,0,0,0,95,58,40,0,18,251,62,34
Kansas,Shawnee,2015,365,312,52,1,0,0,0,108,54,37,0,0,296,57,12
Kansas,Sherman,2015,59,58,1,0,0,0,0,73,36,18,0,0,0,0,59
Kansas,Sumner,2015,365,299,66,0,0,0,0,100,58,38,0,0,326,39,0
Kansas,Trego,2015,358,297,60,1,0,0,0,128,58,41,0,0,323,35,0
Kansas,Wyandotte,2015,365,149,214,2,0,0,0,123,68,53,0,6,83,276,0
Kentucky,Bell,2015,261,227,34,0,0,0,0,77,54,39,0,0,225,36,0
Kentucky,Boone,2015,244,221,22,1,0,0,0,101,50,39,0,0,244,0,0
Kentucky,Boyd,2015,365,195,167,3,0,0,0,108,67,49,0,12,75,276,2
Kentucky,Bullitt,2015,242,215,25,2,0,0,0,108,54,39,0,0,242,0,0
Kentucky,Campbell,2015,364,174,184,6,0,0,0,129,71,51,0,0,98,266,0
Kentucky,Carter,2015,265,227,38,0,0,0,0,74,54,38,0,0,181,83,1
Kentucky,Christian,2015,270,196,74,0,0,0,0,87,61,44,0,0,180,90,0
Kentucky,Daviess,2015,365,170,192,3,0,0,0,113,70,52,0,4,62,299,0
Kentucky,Edmonson,2015,365,321,44,0,0,0,0,90,54,37,7,0,310,48,0
Kentucky,Fayette,2015,364,250,109,5,0,0,0,139,63,42,0,13,150,200,1
Kentucky,Greenup,2015,242,222,20,0,0,0,0,100,49,38,0,0,242,0,0
Kentucky,Hancock,2015,245,203,37,5,0,0,0,115,61,41,0,0,245,0,0
Kentucky,Hardin,2015,365,175,189,1,0,0,0,105,66,51,0,0,70,295,0
Kentucky,Henderson,2015,365,202,161,2,0,0,0,101,67,47,0,0,88,277,0
Kentucky,Jefferson,2015,365,113,243,5,4,0,0,174,74,55,0,0,78,287,0
Kentucky,Jessamine,2015,244,213,30,1,0,0,0,105,54,40,0,0,244,0,0
Kentucky,Livingston,2015,260,227,32,1,0,0,0,105,54,40,0,0,242,0,18
Kentucky,Madison,2015,112,80,32,0,0,0,0,74,58,39,0,0,0,112,0
Kentucky,McCracken,2015,365,196,166,3,0,0,0,115,67,48,0,31,78,254,2
Kentucky,Morgan,2015,362,331,31,0,0,0,0,87,49,37,0,0,362,0,0
Kentucky,Oldham,2015,191,164,23,4,0,0,0,129,54,39,0,0,191,0,0
Kentucky,Perry,2015,361,256,105,0,0,0,0,84,57,43,0,0,117,244,0
Kentucky,Pike,2015,365,153,212,0,0,0,0,97,63,52,0,0,29,336,0
Kentucky,Pulaski,2015,263,211,52,0,0,0,0,80,56,39,0,0,179,84,0
Kentucky,Simpson,2015,208,179,28,1,0,0,0,101,51,39,0,0,208,0,0
Kentucky,Trigg,2015,344,318,26,0,0,0,0,71,49,36,0,0,344,0,0
Kentucky,Warren,2015,336,239,97,0,0,0,0,84,58,42,0,0,118,218,0
Kentucky,Washington,2015,360,333,26,1,0,0,0,101,49,37,0,0,360,0,0
Louisiana,Ascension,2015,363,326,32,5,0,0,0,140,51,34,0,9,354,0,0
Louisiana,Bossier,2015,364,206,157,1,0,0,0,140,66,46,0,0,128,236,0
Louisiana,Caddo,2015,364,270,94,0,0,0,0,93,62,39,0,0,261,103,0
Louisiana,Calcasieu,2015,365,149,212,3,1,0,0,156,71,53,0,1,109,255,0
Louisiana,East Baton Rouge,2015,365,89,266,8,2,0,0,156,77,56,0,0,65,300,0
Louisiana,Iberville,2015,365,303,53,9,0,0,0,133,58,35,0,3,295,67,0
Louisiana,Jefferson,2015,365,226,139,0,0,0,0,100,63,44,0,1,157,207,0
Louisiana,Lafayette,2015,365,167,198,0,0,0,0,97,66,52,0,0,101,264,0
Louisiana,Lafourche,2015,365,277,88,0,0,0,0,97,58,38,0,0,168,197,0
Louisiana,Livingston,2015,365,146,217,2,0,0,0,112,67,53,0,0,97,268,0
Louisiana,Orleans,2015,365,229,136,0,0,0,0,79,59,46,1,28,0,329,7
Louisiana,Ouachita,2015,335,286,49,0,0,0,0,74,54,33,0,0,250,85,0
Louisiana,Pointe Coupee,2015,364,337,25,2,0,0,0,122,48,32,0,0,364,0,0
Louisiana,Rapides,2015,118,87,31,0,0,0,0,69,57,36,0,0,0,118,0
Louisiana,St. Bernard,2015,365,164,201,0,0,0,0,94,69,52,0,0,80,285,0
Louisiana,St. James,2015,345,325,18,2,0,0,0,115,46,31,0,0,345,0,0
Louisiana,St. John the Baptist,2015,365,341,22,2,0,0,0,105,48,33,0,0,365,0,0
Louisiana,St. Martin,2015,65,59,6,0,0,0,0,84,50,38,0,0,65,0,0
Louisiana,St. Tammany,2015,365,249,116,0,0,0,0,100,60,43,0,0,157,208,0
Louisiana,Tangipahoa,2015,114,84,30,0,0,0,0,98,57,39,0,0,0,114,0
Louisiana,Terrebonne,2015,122,95,27,0,0,0,0,79,55,34,0,0,0,122,0
Louisiana,West Baton Rouge,2015,365,215,147,3,0,0,0,143,61,46,0,4,80,281,0
Maine,Androscoggin,2015,358,236,122,0,0,0,0,97,61,43,0,0,78,280,0
Maine,Aroostook,2015,365,226,139,0,0,0,0,97,64,44,0,0,94,269,2
Maine,Cumberland,2015,365,233,131,1,0,0,0,108,62,44,0,8,144,212,1
Maine,Franklin,2015,49,48,1,0,0,0,0,51,26,11,0,0,0,49,0
Maine,Hancock,2015,365,315,47,3,0,0,0,143,54,38,0,0,284,81,0
Maine,Kennebec,2015,237,216,21,0,0,0,0,93,49,36,0,0,205,23,9
Maine,Knox,2015,178,164,13,1,0,0,0,119,50,36,0,0,178,0,0
Maine,Oxford,2015,340,249,91,0,0,0,0,90,61,39,0,0,138,202,0
Maine,Penobscot,2015,364,254,110,0,0,0,0,100,59,42,0,0,157,207,0
Maine,Sagadahoc,2015,203,198,5,0,0,0,0,74,46,35,0,0,203,0,0
Maine,Washington,2015,356,340,16,0,0,0,0,90,45,33,0,0,340,16,0
Maine,York,2015,214,194,17,3,0,0,0,136,50,40,0,0,214,0,0
Maryland,Anne Arundel,2015,264,177,83,4,0,0,0,119,67,45,0,0,182,81,1
Maryland,Baltimore,2015,365,242,110,13,0,0,0,143,77,43,0,54,235,76,0
Maryland,Baltimore (City),2015,365,159,200,6,0,0,0,140,76,53,0,18,84,263,0
Maryland,Calvert,2015,206,145,61,0,0,0,0,93,71,44,0,0,206,0,0
Maryland,Carroll,2015,213,162,49,2,0,0,0,115,67,43,0,0,213,0,0
Maryland,Cecil,2015,358,180,173,4,1,0,0,187,75,50,0,0,120,238,0
Maryland,Charles,2015,212,153,58,1,0,0,0,122,71,44,0,0,212,0,0
Maryland,Dorchester,2015,365,233,131,1,0,0,0,105,67,45,0,0,211,154,0
Maryland,Frederick,2015,209,160,48,1,0,0,0,119,67,44,0,0,209,0,0
Maryland,Garrett,2015,365,261,104,0,0,0,0,100,58,43,0,0,259,106,0
Maryland,Harford,2015,358,198,154,5,1,0,0,156,73,48,0,0,165,193,0
Maryland,Howard,2015,365,231,134,0,0,0,0,93,65,41,1,121,0,243,0
Maryland,Kent,2015,347,188,152,7,0,0,0,108,67,49,0,0,114,233,0
Maryland,Montgomery,2015,345,160,180,5,0,0,0,143,71,52,0,0,103,242,0
Maryland,Prince George's,2015,365,128,230,6,1,0,0,156,75,55,0,1,125,239,0
Maryland,Washington,2015,345,166,178,1,0,0,0,101,71,51,0,0,105,240,0
Massachusetts,Barnstable,2015,317,289,24,4,0,0,0,122,49,34,0,0,275,42,0
Massachusetts,Berkshire,2015,360,215,145,0,0,0,0,95,61,45,0,0,0,360,0
Massachusetts,Bristol,2015,365,260,100,5,0,0,0,122,61,39,0,0,192,173,0
Massachusetts,Dukes,2015,260,235,23,2,0,0,0,112,50,32,0,0,193,67,0
Massachusetts,Essex,2015,365,255,107,3,0,0,0,122,61,41,0,2,207,156,0
Massachusetts,Franklin,2015,365,233,132,0,0,0,0,100,64,44,0,0,135,230,0
Massachusetts,Hampden,2015,365,231,131,3,0,0,0,147,67,43,0,17,168,180,0
Massachusetts,Hampshire,2015,361,295,62,4,0,0,0,108,58,37,0,5,273,83,0
Massachusetts,Middlesex,2015,362,345,16,1,0,0,0,119,46,33,0,0,362,0,0
Massachusetts,Norfolk,2015,365,287,76,1,1,0,0,156,57,40,0,0,244,121,0
Massachusetts,Plymouth,2015,363,246,116,1,0,0,0,126,61,40,0,0,180,183,0
Massachusetts,Suffolk,2015,365,141,223,1,0,0,0,126,64,53,0,11,18,336,0
Massachusetts,Worcester,2015,365,266,99,0,0,0,0,93,61,40,0,20,190,155,0
Michigan,Allegan,2015,243,169,70,4,0,0,0,147,71,42,0,0,165,78,0
Michigan,Bay,2015,361,220,141,0,0,0,0,82,61,44,0,0,0,361,0
Michigan,Benzie,2015,183,160,21,2,0,0,0,108,58,39,0,0,183,0,0
Michigan,Berrien,2015,243,160,79,4,0,0,0,126,69,43,0,0,165,78,0
Michigan,Cass,2015,180,141,37,2,0,0,0,126,71,44,0,0,180,0,0
Michigan,Chippewa,2015,358,224,134,0,0,0,0,84,58,45,0,0,44,314,0
Michigan,Clinton,2015,182,161,21,0,0,0,0,100,54,39,0,0,182,0,0
Michigan,Genesee,2015,357,203,151,3,0,0,0,131,66,48,0,0,91,266,0
Michigan,Huron,2015,182,162,18,2,0,0,0,129,51,39,0,0,182,0,0
Michigan,Ingham,2015,364,214,148,2,0,0,0,107,63,47,0,0,100,264,0
Michigan,Kalamazoo,2015,359,206,152,1,0,0,0,101,66,47,0,0,80,279,0
Michigan,Kent,2015,365,202,160,2,1,0,0,154,67,47,0,0,121,244,0
Michigan,Keweenaw,2015,118,111,7,0,0,0,0,63,38,17,0,0,0,118,0
Michigan,Lenawee,2015,348,201,147,0,0,0,0,92,64,47,0,0,97,251,0
Michigan,Macomb,2015,241,158,77,5,1,0,0,170,74,44,0,0,164,77,0
Michigan,Manistee,2015,242,202,38,2,0,0,0,119,59,36,0,0,162,80,0
Michigan,Mason,2015,183,159,23,1,0,0,0,105,54,39,0,0,183,0,0
Michigan,Missaukee,2015,361,272,88,1,0,0,0,101,58,40,0,0,183,178,0
Michigan,Monroe,2015,118,69,48,1,0,0,0,101,66,44,0,0,0,118,0
Michigan,Muskegon,2015,176,139,31,5,1,0,0,159,71,42,0,0,176,0,0
Michigan,Oakland,2015,237,165,68,4,0,0,0,142,67,44,0,0,145,92,0
Michigan,Ottawa,2015,161,133,27,1,0,0,0,122,64,42,0,0,161,0,0
Michigan,Schoolcraft,2015,364,311,50,3,0,0,0,133,54,35,0,0,134,230,0
Michigan,St. Clair,2015,363,198,155,10,0,0,0,126,67,48,0,0,96,267,0
Michigan,Tuscola,2015,340,321,19,0,0,0,0,100,48,34,0,0,340,0,0
Michigan,Washtenaw,2015,365,190,175,0,0,0,0,99,67,49,0,0,121,244,0
Michigan,Wayne,2015,365,88,270,7,0,0,0,133,80,57,0,2,48,295,20
Michigan,Wexford,2015,356,334,20,2,0,0,0,112,47,35,0,0,356,0,0
Minnesota,Anoka,2015,365,278,85,2,0,0,0,105,56,41,0,6,205,152,2
Minnesota,Becker,2015,358,293,63,2,0,0,0,130,55,36,0,0,182,176,0
Minnesota,Beltrami,2015,362,326,34,2,0,0,0,131,50,23,0,0,0,362,0
Minnesota,Carlton,2015,275,238,36,1,0,0,0,101,53,37,0,0,157,118,0
Minnesota,Cook,2015,258,248,10,0,0,0,0,91,44,26,0,0,0,258,0
Minnesota,Crow Wing,2015,365,299,64,2,0,0,0,137,55,37,0,0,179,186,0
Minnesota,Dakota,2015,365,264,100,1,0,0,0,137,57,39,0,29,0,336,0
Minnesota,Goodhue,2015,214,202,12,0,0,0,0,87,48,37,0,0,214,0,0
Minnesota,Hennepin,2015,365,155,207,3,0,0,0,119,66,52,0,3,39,228,95
Minnesota,Lake,2015,365,332,32,1,0,0,0,110,50,32,0,0,144,187,34
Minnesota,Lyon,2015,365,310,54,1,0,0,0,119,54,33,0,0,110,255,0
Minnesota,Mille Lacs,2015,223,214,9,0,0,0,0,87,46,33,0,0,223,0,0
Minnesota,Olmsted,2015,365,274,90,1,0,0,0,116,58,41,0,0,137,228,0
Minnesota,Ramsey,2015,365,215,148,2,0,0,0,134,61,44,0,0,0,339,26
Minnesota,Rock,2015,119,100,19,0,0,0,0,85,52,29,0,0,0,119,0
Minnesota,Saint Louis,2015,365,289,75,1,0,0,0,104,56,40,0,0,160,200,5
Minnesota,Scott,2015,364,331,33,0,0,0,0,90,50,34,0,0,305,59,0
Minnesota,Stearns,2015,355,306,48,0,1,0,0,151,53,37,0,0,168,187,0
Minnesota,Washington,2015,365,203,160,2,0,0,0,122,62,46,0,0,84,272,9
Minnesota,Winona,2015,120,108,12,0,0,0,0,76,52,24,0,0,0,120,0
Minnesota,Wright,2015,357,301,56,0,0,0,0,94,55,37,0,0,165,192,0
Mississippi,Bolivar,2015,245,226,19,0,0,0,0,90,49,38,0,0,245,0,0
Mississippi,DeSoto,2015,365,216,149,0,0,0,0,88,61,47,0,0,62,303,0
Mississippi,Forrest,2015,354,177,177,0,0,0,0,78,59,51,0,0,0,354,0
Mississippi,Grenada,2015,116,97,19,0,0,0,0,69,54,34,0,0,0,116,0
Mississippi,Hancock,2015,276,212,64,0,0,0,0,85,58,38,0,0,176,100,0
Mississippi,Harrison,2015,363,223,138,2,0,0,0,115,63,44,0,0,82,281,0
Mississippi,Hinds,2015,365,131,234,0,0,0,0,100,70,54,0,1,54,310,0
Mississippi,Jackson,2015,363,291,72,0,0,0,0,93,58,36,0,82,184,97,0
Mississippi,Lauderdale,2015,241,236,5,0,0,0,0,77,44,32,0,0,241,0,0
Mississippi,Lee,2015,235,228,7,0,0,0,0,74,47,35,0,0,235,0,0
Mississippi,Yalobusha,2015,329,325,4,0,0,0,0,97,43,33,0,0,329,0,0
Missouri,Andrew,2015,213,184,29,0,0,0,0,87,54,40,0,0,213,0,0
Missouri,Boone,2015,214,197,17,0,0,0,0,90,49,38,0,0,214,0,0
Missouri,Buchanan,2015,364,179,185,0,0,0,0,99,64,51,0,0,0,359,5
Missouri,Callaway,2015,214,186,28,0,0,0,0,97,51,41,0,0,214,0,0
Missouri,Cass,2015,336,206,129,1,0,0,0,103,64,45,0,0,137,199,0
Missouri,Cedar,2015,352,247,105,0,0,0,0,88,59,40,0,0,108,244,0
Missouri,Clay,2015,362,217,141,4,0,0,0,115,64,46,0,0,134,228,0
Missouri,Clinton,2015,214,167,45,2,0,0,0,101,71,42,0,0,214,0,0
Missouri,Greene,2015,358,234,124,0,0,0,0,80,61,43,0,0,120,227,11
Missouri,Jackson,2015,365,200,163,2,0,0,0,117,63,47,0,32,0,273,60
Missouri,Jasper,2015,365,307,58,0,0,0,0,98,56,35,0,0,176,0,189
Missouri,Jefferson,2015,365,142,220,3,0,0,0,136,70,53,0,0,71,294,0
Missouri,Lincoln,2015,214,188,26,0,0,0,0,97,54,39,0,0,214,0,0
Missouri,Monroe,2015,365,355,10,0,0,0,0,80,44,31,0,0,355,0,10
Missouri,Perry,2015,214,178,35,1,0,0,0,129,61,41,0,0,214,0,0
Missouri,Saint Charles,2015,214,174,37,3,0,0,0,126,74,42,0,0,214,0,0
Missouri,Saint Louis,2015,365,172,188,5,0,0,0,119,68,52,0,23,90,251,1
Missouri,Sainte Genevieve,2015,220,190,30,0,0,0,0,93,54,39,0,0,214,6,0
Missouri,St. Louis City,2015,365,122,237,4,2,0,0,155,72,55,0,17,20,318,10
Missouri,Stoddard,2015,119,87,32,0,0,0,0,76,56,37,0,0,0,119,0
Missouri,Taney,2015,263,236,27,0,0,0,0,79,51,34,0,0,180,83,0
Montana,Cascade,2015,347,271,67,3,6,0,0,170,59,35,0,0,0,347,0
Montana,Fergus,2015,365,328,28,5,4,0,0,167,52,37,0,0,292,73,0
Montana,Flathead,2015,365,216,137,3,9,0,0,190,74,44,0,0,138,190,37
Montana,Gallatin,2015,365,284,77,3,1,0,0,183,60,29,10,20,0,335,0
Montana,Lake,2015,120,110,8,1,1,0,0,172,48,12,0,0,0,120,0
Montana,Lewis and Clark,2015,365,254,98,8,5,0,0,178,69,44,0,0,196,169,0
Montana,Lincoln,2015,365,168,176,8,12,1,0,240,85,52,0,0,0,358,7
Montana,Missoula,2015,365,126,216,14,7,2,0,209,92,56,0,0,46,318,1
Montana,Phillips,2015,364,317,39,4,3,1,0,209,52,36,0,0,237,126,1
Montana,Powder River,2015,358,274,78,5,1,0,0,170,61,40,0,0,203,122,33
Montana,Powell,2015,120,111,7,0,2,0,0,178,41,11,0,0,0,120,0
Montana,Ravalli,2015,351,268,62,8,9,4,0,272,71,28,0,0,0,351,0
Montana,Richland,2015,364,298,60,3,3,0,0,181,57,39,0,0,250,101,13
Montana,Roosevelt,2015,102,95,3,3,1,0,0,153,43,14,0,0,0,102,0
Montana,Rosebud,2015,365,274,82,8,1,0,0,156,62,40,0,9,215,104,37
Montana,Sanders,2015,362,336,23,3,0,0,0,150,39,17,0,0,0,57,305
Montana,Sheridan,2015,115,109,3,2,1,0,0,155,38,16,0,0,0,115,0
Montana,Silver Bow,2015,365,239,116,4,6,0,0,175,69,39,0,0,0,329,36
Montana,Yellowstone,2015,325,260,64,1,0,0,0,122,54,37,0,0,0,325,0
Nebraska,Cass,2015,353,309,43,1,0,0,0,106,54,24,0,0,0,0,353
Nebraska,Dawson,2015,59,57,2,0,0,0,0,62,39,18,0,0,0,0,59
Nebraska,Douglas,2015,365,198,165,2,0,0,0,122,63,48,0,0,95,265,5
Nebraska,Garden,2015,119,113,6,0,0,0,0,75,31,16,0,0,0,119,0
Nebraska,Hall,2015,115,98,17,0,0,0,0,83,53,32,0,0,0,115,0
Nebraska,Knox,2015,348,322,26,0,0,0,0,87,48,36,0,0,348,0,0
Nebraska,Lancaster,2015,261,220,41,0,0,0,0,80,52,40,0,0,184,77,0
Nebraska,Sarpy,2015,347,210,137,0,0,0,0,95,59,44,0,0,0,347,0
Nebraska,Scotts Bluff,2015,98,87,11,0,0,0,0,81,53,28,0,0,0,98,0
Nebraska,Thomas,2015,118,112,6,0,0,0,0,73,39,19,0,0,0,118,0
Nebraska,Washington,2015,116,94,22,0,0,0,0,79,54,33,0,0,0,116,0
Nevada,Carson City,2015,365,268,96,1,0,0,0,144,71,44,0,0,236,129,0
Nevada,Churchill,2015,261,209,50,2,0,0,0,133,61,44,0,0,261,0,0
Nevada,Clark,2015,365,90,252,22,1,0,0,151,94,61,0,6,200,155,4
Nevada,Douglas,2015,314,209,98,5,2,0,0,178,69,41,0,0,0,314,0
Nevada,Elko,2015,359,314,45,0,0,0,0,97,54,30,0,0,112,16,231
Nevada,Lyon,2015,275,207,64,4,0,0,0,108,71,45,0,0,275,0,0
Nevada,Nye,2015,365,357,7,0,1,0,0,165,30,16,0,0,0,0,365
Nevada,Washoe,2015,365,165,188,12,0,0,0,115,80,52,0,2,218,132,13
Nevada,White Pine,2015,358,294,62,2,0,0,0,115,61,42,0,0,349,9,0
New Hampshire,Belknap,2015,213,201,12,0,0,0,0,90,46,33,0,0,177,36,0
New Hampshire,Cheshire,2015,365,224,140,0,1,0,0,155,65,44,0,0,143,222,0
New Hampshire,Coos,2015,354,285,62,7,0,0,0,140,58,45,0,0,344,10,0
New Hampshire,Grafton,2015,365,282,83,0,0,0,0,90,58,39,0,0,182,183,0
New Hampshire,Hillsborough,2015,365,289,74,2,0,0,0,129,56,41,0,0,242,123,0
New Hampshire,Merrimack,2015,362,354,7,1,0,0,0,105,45,33,0,0,362,0,0
New Hampshire,Rockingham,2015,365,202,161,2,0,0,0,126,64,47,0,0,136,229,0
New Jersey,Atlantic,2015,360,301,57,2,0,0,0,122,58,38,0,0,301,59,0
New Jersey,Bergen,2015,365,144,209,12,0,0,0,133,77,54,0,41,64,260,0
New Jersey,Camden,2015,365,170,181,13,1,0,0,161,84,52,0,24,147,187,7
New Jersey,Cumberland,2015,362,317,43,2,0,0,0,108,54,33,0,0,362,0,0
New Jersey,Essex,2015,365,283,77,5,0,0,0,112,65,39,0,144,164,57,0
New Jersey,Gloucester,2015,272,182,85,5,0,0,0,133,74,43,0,0,210,62,0
New Jersey,Hudson,2015,365,195,153,16,1,0,0,166,80,47,0,42,127,196,0
New Jersey,Hunterdon,2015,363,280,79,4,0,0,0,115,61,39,0,0,266,97,0
New Jersey,Mercer,2015,365,210,145,10,0,0,0,147,77,46,0,0,201,164,0
New Jersey,Middlesex,2015,319,246,64,9,0,0,0,136,67,37,0,69,194,56,0
New Jersey,Monmouth,2015,236,189,41,5,1,0,0,154,74,41,0,0,236,0,0
New Jersey,Morris,2015,365,304,58,3,0,0,0,108,58,37,0,11,313,41,0
New Jersey,Ocean,2015,356,238,108,9,1,0,0,161,74,43,0,0,186,170,0
New Jersey,Passaic,2015,279,205,67,7,0,0,0,147,69,41,0,0,212,67,0
New Jersey,Union,2015,365,146,217,2,0,0,0,107,69,53,0,43,0,322,0
New Jersey,Warren,2015,363,298,64,1,0,0,0,115,58,35,0,88,203,72,0
New Mexico,Bernalillo,2015,365,166,195,4,0,0,0,108,74,51,0,0,236,95,34
New Mexico,Catron,2015,112,111,1,0,0,0,0,74,23,13,0,0,0,112,0
New Mexico,Chaves,2015,114,107,7,0,0,0,0,72,48,23,0,0,0,114,0
New Mexico,Dona Ana,2015,365,109,244,11,1,0,0,157,82,55,0,1,156,168,40
New Mexico,Eddy,2015,356,262,94,0,0,0,0,97,67,43,0,3,353,0,0
New Mexico,Lea,2015,361,278,82,0,1,0,0,159,64,41,0,3,316,42,0
New Mexico,Lincoln,2015,114,112,2,0,0,0,0,58,31,14,0,0,0,114,0
New Mexico,Los Alamos,2015,114,114,0,0,0,0,0,44,26,13,0,0,0,114,0
New Mexico,Luna,2015,355,351,4,0,0,0,0,75,27,16,0,53,0,0,302
New Mexico,Rio Arriba,2015,361,299,62,0,0,0,0,90,58,42,0,0,359,2,0
New Mexico,San Juan,2015,365,263,100,2,0,0,0,115,67,44,0,23,337,5,0
New Mexico,Sandoval,2015,357,293,64,0,0,0,0,97,58,41,0,0,357,0,0
New Mexico,Santa Fe,2015,365,308,57,0,0,0,0,80,58,42,0,0,360,5,0
New Mexico,Socorro,2015,107,105,2,0,0,0,0,62,31,16,0,0,0,107,0
New Mexico,Taos,2015,363,358,5,0,0,0,0,67,33,17,0,0,0,363,0
New Mexico,Valencia,2015,356,291,65,0,0,0,0,93,58,43,0,0,356,0,0
New York,Albany,2015,365,251,113,1,0,0,0,107,60,41,1,0,182,182,0
New York,Bronx,2015,365,177,182,6,0,0,0,136,73,51,0,49,125,191,0
New York,Chautauqua,2015,362,290,67,5,0,0,0,126,61,39,0,0,317,45,0
New York,Dutchess,2015,358,337,19,2,0,0,0,133,46,33,0,0,358,0,0
New York,Erie,2015,365,156,205,4,0,0,0,119,68,52,0,9,88,268,0
New York,Essex,2015,365,323,42,0,0,0,0,100,52,40,0,0,312,53,0
New York,Franklin,2015,334,318,12,4,0,0,0,119,45,26,0,134,200,0,0
New York,Hamilton,2015,359,342,17,0,0,0,0,90,46,33,0,0,359,0,0
New York,Herkimer,2015,360,351,9,0,0,0,0,84,44,33,0,0,360,0,0
New York,Jefferson,2015,364,345,19,0,0,0,0,90,47,32,0,0,364,0,0
New York,Kings,2015,365,226,139,0,0,0,0,88,61,42,0,0,0,365,0
New York,Monroe,2015,365,236,129,0,0,0,0,93,63,43,0,5,109,251,0
New York,Nassau,2015,362,256,106,0,0,0,0,80,59,34,0,0,0,362,0
New York,New York,2015,365,156,205,4,0,0,0,122,72,54,0,0,91,274,0
New York,Niagara,2015,222,202,19,1,0,0,0,101,50,36,0,0,222,0,0
New York,Oneida,2015,365,263,102,0,0,0,0,74,59,36,0,0,0,365,0
New York,Onondaga,2015,364,273,91,0,0,0,0,93,60,37,0,0,219,145,0
New York,Orange,2015,365,256,105,4,0,0,0,147,61,41,0,0,181,184,0
New York,Oswego,2015,286,277,8,1,0,0,0,115,44,32,0,0,286,0,0
New York,Putnam,2015,362,335,25,2,0,0,0,140,47,33,0,0,362,0,0
New York,Queens,2015,365,201,159,5,0,0,0,136,71,48,0,42,130,193,0
New York,Richmond,2015,365,179,176,10,0,0,0,150,76,51,0,0,146,219,0
New York,Rockland,2015,365,249,111,5,0,0,0,143,64,42,0,0,211,154,0
New York,Saratoga,2015,359,342,16,1,0,0,0,105,46,32,0,0,359,0,0
New York,Steuben,2015,358,290,68,0,0,0,0,80,56,36,3,0,201,154,0
New York,Suffolk,2015,365,241,110,14,0,0,0,150,69,44,0,0,227,138,0
New York,Tompkins,2015,351,332,19,0,0,0,0,93,48,35,0,0,351,0,0
New York,Wayne,2015,304,293,11,0,0,0,0,93,44,31,0,0,304,0,0
New York,Westchester,2015,365,231,125,9,0,0,0,140,64,43,0,0,190,175,0
North Carolina,Alamance,2015,153,103,50,0,0,0,0,67,56,42,0,0,0,153,0
North Carolina,Alexander,2015,209,173,36,0,0,0,0,90,61,43,0,0,209,0,0
North Carolina,Avery,2015,353,306,47,0,0,0,0,90,54,41,0,0,325,28,0
North Carolina,Buncombe,2015,363,256,107,0,0,0,0,87,58,41,0,0,119,244,0
North Carolina,Caldwell,2015,207,173,34,0,0,0,0,97,61,42,0,0,207,0,0
North Carolina,Carteret,2015,318,300,18,0,0,0,0,71,46,37,0,0,318,0,0
North Carolina,Caswell,2015,358,212,146,0,0,0,0,87,60,47,0,0,109,249,0
North Carolina,Catawba,2015,347,167,180,0,0,0,0,84,64,52,0,0,0,347,0
North Carolina,Chatham,2015,212,197,15,0,0,0,0,64,49,38,0,0,212,0,0
North Carolina,Cumberland,2015,305,205,100,0,0,0,0,93,61,45,0,0,129,176,0
North Carolina,Davidson,2015,352,125,227,0,0,0,0,85,66,54,0,0,0,352,0
North Carolina,Duplin,2015,326,267,59,0,0,0,0,70,55,34,0,0,0,326,0
North Carolina,Durham,2015,359,202,157,0,0,0,0,87,64,48,0,0,111,247,1
North Carolina,Edgecombe,2015,347,249,98,0,0,0,0,77,57,43,0,0,94,253,0
North Carolina,Forsyth,2015,365,193,169,3,0,0,0,126,71,49,0,7,122,236,0
North Carolina,Franklin,2015,211,171,40,0,0,0,0,93,58,43,0,0,211,0,0
North Carolina,Gaston,2015,36,29,7,0,0,0,0,65,55,38,0,0,0,36,0
North Carolina,Graham,2015,201,162,39,0,0,0,0,97,61,43,0,0,201,0,0
North Carolina,Granville,2015,215,168,47,0,0,0,0,87,64,44,0,0,215,0,0
North Carolina,Guilford,2015,364,216,147,1,0,0,0,112,61,46,0,0,123,241,0
North Carolina,Haywood,2015,266,183,82,1,0,0,0,101,67,45,0,0,192,74,0
North Carolina,Hyde,2015,111,98,13,0,0,0,0,66,52,28,0,0,0,111,0
North Carolina,Jackson,2015,257,185,72,0,0,0,0,100,62,44,0,0,189,68,0
North Carolina,Johnston,2015,262,211,51,0,0,0,0,93,57,41,0,0,188,74,0
North Carolina,Lee,2015,364,179,185,0,0,0,0,94,64,51,0,0,146,218,0
North Carolina,Lenoir,2015,209,185,24,0,0,0,0,80,51,41,0,0,209,0,0
North Carolina,Lincoln,2015,208,158,49,1,0,0,0,112,67,44,0,0,208,0,0
North Carolina,Macon,2015,352,335,17,0,0,0,0,80,45,32,0,0,352,0,0
North Carolina,Martin,2015,351,252,99,0,0,0,0,71,57,44,0,0,138,213,0
North Carolina,McDowell,2015,337,220,117,0,0,0,0,89,57,41,0,0,0,337,0
North Carolina,Mecklenburg,2015,365,173,183,9,0,0,0,129,71,52,0,4,142,219,0
North Carolina,Mitchell,2015,120,88,32,0,0,0,0,63,56,39,0,0,0,120,0
North Carolina,Montgomery,2015,362,235,127,0,0,0,0,80,58,45,0,0,175,187,0
North Carolina,New Hanover,2015,354,288,66,0,0,0,0,71,54,38,0,0,140,214,0
North Carolina,Person,2015,215,170,45,0,0,0,0,77,58,42,0,0,215,0,0
North Carolina,Pitt,2015,258,212,46,0,0,0,0,80,54,41,0,0,173,85,0
North Carolina,Rockingham,2015,214,164,49,1,0,0,0,112,64,44,0,0,214,0,0
North Carolina,Rowan,2015,358,166,191,1,0,0,0,122,67,52,0,0,146,212,0
North Carolina,Swain,2015,360,244,116,0,0,0,0,87,60,42,0,0,132,228,0
North Carolina,Union,2015,209,153,55,1,0,0,0,101,71,44,0,0,209,0,0
North Carolina,Wake,2015,365,142,220,3,0,0,0,105,66,52,0,2,110,253,0
North Carolina,Watauga,2015,226,188,38,0,0,0,0,85,55,30,0,0,0,226,0
North Carolina,Wayne,2015,197,63,134,0,0,0,0,87,69,53,0,0,0,197,0
North Carolina,Yancey,2015,192,136,56,0,0,0,0,97,67,45,0,0,192,0,0
North Dakota,Billings,2015,365,303,58,3,1,0,0,154,55,37,0,0,279,86,0
North Dakota,Burke,2015,364,290,64,6,4,0,0,189,55,39,0,1,216,146,1
North Dakota,Burleigh,2015,365,301,58,5,1,0,0,156,56,37,0,13,232,120,0
North Dakota,Cass,2015,365,235,127,3,0,0,0,140,58,46,0,3,102,240,20
North Dakota,Dunn,2015,365,295,59,10,1,0,0,153,61,38,0,0,247,118,0
North Dakota,McKenzie,2015,364,315,43,4,2,0,0,161,54,35,0,2,312,47,3
North Dakota,Mercer,2015,365,297,62,4,2,0,0,152,56,37,0,1,247,117,0
North Dakota,Oliver,2015,365,305,53,6,1,0,0,153,58,37,0,0,286,77,2
North Dakota,Stutsman,2015,361,347,14,0,0,0,0,85,34,13,0,0,0,0,361
North Dakota,Williams,2015,364,307,49,5,3,0,0,182,56,36,0,0,223,105,36
Ohio,Adams,2015,353,292,61,0,0,0,0,73,54,32,0,0,0,353,0
Ohio,Allen,2015,365,288,76,1,0,0,0,105,58,38,0,0,156,209,0
Ohio,Ashtabula,2015,210,168,39,3,0,0,0,143,67,41,0,0,210,0,0
Ohio,Athens,2015,57,36,21,0,0,0,0,71,59,38,0,0,0,57,0
Ohio,Belmont,2015,184,162,22,0,0,0,0,79,52,17,0,126,0,58,0
Ohio,Butler,2015,360,237,120,3,0,0,0,112,73,44,0,0,263,93,4
Ohio,Clark,2015,365,183,175,7,0,0,0,133,71,50,0,0,97,268,0
Ohio,Clermont,2015,357,163,191,3,0,0,0,136,71,52,0,0,74,283,0
Ohio,Clinton,2015,214,182,29,3,0,0,0,119,61,41,0,0,214,0,0
Ohio,Columbiana,2015,60,60,0,0,0,0,0,50,30,18,0,0,0,0,60
Ohio,Cuyahoga,2015,365,182,178,5,0,0,0,112,74,51,4,39,124,157,41
Ohio,Delaware,2015,214,187,26,1,0,0,0,108,54,39,0,0,214,0,0
Ohio,Fayette,2015,327,294,30,3,0,0,0,115,51,37,0,0,327,0,0
Ohio,Franklin,2015,365,166,194,5,0,0,0,112,70,52,0,17,98,250,0
Ohio,Geauga,2015,214,164,43,7,0,0,0,133,84,44,0,0,214,0,0
Ohio,Greene,2015,365,213,148,4,0,0,0,105,65,46,0,0,120,245,0
Ohio,Hamilton,2015,365,119,240,5,1,0,0,151,77,55,0,19,76,270,0
Ohio,Jefferson,2015,354,98,252,4,0,0,0,117,76,58,0,0,57,297,0
Ohio,Knox,2015,210,178,28,4,0,0,0,119,61,40,0,0,210,0,0
Ohio,Lake,2015,365,181,176,8,0,0,0,126,71,51,0,0,104,261,0
Ohio,Lawrence,2015,365,187,175,3,0,0,0,112,67,50,0,0,83,282,0
Ohio,Licking,2015,213,177,34,2,0,0,0,108,58,42,0,0,213,0,0
Ohio,Lorain,2015,364,288,76,0,0,0,0,93,58,37,0,0,148,216,0
Ohio,Lucas,2015,365,200,164,1,0,0,0,113,68,48,0,0,89,276,0
Ohio,Madison,2015,214,172,41,1,0,0,0,108,64,42,0,0,214,0,0
Ohio,Mahoning,2015,363,192,170,1,0,0,0,112,71,49,0,0,86,277,0
Ohio,Medina,2015,354,129,225,0,0,0,0,97,70,54,0,0,46,308,0
Ohio,Miami,2015,213,177,34,2,0,0,0,105,61,42,0,0,213,0,0
Ohio,Montgomery,2015,365,195,167,3,0,0,0,108,67,48,1,0,118,246,0
Ohio,Noble,2015,360,296,63,1,0,0,0,112,58,38,0,0,313,47,0
Ohio,Portage,2015,260,211,49,0,0,0,0,93,60,38,0,0,173,87,0
Ohio,Preble,2015,365,233,131,1,0,0,0,105,64,44,0,0,187,178,0
Ohio,Scioto,2015,365,319,46,0,0,0,0,93,53,16,0,0,0,115,250
Ohio,Stark,2015,365,207,151,7,0,0,0,108,67,46,1,0,91,273,0
Ohio,Summit,2015,365,96,268,1,0,0,0,135,78,57,3,0,20,342,0
Ohio,Trumbull,2015,293,213,77,3,0,0,0,112,64,42,0,0,202,82,9
Ohio,Warren,2015,344,200,140,4,0,0,0,129,68,47,0,0,139,205,0
Ohio,Washington,2015,214,181,32,1,0,0,0,115,61,40,0,0,214,0,0
Ohio,Wood,2015,212,188,24,0,0,0,0,77,51,41,0,0,212,0,0
Oklahoma,Adair,2015,365,240,125,0,0,0,0,93,61,44,0,0,165,200,0
Oklahoma,Caddo,2015,266,257,9,0,0,0,0,74,46,31,0,0,266,0,0
Oklahoma,Canadian,2015,358,305,53,0,0,0,0,90,58,37,0,26,332,0,0
Oklahoma,Cherokee,2015,278,256,22,0,0,0,0,93,48,37,0,0,278,0,0
Oklahoma,Cleveland,2015,364,220,144,0,0,0,0,87,64,45,0,0,187,177,0
Oklahoma,Comanche,2015,364,247,117,0,0,0,0,97,61,44,0,0,191,173,0
Oklahoma,Cotton,2015,266,229,37,0,0,0,0,90,58,39,0,0,266,0,0
Oklahoma,Creek,2015,349,322,27,0,0,0,0,100,49,36,0,0,349,0,0
Oklahoma,Custer,2015,135,135,0,0,0,0,0,38,28,15,0,0,0,0,135
Oklahoma,Dewey,2015,348,256,92,0,0,0,0,96,61,42,0,0,249,99,0
Oklahoma,Ellis,2015,86,75,11,0,0,0,0,94,52,31,0,0,0,86,0
Oklahoma,Johnston,2015,84,75,8,1,0,0,0,108,51,41,0,0,84,0,0
Oklahoma,Kay,2015,362,139,222,1,0,0,0,107,62,53,0,0,58,304,0
Oklahoma,Lincoln,2015,293,210,83,0,0,0,0,87,62,41,0,0,193,87,13
Oklahoma,Love,2015,283,215,67,0,1,0,0,152,57,34,0,0,0,283,0
Oklahoma,Mayes,2015,284,262,21,1,0,0,0,108,50,38,0,0,284,0,0
Oklahoma,McClain,2015,359,322,37,0,0,0,0,87,51,36,0,0,359,0,0
Oklahoma,Muskogee,2015,304,294,10,0,0,0,0,87,38,19,0,0,0,0,304
Oklahoma,Oklahoma,2015,365,218,145,2,0,0,0,115,71,46,0,29,191,145,0
Oklahoma,Ottawa,2015,364,186,178,0,0,0,0,89,62,50,0,0,62,299,3
Oklahoma,Pittsburg,2015,365,260,105,0,0,0,0,100,58,41,0,0,175,190,0
Oklahoma,Sequoyah,2015,365,304,61,0,0,0,0,93,55,36,0,47,212,80,26
Oklahoma,Tulsa,2015,365,163,200,2,0,0,0,147,67,52,0,0,128,236,1
Oregon,Baker,2015,365,285,70,8,2,0,0,159,57,31,0,0,0,365,0
Oregon,Benton,2015,365,314,49,1,1,0,0,154,54,22,0,0,0,365,0
Oregon,Clackamas,2015,222,190,28,2,2,0,0,180,57,35,0,0,98,124,0
Oregon,Columbia,2015,359,308,50,1,0,0,0,120,53,33,0,0,129,230,0
Oregon,Crook,2015,362,252,102,6,2,0,0,170,68,32,0,0,0,362,0
Oregon,Deschutes,2015,365,295,64,5,1,0,0,163,61,37,0,0,125,240,0
Oregon,Douglas,2015,365,292,72,1,0,0,0,141,56,26,0,0,0,365,0
Oregon,Grant,2015,363,215,139,4,5,0,0,172,64,42,0,0,0,363,0
Oregon,Harney,2015,365,240,122,3,0,0,0,126,67,35,0,0,0,365,0
Oregon,Jackson,2015,365,191,145,18,8,2,1,319,91,49,0,0,111,254,0
Oregon,Jefferson,2015,92,60,28,3,1,0,0,160,81,42,0,0,0,92,0
Oregon,Josephine,2015,365,241,118,4,2,0,0,171,69,37,0,0,0,365,0
Oregon,Klamath,2015,365,213,139,11,1,1,0,205,77,42,0,0,0,365,0
Oregon,Lake,2015,365,270,92,3,0,0,0,125,68,28,0,0,0,365,0
Oregon,Lane,2015,365,213,137,13,2,0,0,199,81,44,0,0,122,243,0
Oregon,Linn,2015,365,272,88,2,3,0,0,189,61,31,0,0,0,365,0
Oregon,Marion,2015,365,267,95,1,2,0,0,176,62,37,0,0,132,233,0
Oregon,Multnomah,2015,365,277,86,0,2,0,0,167,61,39,0,4,167,191,3
Oregon,Umatilla,2015,365,246,110,6,3,0,0,160,63,41,0,0,120,245,0
Oregon,Union,2015,362,254,97,6,5,0,0,191,69,38,0,0,0,362,0
Oregon,Wallowa,2015,364,289,66,4,5,0,0,185,58,26,0,0,0,364,0
Oregon,Wasco,2015,358,300,56,0,2,0,0,158,55,27,0,0,0,358,0
Oregon,Washington,2015,365,254,109,1,1,0,0,157,61,40,0,25,160,180,0
Pennsylvania,Adams,2015,365,176,188,1,0,0,0,101,68,51,0,0,162,203,0
Pennsylvania,Allegheny,2015,365,105,241,18,1,0,0,157,90,58,0,1,96,268,0
Pennsylvania,Armstrong,2015,364,141,220,3,0,0,0,115,71,53,0,0,105,259,0
Pennsylvania,Beaver,2015,365,174,186,5,0,0,0,122,73,51,0,3,149,213,0
Pennsylvania,Berks,2015,365,148,211,6,0,0,0,119,80,54,0,1,125,239,0
Pennsylvania,Blair,2015,365,168,195,2,0,0,0,108,69,52,0,0,92,273,0
Pennsylvania,Bradford,2015,365,352,13,0,0,0,0,77,44,32,0,2,363,0,0
Pennsylvania,Bucks,2015,362,155,190,16,1,0,0,164,85,53,0,1,133,228,0
Pennsylvania,Cambria,2015,365,130,235,0,0,0,0,97,71,54,0,6,64,294,1
Pennsylvania,Centre,2015,365,204,159,2,0,0,0,108,69,46,0,3,136,226,0
Pennsylvania,Chester,2015,365,133,230,1,1,0,0,166,75,55,0,0,91,274,0
Pennsylvania,Clearfield,2015,336,292,44,0,0,0,0,100,54,38,0,0,336,0,0
Pennsylvania,Cumberland,2015,363,133,229,1,0,0,0,121,73,54,0,0,0,363,0
Pennsylvania,Dauphin,2015,365,120,237,8,0,0,0,124,77,56,0,0,87,277,1
Pennsylvania,Delaware,2015,365,120,236,9,0,0,0,150,74,55,0,3,94,267,1
Pennsylvania,Elk,2015,347,324,22,1,0,0,0,101,48,36,0,0,347,0,0
Pennsylvania,Erie,2015,365,221,142,2,0,0,0,115,66,44,0,9,159,197,0
Pennsylvania,Franklin,2015,359,340,19,0,0,0,0,77,47,34,0,0,359,0,0
Pennsylvania,Greene,2015,362,301,57,4,0,0,0,115,61,37,0,0,362,0,0
Pennsylvania,Indiana,2015,363,300,59,4,0,0,0,119,61,37,0,0,363,0,0
Pennsylvania,Lackawanna,2015,365,176,186,3,0,0,0,108,74,51,0,3,113,249,0
Pennsylvania,Lancaster,2015,365,121,234,10,0,0,0,140,85,56,0,2,94,269,0
Pennsylvania,Lawrence,2015,365,332,32,1,0,0,0,101,49,33,0,0,334,0,31
Pennsylvania,Lebanon,2015,365,174,179,12,0,0,0,133,84,52,0,0,178,187,0
Pennsylvania,Lehigh,2015,365,319,43,3,0,0,0,108,58,34,0,0,349,0,16
Pennsylvania,Luzerne,2015,365,329,35,1,0,0,0,105,50,34,0,0,347,0,18
Pennsylvania,Lycoming,2015,363,340,23,0,0,0,0,87,48,34,0,0,362,0,1
Pennsylvania,Mercer,2015,365,159,203,2,1,0,0,153,71,53,0,0,102,263,0
Pennsylvania,Monroe,2015,364,243,120,1,0,0,0,112,64,42,0,0,202,162,0
Pennsylvania,Montgomery,2015,365,206,153,6,0,0,0,133,73,47,0,0,183,182,0
Pennsylvania,Northampton,2015,365,124,236,5,0,0,0,119,80,56,0,1,71,293,0
Pennsylvania,Philadelphia,2015,365,103,246,14,2,0,0,161,86,56,0,3,90,272,0
Pennsylvania,Somerset,2015,287,272,15,0,0,0,0,77,48,34,0,0,287,0,0
Pennsylvania,Tioga,2015,365,224,141,0,0,0,0,90,64,44,0,1,180,184,0
Pennsylvania,Washington,2015,365,100,258,7,0,0,0,119,75,55,0,0,73,292,0
Pennsylvania,Westmoreland,2015,365,168,194,3,0,0,0,147,74,52,0,0,99,266,0
Pennsylvania,York,2015,365,135,221,9,0,0,0,126,82,55,0,5,111,249,0
Puerto Rico,Adjuntas,2015,91,80,11,0,0,0,0,64,52,27,0,0,0,91,0
Puerto Rico,Bayamon,2015,267,241,25,1,0,0,0,146,50,18,45,0,152,70,0
Puerto Rico,Catano,2015,365,337,27,1,0,0,0,139,46,19,0,0,103,0,262
Puerto Rico,Fajardo,2015,322,299,23,0,0,0,0,68,45,22,0,0,0,64,258
Puerto Rico,Guayama,2015,110,91,19,0,0,0,0,68,55,25,0,0,0,84,26
Puerto Rico,Guayanilla,2015,111,94,17,0,0,0,0,63,55,26,0,0,0,111,0
Puerto Rico,Guaynabo,2015,353,298,55,0,0,0,0,100,57,27,39,56,0,73,185
Puerto Rico,Juncos,2015,312,312,0,0,0,0,0,38,30,19,0,0,312,0,0
Puerto Rico,Ponce,2015,365,328,37,0,0,0,0,69,51,24,26,0,0,87,252
Puerto Rico,San Juan,2015,329,321,8,0,0,0,0,66,23,13,312,0,0,17,0
Rhode Island,Kent,2015,357,282,72,2,1,0,0,166,57,40,0,1,208,147,1
Rhode Island,Providence,2015,365,173,187,3,2,0,0,177,70,52,0,31,88,246,0
Rhode Island,Washington,2015,361,265,89,7,0,0,0,147,61,42,0,0,160,201,0
South Carolina,Abbeville,2015,266,261,5,0,0,0,0,71,44,32,0,0,266,0,0
South Carolina,Aiken,2015,247,236,11,0,0,0,0,64,49,38,0,0,247,0,0
South Carolina,Anderson,2015,200,185,15,0,0,0,0,80,49,38,0,0,200,0,0
South Carolina,Berkeley,2015,211,208,3,0,0,0,0,61,44,33,0,0,211,0,0
South Carolina,Charleston,2015,365,256,108,1,0,0,0,114,58,43,0,0,56,309,0
South Carolina,Cherokee,2015,318,276,42,0,0,0,0,87,58,37,0,0,318,0,0
South Carolina,Chesterfield,2015,357,218,139,0,0,0,0,91,60,47,0,0,134,221,2
South Carolina,Colleton,2015,299,252,47,0,0,0,0,72,52,37,0,0,163,136,0
South Carolina,Darlington,2015,244,229,15,0,0,0,0,84,49,40,0,0,244,0,0
South Carolina,Edgefield,2015,291,241,49,1,0,0,0,105,54,37,0,0,183,108,0
South Carolina,Florence,2015,168,88,80,0,0,0,0,77,60,49,0,0,0,168,0
South Carolina,Georgetown,2015,274,272,2,0,0,0,0,55,31,15,0,0,0,0,274
South Carolina,Greenville,2015,365,186,177,2,0,0,0,112,68,49,0,18,157,190,0
South Carolina,Lexington,2015,365,202,163,0,0,0,0,92,59,47,0,0,0,335,30
South Carolina,Oconee,2015,358,325,33,0,0,0,0,74,49,37,0,0,321,37,0
South Carolina,Pickens,2015,217,194,23,0,0,0,0,87,51,39,0,0,217,0,0
South Carolina,Richland,2015,365,221,144,0,0,0,0,90,59,46,0,0,132,233,0
South Carolina,Spartanburg,2015,364,187,177,0,0,0,0,97,67,49,0,0,93,271,0
South Carolina,York,2015,337,321,16,0,0,0,0,100,47,33,0,0,337,0,0
South Dakota,Brookings,2015,360,282,76,2,0,0,0,129,60,38,0,0,227,122,11
South Dakota,Brown,2015,121,102,19,0,0,0,0,94,54,32,0,0,0,120,1
South Dakota,Codington,2015,356,276,79,1,0,0,0,138,56,34,0,0,0,307,49
South Dakota,Custer,2015,365,326,37,2,0,0,0,133,51,40,0,0,309,56,0
South Dakota,Hughes,2015,361,331,28,1,1,0,0,152,43,21,0,0,0,361,0
South Dakota,Jackson,2015,364,320,42,2,0,0,0,142,53,38,0,0,297,67,0
South Dakota,Meade,2015,365,352,13,0,0,0,0,64,46,38,0,0,365,0,0
South Dakota,Minnehaha,2015,365,207,155,3,0,0,0,124,64,47,0,5,61,281,18
South Dakota,Pennington,2015,365,182,180,3,0,0,0,120,65,51,0,16,0,267,82
South Dakota,Union,2015,365,243,120,2,0,0,0,108,61,43,0,0,142,216,7
Tennessee,Anderson,2015,240,216,24,0,0,0,0,97,51,39,0,0,240,0,0
Tennessee,Blount,2015,364,284,79,1,0,0,0,105,61,41,3,0,302,59,0
Tennessee,Claiborne,2015,363,341,22,0,0,0,0,84,49,35,0,0,363,0,0
Tennessee,Davidson,2015,365,141,224,0,0,0,0,97,67,53,0,19,50,296,0
Tennessee,DeKalb,2015,353,336,17,0,0,0,0,77,46,35,0,0,353,0,0
Tennessee,Dyer,2015,111,71,40,0,0,0,0,70,57,42,0,0,0,111,0
Tennessee,Hamilton,2015,284,211,70,3,0,0,0,133,62,43,0,0,198,86,0
Tennessee,Jefferson,2015,245,183,61,1,0,0,0,101,71,44,0,0,245,0,0
Tennessee,Knox,2015,365,182,182,1,0,0,0,101,66,51,0,0,94,271,0
Tennessee,Lawrence,2015,110,77,33,0,0,0,0,73,55,40,0,0,0,110,0
Tennessee,Loudon,2015,276,185,91,0,0,0,0,100,62,43,0,0,188,88,0
Tennessee,Madison,2015,110,66,44,0,0,0,0,66,58,43,0,0,0,110,0
Tennessee,Maury,2015,98,75,23,0,0,0,0,66,56,39,0,0,0,98,0
Tennessee,McMinn,2015,110,72,38,0,0,0,0,67,59,43,0,0,0,110,0
Tennessee,Montgomery,2015,356,225,131,0,0,0,0,74,59,44,0,0,0,353,3
Tennessee,Putnam,2015,118,81,37,0,0,0,0,65,58,37,0,0,0,118,0
Tennessee,Roane,2015,120,64,56,0,0,0,0,73,62,49,0,0,0,103,17
Tennessee,Sevier,2015,364,302,61,1,0,0,0,112,58,43,0,0,364,0,0
Tennessee,Shelby,2015,365,174,187,4,0,0,0,129,67,51,0,4,95,266,0
Tennessee,Sullivan,2015,365,291,74,0,0,0,0,100,58,39,3,83,213,66,0
Tennessee,Sumner,2015,284,204,79,1,0,0,0,112,61,42,0,0,197,87,0
Tennessee,Union,2015,365,344,21,0,0,0,0,96,43,19,0,0,0,0,365
Tennessee,Williamson,2015,241,223,18,0,0,0,0,84,49,36,0,0,241,0,0
Tennessee,Wilson,2015,244,211,33,0,0,0,0,93,54,38,0,0,244,0,0
Texas,Bell,2015,365,309,51,5,0,0,0,133,61,36,0,0,365,0,0
Texas,Bexar,2015,365,139,212,11,3,0,0,156,78,53,0,6,114,245,0
Texas,Bowie,2015,118,57,61,0,0,0,0,81,63,51,0,0,0,118,0
Texas,Brazoria,2015,365,308,42,11,4,0,0,164,71,33,0,13,352,0,0
Texas,Brewster,2015,358,264,94,0,0,0,0,87,58,42,0,0,248,110,0
Texas,Cameron,2015,365,197,166,2,0,0,0,108,70,48,0,0,86,279,0
Texas,Collin,2015,360,304,47,9,0,0,0,143,67,36,0,0,360,0,0
Texas,Culberson,2015,113,109,4,0,0,0,0,66,41,21,0,0,0,113,0
Texas,Dallas,2015,365,169,186,10,0,0,0,147,77,52,0,16,127,222,0
Texas,Denton,2015,365,212,132,17,4,0,0,172,77,46,0,2,215,148,0
Texas,Ector,2015,365,255,110,0,0,0,0,76,57,39,0,0,0,365,0
Texas,El Paso,2015,365,128,230,7,0,0,0,136,80,54,0,7,170,187,1
Texas,Ellis,2015,365,224,138,3,0,0,0,136,66,46,0,3,150,212,0
Texas,Fayette,2015,361,271,90,0,0,0,0,80,57,33,0,0,0,361,0
Texas,Galveston,2015,365,255,92,15,3,0,0,190,74,44,0,1,220,143,1
Texas,Gregg,2015,365,324,39,2,0,0,0,143,51,33,0,3,362,0,0
Texas,Harris,2015,365,88,238,27,11,1,0,203,101,58,0,7,86,263,9
Texas,Harrison,2015,365,251,114,0,0,0,0,96,60,42,0,0,158,207,0
Texas,Hidalgo,2015,365,189,175,1,0,0,0,107,68,49,0,0,49,316,0
Texas,Hood,2015,364,308,49,6,1,0,0,151,64,34,0,0,364,0,0
Texas,Hunt,2015,365,339,26,0,0,0,0,80,48,33,0,4,361,0,0
Texas,Jefferson,2015,365,209,146,9,1,0,0,164,71,47,0,0,166,199,0
Texas,Johnson,2015,361,300,55,5,1,0,0,156,64,35,0,0,361,0,0
Texas,Kaufman,2015,364,252,112,0,0,0,0,93,61,42,0,2,173,189,0
Texas,Kleberg,2015,354,218,136,0,0,0,0,95,65,44,0,0,0,354,0
Texas,Maverick,2015,333,207,126,0,0,0,0,83,61,44,0,0,0,333,0
Texas,McLennan,2015,365,250,112,3,0,0,0,115,64,42,0,1,204,160,0
Texas,Montgomery,2015,365,195,165,5,0,0,0,133,74,48,0,0,135,230,0
Texas,Navarro,2015,364,234,129,1,0,0,0,105,65,43,0,0,161,203,0
Texas,Nueces,2015,365,203,160,2,0,0,0,112,67,48,0,0,121,244,0
Texas,Orange,2015,365,252,113,0,0,0,0,100,61,42,0,2,148,215,0
Texas,Parker,2015,365,301,47,17,0,0,0,133,67,37,0,0,365,0,0
Texas,Polk,2015,327,310,17,0,0,0,0,93,46,31,0,0,327,0,0
Texas,Potter,2015,361,315,45,1,0,0,0,128,52,29,0,0,0,361,0
Texas,Randall,2015,356,300,56,0,0,0,0,97,58,42,0,0,356,0,0
Texas,Rockwall,2015,364,309,48,7,0,0,0,140,64,36,0,0,364,0,0
Texas,Smith,2015,365,319,45,1,0,0,0,108,54,33,0,1,364,0,0
Texas,Tarrant,2015,365,185,155,23,2,0,0,172,83,50,0,7,139,219,0
Texas,Travis,2015,365,193,162,10,0,0,0,150,74,49,0,14,138,213,0
Texas,Victoria,2015,357,323,33,1,0,0,0,105,50,32,0,0,357,0,0
Texas,Webb,2015,365,192,173,0,0,0,0,95,67,49,1,0,52,310,2
Utah,Box Elder,2015,365,249,111,5,0,0,0,120,71,45,0,0,305,60,0
Utah,Cache,2015,365,251,110,3,1,0,0,159,69,43,0,5,174,185,1
Utah,Carbon,2015,293,200,91,2,0,0,0,112,64,46,0,0,293,0,0
Utah,Davis,2015,357,270,80,7,0,0,0,143,67,39,0,26,227,102,2
Utah,Duchesne,2015,365,269,93,3,0,0,0,129,65,45,0,0,305,60,0
Utah,Garfield,2015,364,299,63,2,0,0,0,108,58,42,0,0,364,0,0
Utah,Salt Lake,2015,365,163,175,25,2,0,0,154,92,54,0,31,239,88,7
Utah,San Juan,2015,362,285,76,1,0,0,0,105,64,43,0,0,360,2,0
Utah,Tooele,2015,365,299,62,4,0,0,0,143,58,33,0,0,132,233,0
Utah,Uintah,2015,365,242,121,2,0,0,0,122,67,46,0,0,341,24,0
Utah,Utah,2015,365,206,146,13,0,0,0,120,86,48,0,45,213,104,3
Utah,Washington,2015,365,276,86,3,0,0,0,108,67,43,0,0,335,30,0
Utah,Wayne,2015,119,117,2,0,0,0,0,68,22,10,0,0,0,119,0
Utah,Weber,2015,365,197,155,12,1,0,0,189,80,50,0,5,198,152,10
Vermont,Bennington,2015,365,276,89,0,0,0,0,97,57,39,0,0,226,139,0
Vermont,Chittenden,2015,365,278,87,0,0,0,0,100,59,39,0,0,212,153,0
Vermont,Rutland,2015,365,225,137,3,0,0,0,121,69,40,0,35,0,330,0
Vermont,Windham,2015,112,105,7,0,0,0,0,66,43,18,0,0,0,112,0
Virgin Islands,St Croix,2015,38,16,22,0,0,0,0,88,80,54,0,0,0,21,17
Virgin Islands,St John,2015,109,79,30,0,0,0,0,74,60,32,0,0,0,109,0
Virginia,Albemarle,2015,365,271,94,0,0,0,0,77,57,41,0,0,124,241,0
Virginia,Alexandria City,2015,345,337,8,0,0,0,0,67,40,23,21,300,0,0,24
Virginia,Arlington,2015,365,271,88,6,0,0,0,126,67,41,8,105,181,71,0
Virginia,Bristol City,2015,112,75,37,0,0,0,0,67,56,39,0,0,0,112,0
Virginia,Caroline,2015,204,185,19,0,0,0,0,87,50,40,0,0,204,0,0
Virginia,Carroll,2015,58,58,0,0,0,0,0,35,18,10,0,0,0,0,58
Virginia,Charles,2015,350,306,43,1,0,0,0,112,52,34,0,101,166,83,0
Virginia,Chesterfield,2015,247,186,61,0,0,0,0,100,61,41,0,0,160,87,0
Virginia,Fairfax,2015,365,217,144,4,0,0,0,119,66,46,0,0,124,241,0
Virginia,Fauquier,2015,208,200,8,0,0,0,0,61,47,36,0,0,208,0,0
Virginia,Frederick,2015,342,213,129,0,0,0,0,86,64,45,0,0,104,238,0
Virginia,Fredericksburg City,2015,57,57,0,0,0,0,0,27,19,11,0,0,0,0,57
Virginia,Giles,2015,357,324,33,0,0,0,0,93,50,39,0,0,357,0,0
Virginia,Hampton City,2015,365,274,91,0,0,0,0,90,61,40,1,1,159,204,0
Virginia,Hanover,2015,214,189,25,0,0,0,0,74,54,40,0,0,214,0,0
Virginia,Henrico,2015,365,233,129,3,0,0,0,119,62,44,1,0,148,216,0
Virginia,Hopewell City,2015,60,60,0,0,0,0,0,23,16,10,0,0,0,0,60
Virginia,King William,2015,54,54,0,0,0,0,0,30,19,12,0,0,0,0,54
Virginia,Loudoun,2015,361,294,63,4,0,0,0,115,60,38,0,118,167,76,0
Virginia,Lynchburg City,2015,116,86,30,0,0,0,0,67,56,39,0,0,0,116,0
Virginia,Madison,2015,361,280,81,0,0,0,0,89,58,44,0,0,294,67,0
Virginia,Norfolk City,2015,365,332,33,0,0,0,0,79,47,21,13,235,0,117,0
Virginia,Page,2015,243,195,48,0,0,0,0,90,57,43,0,0,181,62,0
Virginia,Prince Edward,2015,361,351,10,0,0,0,0,74,46,34,0,0,361,0,0
Virginia,Prince William,2015,364,330,34,0,0,0,0,93,50,30,0,151,213,0,0
Virginia,Richmond City,2015,365,172,193,0,0,0,0,86,64,51,0,10,0,355,0
Virginia,Roanoke,2015,365,242,123,0,0,0,0,90,60,43,0,5,112,248,0
Virginia,Rockbridge,2015,263,229,34,0,0,0,0,83,51,38,0,0,181,82,0
Virginia,Rockingham,2015,361,306,55,0,0,0,0,90,55,36,0,104,174,83,0
Virginia,Salem City,2015,118,74,44,0,0,0,0,92,60,42,0,0,0,118,0
Virginia,Stafford,2015,214,183,31,0,0,0,0,97,54,40,0,0,214,0,0
Virginia,Suffolk City,2015,214,182,32,0,0,0,0,93,58,40,0,0,214,0,0
Virginia,Virginia Beach City,2015,352,254,98,0,0,0,0,87,57,39,0,0,0,352,0
Virginia,Winchester City,2015,59,59,0,0,0,0,0,31,17,11,0,0,0,0,59
Virginia,Wythe,2015,211,196,15,0,0,0,0,74,49,38,0,0,211,0,0
Washington,Adams,2015,356,294,57,2,3,0,0,165,55,27,0,0,0,356,0
Washington,Asotin,2015,267,177,90,0,0,0,0,84,63,36,0,0,0,267,0
Washington,Benton,2015,362,269,83,8,1,0,1,483,66,37,0,0,74,267,21
Washington,Chelan,2015,362,243,116,3,0,0,0,148,65,33,0,0,0,362,0
Washington,Clallam,2015,364,263,101,0,0,0,0,80,58,41,1,0,178,185,0
Washington,Clark,2015,344,243,96,2,3,0,0,159,65,40,0,0,93,251,0
Washington,Columbia,2015,362,342,19,1,0,0,0,104,43,19,0,0,0,362,0
Washington,Cowlitz,2015,362,308,53,1,0,0,0,109,54,27,0,0,0,362,0
Washington,Franklin,2015,359,300,56,3,0,0,0,139,55,27,0,0,0,359,0
Washington,Grant,2015,360,289,67,3,1,0,0,152,58,31,0,0,0,360,0
Washington,Grays Harbor,2015,343,303,40,0,0,0,0,68,51,29,0,0,0,343,0
Washington,Jefferson,2015,307,275,32,0,0,0,0,75,51,26,0,0,0,307,0
Washington,King,2015,364,131,224,9,0,0,0,129,73,53,1,28,43,292,0
Washington,Kitsap,2015,358,333,25,0,0,0,0,84,44,23,0,0,0,358,0
Washington,Kittitas,2015,363,281,78,2,2,0,0,159,64,28,0,0,0,363,0
Washington,Klickitat,2015,120,107,12,1,0,0,0,108,52,21,0,0,0,120,0
Washington,Lewis,2015,361,311,49,0,1,0,0,154,53,30,0,0,0,361,0
Washington,Mason,2015,362,316,45,1,0,0,0,102,53,29,0,0,0,362,0
Washington,Okanogan,2015,363,173,173,6,4,1,6,820,76,52,0,0,0,363,0
Washington,Pierce,2015,365,235,123,6,1,0,0,166,67,44,0,0,173,192,0
Washington,Skagit,2015,365,284,80,1,0,0,0,116,55,39,0,0,150,215,0
Washington,Snohomish,2015,362,238,112,10,2,0,0,158,69,38,0,0,0,362,0
Washington,Spokane,2015,364,215,135,10,4,0,0,173,71,46,1,0,116,236,11
Washington,Stevens,2015,362,224,126,10,2,0,0,161,73,36,0,0,0,325,37
Washington,Thurston,2015,357,295,62,0,0,0,0,99,58,34,0,0,140,217,0
Washington,Walla Walla,2015,362,289,69,3,1,0,0,153,56,26,0,0,0,362,0
Washington,Whatcom,2015,331,279,52,0,0,0,0,91,53,34,0,0,95,236,0
Washington,Whitman,2015,362,297,57,7,1,0,0,185,56,26,0,0,0,362,0
Washington,Yakima,2015,363,190,153,16,4,0,0,192,87,48,0,0,0,362,1
West Virginia,Berkeley,2015,254,162,92,0,0,0,0,100,69,47,0,0,172,82,0
West Virginia,Brooke,2015,365,295,70,0,0,0,0,92,61,17,12,0,0,123,230
West Virginia,Cabell,2015,259,178,80,1,0,0,0,101,67,43,0,0,177,82,0
West Virginia,Gilmer,2015,346,338,8,0,0,0,0,67,44,31,0,0,346,0,0
West Virginia,Greenbrier,2015,210,202,8,0,0,0,0,71,48,38,0,0,210,0,0
West Virginia,Hancock,2015,365,284,79,2,0,0,0,112,62,36,15,0,174,83,93
West Virginia,Harrison,2015,116,65,51,0,0,0,0,86,61,46,0,0,0,116,0
West Virginia,Kanawha,2015,359,281,76,1,1,0,0,167,61,36,0,0,158,94,107
West Virginia,Marion,2015,119,60,59,0,0,0,0,90,62,49,0,0,0,119,0
West Virginia,Marshall,2015,363,176,187,0,0,0,0,88,65,51,0,0,0,363,0
West Virginia,Monongalia,2015,254,184,68,2,0,0,0,133,64,43,0,0,177,77,0
West Virginia,Ohio,2015,251,165,84,2,0,0,0,112,66,44,0,0,169,82,0
West Virginia,Raleigh,2015,25,20,5,0,0,0,0,53,52,32,0,0,0,25,0
West Virginia,Tucker,2015,355,326,28,1,0,0,0,115,50,36,0,0,324,31,0
West Virginia,Wood,2015,260,176,80,4,0,0,0,129,66,44,0,0,180,80,0
Wisconsin,Ashland,2015,360,347,13,0,0,0,0,77,44,33,0,0,346,14,0
Wisconsin,Brown,2015,362,237,124,1,0,0,0,122,62,42,0,0,144,218,0
Wisconsin,Columbia,2015,214,192,22,0,0,0,0,80,51,40,0,0,214,0,0
Wisconsin,Dane,2015,347,224,122,1,0,0,0,106,64,44,0,0,140,207,0
Wisconsin,Dodge,2015,365,273,91,1,0,0,0,101,60,41,0,0,234,130,1
Wisconsin,Door,2015,202,175,22,5,0,0,0,129,61,39,0,0,202,0,0
Wisconsin,Eau Claire,2015,358,303,54,1,0,0,0,125,54,36,0,0,181,177,0
Wisconsin,Fond du Lac,2015,194,165,29,0,0,0,0,97,58,40,0,0,194,0,0
Wisconsin,Forest,2015,362,318,43,1,0,0,0,102,52,35,0,0,294,68,0
Wisconsin,Grant,2015,361,253,107,1,0,0,0,107,59,39,0,0,0,361,0
Wisconsin,Jefferson,2015,198,171,27,0,0,0,0,93,58,40,0,0,198,0,0
Wisconsin,Kenosha,2015,361,221,134,5,1,0,0,160,67,45,0,0,158,203,0
Wisconsin,Kewaunee,2015,200,170,27,3,0,0,0,119,58,40,0,0,200,0,0
Wisconsin,La Crosse,2015,361,280,81,0,0,0,0,98,58,40,0,0,186,175,0
Wisconsin,Manitowoc,2015,191,159,27,5,0,0,0,133,67,38,0,0,191,0,0
Wisconsin,Marathon,2015,204,192,12,0,0,0,0,90,48,36,0,0,204,0,0
Wisconsin,Milwaukee,2015,365,199,163,3,0,0,0,112,67,48,0,5,118,242,0
Wisconsin,Outagamie,2015,362,242,120,0,0,0,0,98,64,43,0,0,140,222,0
Wisconsin,Ozaukee,2015,365,260,100,5,0,0,0,122,64,40,0,0,167,198,0
Wisconsin,Racine,2015,185,154,30,1,0,0,0,105,67,39,0,0,185,0,0
Wisconsin,Rock,2015,192,165,27,0,0,0,0,100,58,41,0,0,192,0,0
Wisconsin,Sauk,2015,364,273,91,0,0,0,0,96,58,40,0,0,153,209,2
Wisconsin,Sheboygan,2015,198,154,33,10,1,0,0,159,80,40,0,0,198,0,0
Wisconsin,Taylor,2015,365,316,48,1,0,0,0,120,54,36,0,0,247,118,0
Wisconsin,Vilas,2015,204,186,18,0,0,0,0,84,48,34,0,0,170,34,0
Wisconsin,Walworth,2015,199,170,28,1,0,0,0,108,58,40,0,0,199,0,0
Wisconsin,Waukesha,2015,357,219,137,1,0,0,0,105,65,44,0,0,123,234,0
Wyoming,Albany,2015,365,277,88,0,0,0,0,93,61,46,0,0,310,11,44
Wyoming,Big Horn,2015,359,315,44,0,0,0,0,71,51,41,0,0,303,52,4
Wyoming,Campbell,2015,365,241,121,2,1,0,0,198,66,46,0,8,172,64,121
Wyoming,Carbon,2015,365,326,38,1,0,0,0,105,51,42,0,2,351,12,0
Wyoming,Converse,2015,365,288,72,3,2,0,0,161,61,43,0,0,272,31,62
Wyoming,Fremont,2015,365,276,89,0,0,0,0,97,60,45,0,0,323,42,0
Wyoming,Goshen,2015,167,142,23,2,0,0,0,138,56,29,0,0,10,157,0
Wyoming,Johnson,2015,57,56,1,0,0,0,0,61,24,8,0,0,0,57,0
Wyoming,Laramie,2015,365,302,62,0,1,0,0,152,61,43,1,3,310,50,1
Wyoming,Lincoln,2015,365,355,10,0,0,0,0,96,34,13,0,0,0,0,365
Wyoming,Natrona,2015,365,329,36,0,0,0,0,96,50,41,0,14,338,13,0
Wyoming,Park,2015,126,118,8,0,0,0,0,84,44,18,0,0,0,111,15
Wyoming,Platte,2015,60,57,3,0,0,0,0,86,46,14,0,0,0,0,60
Wyoming,Sheridan,2015,365,318,45,2,0,0,0,146,54,40,0,0,253,61,51
Wyoming,Sublette,2015,365,288,76,1,0,0,0,101,61,45,0,0,337,28,0
Wyoming,Sweetwater,2015,365,256,105,4,0,0,0,119,71,45,0,3,331,6,25
Wyoming,Teton,2015,365,322,42,1,0,0,0,107,53,42,0,0,349,13,3
Wyoming,Uinta,2015,365,316,47,2,0,0,0,101,54,41,0,0,354,0,11
Wyoming,Weston,2015,364,324,40,0,0,0,0,93,51,40,0,0,336,27,1
Alabama,Baldwin,2016,279,233,46,0,0,0,0,87,55,40,0,0,189,90,0
Alabama,Clay,2016,116,83,33,0,0,0,0,61,54,41,0,0,0,116,0
Alabama,Colbert,2016,282,241,40,1,0,0,0,115,52,41,0,0,193,89,0
Alabama,DeKalb,2016,348,282,65,1,0,0,0,119,56,41,0,0,293,55,0
Alabama,Elmore,2016,117,107,10,0,0,0,0,77,48,40,0,0,117,0,0
Alabama,Etowah,2016,352,77,269,3,3,0,0,190,69,58,0,0,64,288,0
Alabama,Houston,2016,280,242,38,0,0,0,0,97,52,37,0,0,194,86,0
Alabama,Jefferson,2016,366,105,252,8,1,0,0,151,77,56,0,4,79,281,2
Alabama,Lawrence,2016,118,104,13,1,0,0,0,105,52,33,0,0,0,118,0
Alabama,Madison,2016,333,258,74,1,0,0,0,122,57,42,0,0,212,58,63
Alabama,Mobile,2016,358,179,177,2,0,0,0,139,63,51,0,0,85,273,0
Alabama,Montgomery,2016,363,193,168,1,1,0,0,176,61,48,0,0,109,254,0
Alabama,Morgan,2016,365,240,123,2,0,0,0,107,59,46,0,0,123,242,0
Alabama,Russell,2016,257,165,92,0,0,0,0,100,62,45,0,0,129,128,0
Alabama,Shelby,2016,244,205,35,4,0,0,0,133,61,41,0,0,244,0,0
Alabama,Sumter,2016,336,282,54,0,0,0,0,74,53,37,0,0,136,200,0
Alabama,Talladega,2016,117,69,48,0,0,0,0,82,57,46,0,0,0,117,0
Alabama,Tuscaloosa,2016,365,107,258,0,0,0,0,100,63,54,0,0,55,310,0
Alaska,Aleutians East ,2016,119,117,2,0,0,0,0,59,24,11,0,0,0,119,0
Alaska,Anchorage ,2016,361,252,109,0,0,0,0,91,63,40,0,0,0,259,102
Alaska,Denali ,2016,358,357,1,0,0,0,0,54,41,33,0,0,354,4,0
Alaska,Fairbanks North Star ,2016,366,197,113,33,23,0,0,190,121,46,0,0,105,250,11
Alaska,Juneau ,2016,305,224,81,0,0,0,0,90,63,27,0,0,0,297,8
Alaska,Kenai Peninsula ,2016,122,122,0,0,0,0,0,34,18,9,0,0,0,122,0
Alaska,Matanuska-Susitna ,2016,366,282,80,4,0,0,0,128,64,34,0,0,223,124,19
Arizona,Apache,2016,366,362,4,0,0,0,0,56,24,14,0,0,0,58,308
Arizona,Cochise,2016,366,278,86,2,0,0,0,141,61,44,0,0,313,15,38
Arizona,Coconino,2016,366,298,68,0,0,0,0,97,61,44,0,0,361,5,0
Arizona,Gila,2016,366,256,108,2,0,0,0,115,71,44,0,0,300,2,64
Arizona,La Paz,2016,365,290,74,1,0,0,0,101,67,42,0,3,261,69,32
Arizona,Maricopa,2016,366,47,282,36,0,1,0,227,101,67,0,16,175,109,66
Arizona,Mohave,2016,357,334,23,0,0,0,0,83,42,19,0,0,0,53,304
Arizona,Navajo,2016,366,299,67,0,0,0,0,90,54,43,0,0,350,2,14
Arizona,Pima,2016,366,191,171,4,0,0,0,119,74,50,0,0,231,34,101
Arizona,Pinal,2016,366,57,256,46,5,1,1,1348,108,69,0,0,89,70,207
Arizona,Santa Cruz,2016,363,193,169,0,0,1,0,209,65,48,0,0,0,316,47
Arizona,Yavapai,2016,349,299,50,0,0,0,0,90,54,40,0,0,343,6,0
Arizona,Yuma,2016,366,199,153,12,1,0,1,410,77,49,0,0,180,97,89
Arkansas,Arkansas,2016,119,72,47,0,0,0,0,74,59,44,0,0,0,119,0
Arkansas,Ashley,2016,118,72,46,0,0,0,0,72,58,45,0,0,0,118,0
Arkansas,Clark,2016,355,351,4,0,0,0,0,54,45,34,0,0,355,0,0
Arkansas,Crittenden,2016,366,286,77,2,1,0,0,159,58,40,0,19,278,69,0
Arkansas,Garland,2016,119,66,53,0,0,0,0,70,58,48,0,0,0,119,0
Arkansas,Jackson,2016,115,72,43,0,0,0,0,79,62,39,0,0,0,115,0
Arkansas,Newton,2016,366,337,29,0,0,0,0,90,49,37,0,0,324,42,0
Arkansas,Polk,2016,366,289,77,0,0,0,0,87,57,41,0,0,295,71,0
Arkansas,Pulaski,2016,366,172,194,0,0,0,0,100,64,52,0,3,97,266,0
Arkansas,Union,2016,122,66,56,0,0,0,0,74,59,47,0,0,0,122,0
Arkansas,Washington,2016,366,311,55,0,0,0,0,77,53,40,0,0,291,75,0
California,Alameda,2016,366,155,196,13,2,0,0,154,74,52,0,2,123,241,0
California,Alpine,2016,24,19,5,0,0,0,0,69,55,29,0,0,0,24,0
California,Amador,2016,366,304,57,5,0,0,0,115,64,37,0,0,366,0,0
California,Butte,2016,366,115,235,16,0,0,0,127,87,57,0,0,143,223,0
California,Calaveras,2016,366,195,149,22,0,0,0,150,87,49,0,0,240,125,1
California,Colusa,2016,366,222,144,0,0,0,0,92,64,45,0,0,179,174,13
California,Contra Costa,2016,366,210,153,3,0,0,0,143,63,46,0,0,137,229,0
California,Del Norte,2016,177,156,21,0,0,0,0,69,52,26,0,0,0,177,0
California,El Dorado,2016,366,221,102,31,12,0,0,172,105,45,0,0,363,3,0
California,Fresno,2016,366,62,199,80,25,0,0,190,140,76,0,0,193,163,10
California,Glenn,2016,362,194,168,0,0,0,0,92,64,48,0,0,137,221,4
California,Humboldt,2016,366,288,78,0,0,0,0,77,57,38,0,1,192,169,4
California,Imperial,2016,366,64,257,39,3,1,2,546,105,61,0,2,118,156,90
California,Inyo,2016,366,238,105,15,4,1,3,418,87,45,0,0,301,29,36
California,Kern,2016,366,46,204,102,14,0,0,169,136,80,0,0,211,148,7
California,Kings,2016,366,61,231,71,3,0,0,156,115,72,0,0,164,155,47
California,Lake,2016,365,356,9,0,0,0,0,74,44,33,0,0,363,2,0
California,Los Angeles,2016,366,7,255,81,19,4,0,226,134,77,0,23,152,190,1
California,Madera,2016,366,91,225,47,3,0,0,156,105,63,0,0,187,167,12
California,Marin,2016,366,296,70,0,0,0,0,90,55,36,0,4,137,225,0
California,Mariposa,2016,366,197,149,19,1,0,0,159,93,48,0,0,242,114,10
California,Mendocino,2016,364,287,77,0,0,0,0,70,54,39,0,0,105,258,1
California,Merced,2016,366,115,216,33,2,0,0,151,100,58,0,0,178,186,2
California,Mono,2016,366,312,21,3,6,0,24,7063,63,18,0,0,0,37,329
California,Monterey,2016,366,290,65,3,8,0,0,185,55,37,0,0,203,140,23
California,Napa,2016,366,219,147,0,0,0,0,90,61,44,0,0,104,261,1
California,Nevada,2016,366,232,89,40,5,0,0,179,101,45,0,0,353,13,0
California,Orange,2016,366,87,264,13,2,0,0,169,88,58,0,16,118,231,1
California,Placer,2016,366,187,159,17,3,0,0,166,80,50,0,5,174,187,0
California,Plumas,2016,355,203,141,10,1,0,0,152,76,43,0,0,0,355,0
California,Riverside,2016,366,23,214,86,37,4,2,379,154,83,0,0,190,128,48
California,Sacramento,2016,366,136,191,33,6,0,0,172,101,55,0,0,172,194,0
California,San Benito,2016,366,298,63,5,0,0,0,126,61,39,0,0,325,41,0
California,San Bernardino,2016,366,9,219,78,48,12,0,217,172,84,0,19,182,157,8
California,San Diego,2016,366,30,294,40,2,0,0,164,105,68,0,2,176,188,0
California,San Francisco,2016,366,236,130,0,0,0,0,71,58,41,1,26,115,224,0
California,San Joaquin,2016,366,62,278,25,1,0,0,166,93,60,0,1,94,270,1
California,San Luis Obispo,2016,366,140,217,8,1,0,0,156,84,55,0,0,206,143,17
California,San Mateo,2016,366,214,152,0,0,0,0,70,59,47,1,14,80,271,0
California,Santa Barbara,2016,366,191,163,9,2,0,1,313,69,50,0,0,172,166,28
California,Santa Clara,2016,366,187,178,1,0,0,0,101,64,50,0,4,95,267,0
California,Santa Cruz,2016,366,306,60,0,0,0,0,76,54,35,0,0,162,204,0
California,Shasta,2016,366,296,56,14,0,0,0,140,74,41,0,0,358,8,0
California,Siskiyou,2016,362,351,11,0,0,0,0,93,44,27,0,0,335,27,0
California,Solano,2016,366,213,151,2,0,0,0,105,65,47,0,3,137,226,0
California,Sonoma,2016,366,323,43,0,0,0,0,87,51,34,0,0,265,99,2
California,Stanislaus,2016,366,102,221,40,3,0,0,164,103,59,0,0,163,202,1
California,Sutter,2016,366,115,219,32,0,0,0,147,97,58,0,0,158,208,0
California,Tehama,2016,366,218,106,37,5,0,0,174,108,45,0,0,307,58,1
California,Trinity,2016,167,83,84,0,0,0,0,97,73,51,0,0,0,167,0
California,Tulare,2016,366,55,187,102,22,0,0,177,145,77,0,0,199,164,3
California,Tuolumne,2016,354,223,86,38,7,0,0,164,108,44,0,0,354,0,0
California,Ventura,2016,366,120,237,9,0,0,0,147,84,56,0,0,138,224,4
California,Yolo,2016,366,246,116,4,0,0,0,115,64,43,0,1,216,148,1
Colorado,Adams,2016,366,236,129,1,0,0,0,105,65,46,1,82,172,89,22
Colorado,Alamosa,2016,360,354,4,1,0,1,0,271,31,18,0,0,0,16,344
Colorado,Arapahoe,2016,366,261,99,6,0,0,0,119,71,44,0,0,349,17,0
Colorado,Archuleta,2016,347,343,4,0,0,0,0,82,31,17,0,0,0,0,347
Colorado,Boulder,2016,204,178,26,0,0,0,0,97,52,39,0,0,103,97,4
Colorado,Chaffee,2016,151,97,51,3,0,0,0,105,71,47,0,0,151,0,0
Colorado,Clear Creek,2016,311,210,94,6,1,0,0,154,77,47,0,0,311,0,0
Colorado,Delta,2016,119,117,2,0,0,0,0,64,31,16,0,0,0,0,119
Colorado,Denver,2016,366,127,235,4,0,0,0,112,74,54,0,149,90,126,1
Colorado,Douglas,2016,362,251,95,15,1,0,0,151,80,44,0,0,351,11,0
Colorado,El Paso,2016,366,253,111,2,0,0,0,126,67,46,0,0,316,50,0
Colorado,Fremont,2016,52,52,0,0,0,0,0,50,24,14,0,0,0,0,52
Colorado,Garfield,2016,366,263,102,1,0,0,0,126,67,47,0,0,363,3,0
Colorado,Grand,2016,152,131,21,0,0,0,0,80,54,44,0,0,152,0,0
Colorado,Gunnison,2016,366,316,50,0,0,0,0,87,54,44,0,0,344,0,22
Colorado,Jackson,2016,115,114,1,0,0,0,0,53,19,8,0,0,0,115,0
Colorado,Jefferson,2016,366,245,101,17,3,0,0,159,87,46,0,0,366,0,0
Colorado,La Plata,2016,366,238,120,8,0,0,0,122,80,47,0,1,336,26,3
Colorado,Larimer,2016,366,162,196,7,1,0,0,151,87,51,0,0,284,81,1
Colorado,Mesa,2016,366,245,120,1,0,0,0,102,67,47,0,0,276,90,0
Colorado,Moffat,2016,345,316,29,0,0,0,0,67,50,41,0,0,345,0,0
Colorado,Montezuma,2016,366,286,80,0,0,0,0,97,64,44,0,0,366,0,0
Colorado,Montrose,2016,253,236,17,0,0,0,0,84,49,40,0,0,253,0,0
Colorado,Park,2016,366,270,93,3,0,0,0,133,64,47,0,0,363,2,1
Colorado,Pitkin,2016,122,122,0,0,0,0,0,44,24,12,0,0,0,25,97
Colorado,Prowers,2016,357,350,6,1,0,0,0,115,34,17,0,0,0,0,357
Colorado,Pueblo,2016,128,121,7,0,0,0,0,64,44,26,0,0,0,102,26
Colorado,Rio Blanco,2016,366,271,95,0,0,0,0,90,55,44,0,0,230,136,0
Colorado,Routt,2016,352,343,9,0,0,0,0,60,26,15,0,0,0,0,352
Colorado,San Juan,2016,121,121,0,0,0,0,0,31,18,8,0,0,0,121,0
Colorado,San Miguel,2016,245,189,55,1,0,0,0,105,63,44,0,0,187,0,58
Colorado,Weld,2016,366,201,162,3,0,0,0,129,71,49,0,0,240,125,1
Connecticut,Fairfield,2016,366,160,183,16,7,0,0,185,87,52,0,0,126,240,0
Connecticut,Hartford,2016,366,207,152,6,1,0,0,169,68,47,0,30,127,209,0
Connecticut,Litchfield,2016,366,296,62,7,1,0,0,164,61,39,1,0,293,72,0
Connecticut,Middlesex,2016,174,125,36,11,2,0,0,187,97,44,0,0,174,0,0
Connecticut,New Haven,2016,366,211,141,11,3,0,0,164,74,47,0,13,179,174,0
Connecticut,New London,2016,357,282,65,9,1,0,0,154,61,38,0,0,167,190,0
Connecticut,Tolland,2016,176,144,27,5,0,0,0,140,71,41,0,0,176,0,0
Connecticut,Windham,2016,358,331,23,3,1,0,0,154,48,35,0,0,358,0,0
Country Of Mexico,BAJA CALIFORNIA NORTE,2016,276,22,200,43,11,0,0,194,126,67,0,0,0,219,57
Delaware,Kent,2016,364,272,90,2,0,0,0,136,63,42,0,0,249,115,0
Delaware,New Castle,2016,366,173,183,9,1,0,0,154,74,52,0,9,154,203,0
Delaware,Sussex,2016,366,259,104,3,0,0,0,129,61,43,0,0,249,117,0
District Of Columbia,District of Columbia,2016,366,140,219,7,0,0,0,129,71,53,0,12,113,241,0
Florida,Alachua,2016,360,278,81,1,0,0,0,101,55,42,0,0,132,228,0
Florida,Baker,2016,358,334,24,0,0,0,0,80,47,34,0,0,358,0,0
Florida,Bay,2016,366,279,87,0,0,0,0,87,56,43,0,0,146,220,0
Florida,Brevard,2016,366,298,68,0,0,0,0,84,54,42,0,0,189,177,0
Florida,Broward,2016,362,213,149,0,0,0,0,93,60,47,1,11,92,258,0
Florida,Citrus,2016,343,213,129,1,0,0,0,104,56,45,0,0,0,343,0
Florida,Collier,2016,366,286,80,0,0,0,0,87,54,43,0,0,133,233,0
Florida,Columbia,2016,345,235,110,0,0,0,0,90,59,43,0,0,157,188,0
Florida,Duval,2016,366,210,156,0,0,0,0,97,63,48,0,1,129,236,0
Florida,Escambia,2016,366,260,106,0,0,0,0,97,58,44,0,0,214,152,0
Florida,Flagler,2016,362,346,16,0,0,0,0,74,46,35,0,0,362,0,0
Florida,Hamilton,2016,268,180,88,0,0,0,0,74,57,44,0,0,0,268,0
Florida,Highlands,2016,363,347,16,0,0,0,0,87,46,33,0,0,363,0,0
Florida,Hillsborough,2016,366,178,185,2,1,0,0,154,67,51,1,0,111,254,0
Florida,Holmes,2016,366,219,147,0,0,0,0,80,59,46,0,0,108,258,0
Florida,Indian River,2016,340,316,24,0,0,0,0,84,48,39,0,0,340,0,0
Florida,Lake,2016,334,299,34,1,0,0,0,115,51,37,0,0,334,0,0
Florida,Lee,2016,366,282,83,1,0,0,0,105,56,42,0,0,161,204,1
Florida,Leon,2016,361,204,157,0,0,0,0,85,60,48,0,0,52,309,0
Florida,Liberty,2016,342,333,9,0,0,0,0,67,45,33,0,0,342,0,0
Florida,Manatee,2016,366,343,23,0,0,0,0,87,49,36,0,0,366,0,0
Florida,Marion,2016,366,254,111,1,0,0,0,105,57,43,0,0,110,256,0
Florida,Martin,2016,363,280,83,0,0,0,0,87,55,41,0,0,146,217,0
Florida,Miami-Dade,2016,360,153,204,3,0,0,0,144,67,52,0,0,47,313,0
Florida,Nassau,2016,243,155,88,0,0,0,0,86,56,45,0,0,0,243,0
Florida,Okaloosa,2016,366,346,20,0,0,0,0,71,47,36,0,0,358,0,8
Florida,Orange,2016,366,214,152,0,0,0,0,97,59,47,0,6,118,242,0
Florida,Osceola,2016,366,342,24,0,0,0,0,90,49,35,0,0,366,0,0
Florida,Palm Beach,2016,359,204,152,2,1,0,0,164,62,47,0,0,91,207,61
Florida,Pasco,2016,366,328,37,1,0,0,0,105,51,37,0,0,366,0,0
Florida,Pinellas,2016,366,247,119,0,0,0,0,97,58,45,0,0,120,246,0
Florida,Polk,2016,366,251,115,0,0,0,0,90,57,44,0,0,127,239,0
Florida,Putnam,2016,361,361,0,0,0,0,0,45,24,14,0,0,0,0,361
Florida,Santa Rosa,2016,366,267,99,0,0,0,0,80,56,43,0,0,120,246,0
Florida,Sarasota,2016,366,223,143,0,0,0,0,97,59,47,0,0,98,268,0
Florida,Seminole,2016,365,325,40,0,0,0,0,87,51,38,0,0,326,32,7
Florida,St. Lucie,2016,329,309,20,0,0,0,0,93,48,37,0,0,329,0,0
Florida,Volusia,2016,359,276,83,0,0,0,0,90,56,42,0,0,159,200,0
Florida,Wakulla,2016,352,259,91,1,1,0,0,183,58,41,12,0,139,201,0
Georgia,Bibb,2016,366,184,177,5,0,0,0,147,66,50,0,0,77,289,0
Georgia,Charlton,2016,117,102,15,0,0,0,0,69,53,31,0,0,0,117,0
Georgia,Chatham,2016,365,234,128,3,0,0,0,143,59,44,0,0,61,304,0
Georgia,Chattooga,2016,242,217,25,0,0,0,0,93,51,42,0,0,242,0,0
Georgia,Clarke,2016,362,241,115,4,2,0,0,166,64,44,0,0,139,223,0
Georgia,Clayton,2016,121,67,53,1,0,0,0,145,59,46,0,0,0,121,0
Georgia,Cobb,2016,351,177,170,3,1,0,0,200,67,50,0,0,117,234,0
Georgia,Coffee,2016,43,28,15,0,0,0,0,59,55,41,0,0,0,43,0
Georgia,Columbia,2016,243,217,26,0,0,0,0,93,51,40,0,0,243,0,0
Georgia,Coweta,2016,366,242,123,0,1,0,0,154,61,43,0,0,121,245,0
Georgia,Dawson,2016,244,216,26,2,0,0,0,126,51,42,0,0,244,0,0
Georgia,DeKalb,2016,366,107,250,8,1,0,0,151,74,57,0,8,78,280,0
Georgia,Dougherty,2016,363,187,176,0,0,0,0,94,63,48,0,0,0,363,0
Georgia,Douglas,2016,245,196,42,6,1,0,0,151,67,43,0,0,245,0,0
Georgia,Floyd,2016,326,167,159,0,0,0,0,88,62,49,0,0,0,326,0
Georgia,Fulton,2016,366,101,252,12,1,0,0,156,74,55,0,6,60,300,0
Georgia,Glynn,2016,343,255,86,2,0,0,0,129,55,41,0,0,105,238,0
Georgia,Gwinnett,2016,365,221,135,9,0,0,0,147,64,46,0,0,143,222,0
Georgia,Hall,2016,119,78,39,1,1,0,0,156,57,40,0,0,0,119,0
Georgia,Henry,2016,365,238,118,8,1,0,0,159,64,44,0,0,138,227,0
Georgia,Houston,2016,352,222,128,2,0,0,0,107,58,44,0,0,0,352,0
Georgia,Lowndes,2016,327,201,126,0,0,0,0,77,59,43,0,0,0,327,0
Georgia,Murray,2016,275,231,43,1,0,0,0,112,58,43,0,0,230,45,0
Georgia,Muscogee,2016,360,226,129,5,0,0,0,148,63,44,0,0,117,243,0
Georgia,Paulding,2016,364,153,209,2,0,0,0,126,66,52,0,0,69,295,0
Georgia,Pike,2016,339,290,45,4,0,0,0,126,58,40,0,0,339,0,0
Georgia,Richmond,2016,365,216,145,2,2,0,0,165,61,46,0,0,91,274,0
Georgia,Rockdale,2016,240,179,52,9,0,0,0,140,80,44,0,0,240,0,0
Georgia,Sumter,2016,245,218,26,1,0,0,0,101,54,39,0,0,245,0,0
Georgia,Walker,2016,348,169,176,0,3,0,0,183,62,51,0,0,0,348,0
Georgia,Washington,2016,119,90,28,1,0,0,0,105,56,38,0,0,0,119,0
Georgia,Wilkinson,2016,117,69,46,1,1,0,0,151,61,44,0,0,0,117,0
Hawaii,Hawaii,2016,366,2,359,5,0,0,0,117,79,66,0,0,0,366,0
Hawaii,Honolulu,2016,366,330,36,0,0,0,0,64,49,32,0,1,234,116,15
Hawaii,Kauai,2016,358,352,6,0,0,0,0,59,36,17,0,46,0,312,0
Hawaii,Maui,2016,366,324,41,1,0,0,0,130,51,28,0,0,0,366,0
Idaho,Ada,2016,366,271,88,7,0,0,0,116,68,41,0,18,264,75,9
Idaho,Bannock,2016,366,266,100,0,0,0,0,86,58,36,0,0,0,346,20
Idaho,Benewah,2016,366,214,144,7,1,0,0,177,71,43,0,0,0,366,0
Idaho,Blaine,2016,113,97,16,0,0,0,0,93,61,10,0,0,0,113,0
Idaho,Boise,2016,363,251,106,5,1,0,0,157,64,38,0,0,0,363,0
Idaho,Bonner,2016,366,317,49,0,0,0,0,83,55,27,0,0,0,321,45
Idaho,Bonneville,2016,324,252,72,0,0,0,0,69,55,35,0,0,0,324,0
Idaho,Butte,2016,362,345,16,1,0,0,0,108,48,39,0,0,357,5,0
Idaho,Canyon,2016,366,187,175,4,0,0,0,117,67,50,0,0,0,358,8
Idaho,Custer,2016,116,103,9,3,1,0,0,170,57,11,0,0,0,116,0
Idaho,Franklin,2016,357,271,79,7,0,0,0,125,64,34,0,0,0,357,0
Idaho,Idaho,2016,366,268,98,0,0,0,0,82,58,39,0,0,9,357,0
Idaho,Jerome,2016,199,198,1,0,0,0,0,53,31,17,0,0,0,199,0
Idaho,Kootenai,2016,351,285,66,0,0,0,0,85,55,29,0,0,0,351,0
Idaho,Latah,2016,270,264,6,0,0,0,0,63,29,10,0,0,0,270,0
Idaho,Lemhi,2016,364,182,153,26,3,0,0,160,97,51,0,0,0,364,0
Idaho,Nez Perce,2016,366,287,77,2,0,0,0,141,57,31,0,0,0,366,0
Idaho,Shoshone,2016,366,196,165,5,0,0,0,150,73,47,0,0,0,366,0
Idaho,Twin Falls,2016,352,333,19,0,0,0,0,69,42,22,0,0,0,352,0
Idaho,Valley,2016,348,304,44,0,0,0,0,90,52,17,0,0,0,348,0
Illinois,Adams,2016,214,199,15,0,0,0,0,80,49,36,0,0,214,0,0
Illinois,Champaign,2016,366,254,112,0,0,0,0,100,61,43,0,0,196,170,0
Illinois,Clark,2016,203,175,27,1,0,0,0,101,54,38,0,0,203,0,0
Illinois,Cook,2016,366,115,233,16,2,0,0,169,80,56,0,34,83,245,4
Illinois,DuPage,2016,241,176,56,9,0,0,0,136,64,42,0,0,168,73,0
Illinois,Effingham,2016,214,181,33,0,0,0,0,93,54,39,0,0,214,0,0
Illinois,Hamilton,2016,285,197,88,0,0,0,0,100,63,42,0,0,159,126,0
Illinois,Jersey,2016,295,202,88,5,0,0,0,150,65,44,0,0,170,125,0
Illinois,Jo Daviess,2016,350,331,18,1,0,0,0,108,46,33,0,0,350,0,0
Illinois,Kane,2016,358,286,64,8,0,0,0,140,59,36,0,0,287,71,0
Illinois,Lake,2016,346,306,32,8,0,0,0,140,54,34,0,0,346,0,0
Illinois,Macon,2016,365,201,164,0,0,0,0,97,60,49,0,0,107,258,0
Illinois,Macoupin,2016,203,182,21,0,0,0,0,97,51,39,0,0,203,0,0
Illinois,Madison,2016,366,176,181,9,0,0,0,129,71,51,0,0,136,229,1
Illinois,McHenry,2016,362,241,115,6,0,0,0,129,59,44,0,0,144,218,0
Illinois,McLean,2016,366,283,82,1,0,0,0,108,61,39,0,0,269,97,0
Illinois,Peoria,2016,366,206,158,2,0,0,0,108,62,48,0,0,118,248,0
Illinois,Randolph,2016,295,209,85,1,0,0,0,119,61,42,0,0,156,139,0
Illinois,Rock Island,2016,343,298,44,1,0,0,0,108,52,34,0,0,287,56,0
Illinois,Saint Clair,2016,366,226,136,4,0,0,0,126,63,44,0,27,167,172,0
Illinois,Sangamon,2016,364,304,59,1,0,0,0,105,57,36,0,0,301,63,0
Illinois,Will,2016,365,201,163,1,0,0,0,105,62,48,0,0,111,254,0
Illinois,Winnebago,2016,354,300,51,3,0,0,0,105,56,36,0,0,288,66,0
Indiana,Allen,2016,358,194,161,3,0,0,0,119,67,48,0,0,115,243,0
Indiana,Bartholomew,2016,366,211,150,5,0,0,0,105,66,47,0,6,109,251,0
Indiana,Boone,2016,181,143,35,3,0,0,0,126,71,40,0,0,181,0,0
Indiana,Brown,2016,138,123,14,1,0,0,0,101,54,36,0,0,138,0,0
Indiana,Carroll,2016,182,147,33,2,0,0,0,101,61,39,0,0,182,0,0
Indiana,Clark,2016,365,195,163,7,0,0,0,143,67,49,0,0,107,258,0
Indiana,Delaware,2016,230,170,59,1,0,0,0,115,60,42,0,0,142,88,0
Indiana,Dubois,2016,127,78,49,0,0,0,0,76,60,44,0,0,0,125,2
Indiana,Elkhart,2016,358,197,153,8,0,0,0,131,70,48,0,0,82,276,0
Indiana,Floyd,2016,363,232,125,6,0,0,0,143,65,44,0,0,157,206,0
Indiana,Greene,2016,244,161,80,3,0,0,0,140,64,42,0,0,160,84,0
Indiana,Hamilton,2016,359,189,167,3,0,0,0,115,65,49,0,0,84,275,0
Indiana,Hendricks,2016,183,146,37,0,0,0,0,100,67,40,0,0,183,0,0
Indiana,Henry,2016,119,87,32,0,0,0,0,69,57,37,0,0,0,119,0
Indiana,Howard,2016,325,173,152,0,0,0,0,84,63,48,0,0,0,325,0
Indiana,Huntington,2016,180,156,23,1,0,0,0,105,64,37,0,0,180,0,0
Indiana,Jackson,2016,183,146,35,2,0,0,0,129,67,40,0,0,183,0,0
Indiana,Johnson,2016,183,158,25,0,0,0,0,100,54,38,0,0,183,0,0
Indiana,Knox,2016,359,313,42,4,0,0,0,119,61,35,0,0,359,0,0
Indiana,LaPorte,2016,244,185,57,2,0,0,0,112,62,39,0,0,156,88,0
Indiana,Lake,2016,366,183,177,5,0,1,0,242,67,51,1,6,75,281,3
Indiana,Madison,2016,358,224,134,0,0,0,0,97,64,44,0,0,99,259,0
Indiana,Marion,2016,366,111,244,11,0,0,0,143,77,55,0,0,78,287,1
Indiana,Monroe,2016,354,295,59,0,0,0,0,66,53,34,0,0,0,354,0
Indiana,Morgan,2016,183,154,28,1,0,0,0,105,61,39,0,0,183,0,0
Indiana,Perry,2016,183,140,40,3,0,0,0,136,74,41,0,0,183,0,0
Indiana,Porter,2016,366,236,123,7,0,0,0,126,67,44,0,0,133,215,18
Indiana,Posey,2016,181,148,32,1,0,0,0,112,64,39,0,0,181,0,0
Indiana,Shelby,2016,183,153,29,1,0,0,0,101,61,39,0,0,183,0,0
Indiana,Spencer,2016,118,74,44,0,0,0,0,80,59,43,0,0,0,118,0
Indiana,St. Joseph,2016,364,182,174,8,0,0,0,119,69,51,0,16,92,256,0
Indiana,Tippecanoe,2016,347,248,99,0,0,0,0,88,58,40,0,0,0,347,0
Indiana,Vanderburgh,2016,364,202,158,4,0,0,0,140,67,47,2,1,133,228,0
Indiana,Vigo,2016,363,180,182,1,0,0,0,108,67,51,0,0,79,284,0
Indiana,Wabash,2016,347,309,33,5,0,0,0,115,51,35,0,0,347,0,0
Indiana,Warrick,2016,183,136,42,4,1,0,0,151,71,42,0,0,183,0,0
Indiana,Whitley,2016,356,240,116,0,0,0,0,79,58,40,0,12,0,344,0
Iowa,Black Hawk,2016,364,179,184,1,0,0,0,118,62,51,0,0,0,364,0
Iowa,Bremer,2016,213,196,17,0,0,0,0,80,48,33,0,0,213,0,0
Iowa,Cerro Gordo,2016,350,346,4,0,0,0,0,59,31,15,0,0,0,0,350
Iowa,Clinton,2016,366,92,273,1,0,0,0,108,71,57,0,0,32,334,0
Iowa,Delaware,2016,128,99,29,0,0,0,0,81,58,31,0,0,0,107,21
Iowa,Harrison,2016,212,188,24,0,0,0,0,84,51,37,0,0,212,0,0
Iowa,Johnson,2016,366,236,130,0,0,0,0,100,58,44,0,0,0,366,0
Iowa,Lee,2016,113,71,42,0,0,0,0,74,60,42,0,0,0,113,0
Iowa,Linn,2016,366,197,168,1,0,0,0,106,63,47,0,0,81,285,0
Iowa,Montgomery,2016,366,232,133,1,0,0,0,121,58,44,0,0,123,243,0
Iowa,Muscatine,2016,366,188,178,0,0,0,0,96,63,49,0,0,0,366,0
Iowa,Palo Alto,2016,366,238,126,1,1,0,0,155,58,42,0,0,88,276,2
Iowa,Polk,2016,366,244,121,1,0,0,0,138,58,44,0,1,85,280,0
Iowa,Pottawattamie,2016,137,106,31,0,0,0,0,71,55,36,0,0,0,123,14
Iowa,Scott,2016,366,62,302,2,0,0,0,112,75,60,0,0,34,276,56
Iowa,Story,2016,212,198,14,0,0,0,0,77,48,35,0,0,212,0,0
Iowa,Van Buren,2016,366,177,187,1,1,0,0,158,64,51,0,0,81,285,0
Iowa,Warren,2016,212,203,9,0,0,0,0,71,45,33,0,0,212,0,0
Iowa,Woodbury,2016,127,96,31,0,0,0,0,66,58,36,0,0,0,118,9
Kansas,Chase,2016,118,105,11,2,0,0,0,148,52,24,0,0,0,118,0
Kansas,Ford,2016,366,360,6,0,0,0,0,67,31,16,0,0,0,0,366
Kansas,Johnson,2016,366,315,51,0,0,0,0,87,52,37,0,0,272,94,0
Kansas,Leavenworth,2016,362,333,29,0,0,0,0,97,49,35,0,0,362,0,0
Kansas,Neosho,2016,366,321,45,0,0,0,0,87,52,37,0,0,310,52,4
Kansas,Sedgwick,2016,366,284,81,0,1,0,0,195,58,43,0,9,233,95,29
Kansas,Shawnee,2016,366,319,47,0,0,0,0,87,52,37,0,0,314,47,5
Kansas,Sherman,2016,58,48,10,0,0,0,0,98,54,20,0,0,0,0,58
Kansas,Sumner,2016,362,320,42,0,0,0,0,90,51,38,0,2,319,41,0
Kansas,Trego,2016,366,334,32,0,0,0,0,67,50,39,0,0,311,55,0
Kansas,Wyandotte,2016,365,208,155,2,0,0,0,129,63,47,0,7,132,224,2
Kentucky,Bell,2016,261,230,29,1,1,0,0,165,52,39,0,0,227,34,0
Kentucky,Boone,2016,241,212,29,0,0,0,0,87,51,38,0,0,241,0,0
Kentucky,Boyd,2016,365,174,189,2,0,0,0,126,63,51,0,7,63,295,0
Kentucky,Bullitt,2016,236,202,33,1,0,0,0,122,58,39,0,0,236,0,0
Kentucky,Campbell,2016,363,160,200,3,0,0,0,115,67,52,0,5,68,290,0
Kentucky,Carter,2016,286,253,32,1,0,0,0,103,52,38,0,0,214,71,1
Kentucky,Christian,2016,283,223,60,0,0,0,0,90,58,41,0,0,198,85,0
Kentucky,Daviess,2016,366,127,237,1,1,0,0,156,67,54,0,0,38,328,0
Kentucky,Edmonson,2016,336,296,40,0,0,0,0,97,52,37,4,0,291,41,0
Kentucky,Fayette,2016,362,257,105,0,0,0,0,93,61,43,0,15,143,204,0
Kentucky,Greenup,2016,245,225,20,0,0,0,0,84,49,37,0,0,245,0,0
Kentucky,Hancock,2016,242,200,39,3,0,0,0,126,64,39,0,0,242,0,0
Kentucky,Hardin,2016,364,152,211,1,0,0,0,101,66,52,0,0,62,302,0
Kentucky,Henderson,2016,366,158,204,4,0,0,0,112,67,52,0,0,67,299,0
Kentucky,Jefferson,2016,366,121,230,14,1,0,0,151,80,54,0,5,106,255,0
Kentucky,Jessamine,2016,245,209,35,1,0,0,0,126,61,41,0,0,245,0,0
Kentucky,Livingston,2016,260,221,38,1,0,0,0,115,58,39,0,0,240,0,20
Kentucky,Madison,2016,97,68,29,0,0,0,0,91,57,39,0,0,0,97,0
Kentucky,McCracken,2016,366,153,212,1,0,0,0,105,64,53,0,0,36,330,0
Kentucky,Morgan,2016,365,331,32,2,0,0,0,112,50,37,0,0,365,0,0
Kentucky,Oldham,2016,241,204,34,3,0,0,0,112,64,41,0,0,241,0,0
Kentucky,Perry,2016,352,165,185,1,1,0,0,168,61,51,0,0,29,323,0
Kentucky,Pike,2016,366,188,175,3,0,0,0,126,61,49,0,0,53,313,0
Kentucky,Pulaski,2016,278,224,54,0,0,0,0,90,56,41,0,0,194,84,0
Kentucky,Simpson,2016,243,217,25,1,0,0,0,101,51,40,0,0,243,0,0
Kentucky,Trigg,2016,357,319,38,0,0,0,0,80,51,36,0,0,357,0,0
Kentucky,Warren,2016,365,192,173,0,0,0,0,93,61,49,0,0,81,284,0
Kentucky,Washington,2016,359,326,33,0,0,0,0,90,50,38,0,0,359,0,0
Louisiana,Ascension,2016,365,337,24,4,0,0,0,112,49,36,0,10,355,0,0
Louisiana,Bossier,2016,366,226,140,0,0,0,0,90,61,44,0,0,153,207,6
Louisiana,Caddo,2016,354,271,83,0,0,0,0,84,58,38,0,0,252,102,0
Louisiana,Calcasieu,2016,366,126,239,1,0,0,0,112,66,53,0,0,44,322,0
Louisiana,East Baton Rouge,2016,366,84,277,5,0,0,0,146,74,55,0,1,37,327,1
Louisiana,Iberville,2016,366,290,74,2,0,0,0,101,58,40,0,0,302,64,0
Louisiana,Jefferson,2016,366,290,75,1,0,0,0,126,56,42,0,5,251,110,0
Louisiana,Lafayette,2016,366,244,122,0,0,0,0,90,61,44,0,0,192,174,0
Louisiana,Lafourche,2016,366,306,60,0,0,0,0,93,54,39,0,0,232,134,0
Louisiana,Livingston,2016,359,159,198,2,0,0,0,112,64,51,0,1,76,282,0
Louisiana,Orleans,2016,366,183,183,0,0,0,0,73,58,51,0,10,0,356,0
Louisiana,Ouachita,2016,344,288,56,0,0,0,0,75,54,37,0,0,262,82,0
Louisiana,Pointe Coupee,2016,365,346,19,0,0,0,0,100,47,33,0,0,365,0,0
Louisiana,Rapides,2016,102,68,34,0,0,0,0,66,55,45,0,0,0,102,0
Louisiana,St. Bernard,2016,366,210,154,2,0,0,0,115,59,46,0,0,118,248,0
Louisiana,St. James,2016,366,347,19,0,0,0,0,84,46,31,0,0,366,0,0
Louisiana,St. John the Baptist,2016,365,347,17,1,0,0,0,105,48,35,0,0,365,0,0
Louisiana,St. Martin,2016,361,324,37,0,0,0,0,97,51,39,0,0,361,0,0
Louisiana,St. Tammany,2016,363,271,91,1,0,0,0,119,56,41,0,0,183,180,0
Louisiana,Tangipahoa,2016,117,97,20,0,0,0,0,65,53,37,0,0,0,117,0
Louisiana,Terrebonne,2016,120,97,23,0,0,0,0,76,53,37,0,0,0,120,0
Louisiana,West Baton Rouge,2016,366,213,151,2,0,0,0,112,61,47,0,5,105,256,0
Maine,Androscoggin,2016,358,297,61,0,0,0,0,82,54,35,0,0,143,212,3
Maine,Aroostook,2016,366,265,100,0,1,0,0,169,57,39,0,0,89,277,0
Maine,Cumberland,2016,366,288,78,0,0,0,0,97,56,39,0,5,174,185,2
Maine,Franklin,2016,347,313,34,0,0,0,0,72,48,21,0,0,0,347,0
Maine,Hancock,2016,366,326,38,2,0,0,0,122,52,38,0,0,294,72,0
Maine,Kennebec,2016,309,291,18,0,0,0,0,84,47,31,0,76,204,27,2
Maine,Knox,2016,181,171,9,1,0,0,0,122,48,33,0,0,181,0,0
Maine,Oxford,2016,363,280,83,0,0,0,0,90,59,35,0,0,141,222,0
Maine,Penobscot,2016,366,265,101,0,0,0,0,78,58,42,0,0,131,235,0
Maine,Washington,2016,366,360,6,0,0,0,0,74,44,32,0,0,359,7,0
Maine,York,2016,236,211,23,2,0,0,0,108,54,38,0,0,236,0,0
Maryland,Anne Arundel,2016,267,166,93,8,0,0,0,140,77,44,0,0,196,69,2
Maryland,Baltimore,2016,366,200,144,17,4,1,0,204,87,48,0,21,214,131,0
Maryland,Baltimore (City),2016,366,192,168,5,1,0,0,156,73,49,0,25,121,220,0
Maryland,Calvert,2016,214,165,46,3,0,0,0,115,67,42,0,0,214,0,0
Maryland,Carroll,2016,212,167,41,4,0,0,0,122,67,42,0,0,212,0,0
Maryland,Cecil,2016,359,209,140,9,1,0,0,154,67,47,0,0,166,193,0
Maryland,Charles,2016,213,166,41,6,0,0,0,133,71,42,0,0,213,0,0
Maryland,Dorchester,2016,366,236,127,3,0,0,0,122,61,45,0,0,180,186,0
Maryland,Frederick,2016,211,151,57,3,0,0,0,122,74,43,0,0,211,0,0
Maryland,Garrett,2016,364,301,63,0,0,0,0,97,56,42,0,1,226,137,0
Maryland,Harford,2016,359,211,136,11,1,0,0,154,74,48,0,0,166,193,0
Maryland,Howard,2016,366,194,172,0,0,0,0,87,61,48,2,69,0,295,0
Maryland,Kent,2016,357,259,94,4,0,0,0,150,67,42,0,0,178,179,0
Maryland,Montgomery,2016,345,248,97,0,0,0,0,100,60,42,0,0,183,162,0
Maryland,Prince George's,2016,366,199,158,9,0,0,0,129,74,48,0,2,177,187,0
Maryland,Washington,2016,351,209,138,4,0,0,0,112,64,47,0,0,140,211,0
Massachusetts,Barnstable,2016,362,334,27,1,0,0,0,115,47,36,0,0,346,16,0
Massachusetts,Berkshire,2016,355,259,96,0,0,0,0,82,58,36,0,0,0,355,0
Massachusetts,Bristol,2016,366,307,55,4,0,0,0,133,55,37,0,0,260,106,0
Massachusetts,Dukes,2016,354,335,17,2,0,0,0,126,47,36,0,0,324,30,0
Massachusetts,Essex,2016,366,295,68,3,0,0,0,105,58,39,0,1,253,112,0
Massachusetts,Franklin,2016,366,296,67,3,0,0,0,115,57,38,0,0,225,141,0
Massachusetts,Hampden,2016,366,276,84,5,1,0,0,161,62,41,0,11,219,136,0
Massachusetts,Hampshire,2016,359,302,53,3,1,0,0,159,55,38,0,2,276,81,0
Massachusetts,Middlesex,2016,362,341,21,0,0,0,0,100,46,33,0,0,362,0,0
Massachusetts,Norfolk,2016,365,326,36,3,0,0,0,143,51,37,0,8,347,10,0
Massachusetts,Plymouth,2016,366,298,67,1,0,0,0,105,56,39,0,0,211,155,0
Massachusetts,Suffolk,2016,366,180,186,0,0,0,0,90,66,51,0,11,39,316,0
Massachusetts,Worcester,2016,366,285,77,4,0,0,0,143,60,41,0,6,229,131,0
Michigan,Allegan,2016,240,174,57,9,0,0,0,150,71,43,0,0,171,69,0
Michigan,Bay,2016,355,264,91,0,0,0,0,83,56,37,0,0,0,355,0
Michigan,Benzie,2016,170,146,18,6,0,0,0,143,61,38,0,0,170,0,0
Michigan,Berrien,2016,242,166,65,11,0,0,0,140,80,43,0,0,167,75,0
Michigan,Cass,2016,183,128,46,9,0,0,0,129,87,42,0,0,183,0,0
Michigan,Chippewa,2016,299,258,40,1,0,0,0,101,53,37,0,0,83,216,0
Michigan,Clinton,2016,181,143,31,7,0,0,0,122,71,41,0,0,181,0,0
Michigan,Genesee,2016,364,245,110,9,0,0,0,129,63,42,0,0,130,234,0
Michigan,Huron,2016,183,163,15,5,0,0,0,119,51,38,0,0,183,0,0
Michigan,Ingham,2016,357,226,125,6,0,0,0,126,64,43,0,0,141,216,0
Michigan,Kalamazoo,2016,363,221,134,8,0,0,0,119,64,44,0,0,101,262,0
Michigan,Kent,2016,366,212,146,8,0,0,0,129,68,46,0,0,120,246,0
Michigan,Keweenaw,2016,120,118,2,0,0,0,0,55,33,12,0,0,0,120,0
Michigan,Lenawee,2016,361,223,136,2,0,0,0,119,62,44,0,0,125,236,0
Michigan,Macomb,2016,243,171,65,7,0,0,0,147,71,44,0,0,175,68,0
Michigan,Manistee,2016,241,208,31,2,0,0,0,133,55,34,0,0,167,74,0
Michigan,Mason,2016,180,157,17,6,0,0,0,129,64,38,0,0,180,0,0
Michigan,Missaukee,2016,365,302,57,6,0,0,0,115,55,38,0,0,243,122,0
Michigan,Monroe,2016,120,79,41,0,0,0,0,72,58,41,0,0,0,120,0
Michigan,Muskegon,2016,178,138,33,5,2,0,0,159,71,41,0,0,178,0,0
Michigan,Oakland,2016,244,164,74,6,0,0,0,126,77,43,0,0,166,78,0
Michigan,Ottawa,2016,166,131,28,7,0,0,0,133,74,41,0,0,166,0,0
Michigan,Schoolcraft,2016,350,310,31,9,0,0,0,147,51,32,0,0,158,192,0
Michigan,St. Clair,2016,364,236,124,4,0,0,0,140,61,43,0,0,93,271,0
Michigan,Tuscola,2016,360,332,24,4,0,0,0,115,49,34,0,0,360,0,0
Michigan,Washtenaw,2016,366,233,127,6,0,0,0,122,62,44,0,0,160,206,0
Michigan,Wayne,2016,366,99,250,17,0,0,0,133,85,57,0,7,60,281,18
Michigan,Wexford,2016,355,329,21,5,0,0,0,126,49,34,0,0,355,0,0
Minnesota,Anoka,2016,366,291,74,1,0,0,0,145,56,38,0,5,202,159,0
Minnesota,Becker,2016,361,324,37,0,0,0,0,90,51,29,0,0,186,175,0
Minnesota,Beltrami,2016,358,331,27,0,0,0,0,75,44,24,0,0,0,358,0
Minnesota,Carlton,2016,364,337,26,1,0,0,0,101,46,31,0,0,205,159,0
Minnesota,Cook,2016,356,346,10,0,0,0,0,58,39,18,0,0,0,356,0
Minnesota,Crow Wing,2016,357,313,44,0,0,0,0,84,52,34,0,0,93,264,0
Minnesota,Dakota,2016,366,289,76,1,0,0,0,135,56,34,0,34,0,332,0
Minnesota,Goodhue,2016,214,202,12,0,0,0,0,87,47,34,0,0,214,0,0
Minnesota,Hennepin,2016,366,198,166,2,0,0,0,145,68,48,0,6,30,180,150
Minnesota,Lake,2016,366,347,19,0,0,0,0,86,43,24,0,0,161,147,58
Minnesota,Lyon,2016,356,327,28,1,0,0,0,110,48,32,0,0,181,175,0
Minnesota,Mille Lacs,2016,211,204,7,0,0,0,0,77,41,30,0,0,211,0,0
Minnesota,Olmsted,2016,365,294,70,1,0,0,0,104,54,37,0,0,159,206,0
Minnesota,Ramsey,2016,366,271,93,1,1,0,0,151,58,38,0,0,0,351,15
Minnesota,Saint Louis,2016,366,323,42,1,0,0,0,128,52,34,0,0,231,128,7
Minnesota,Scott,2016,361,328,33,0,0,0,0,93,50,32,0,0,315,46,0
Minnesota,Stearns,2016,366,318,48,0,0,0,0,97,52,33,0,0,170,196,0
Minnesota,Washington,2016,366,275,91,0,0,0,0,89,60,36,0,0,187,146,33
Minnesota,Winona,2016,117,106,11,0,0,0,0,72,46,19,0,0,0,117,0
Minnesota,Wright,2016,361,306,53,2,0,0,0,140,54,36,0,0,151,210,0
Mississippi,Bolivar,2016,244,222,22,0,0,0,0,93,50,39,0,0,244,0,0
Mississippi,DeSoto,2016,325,186,138,1,0,0,0,115,63,47,0,0,71,254,0
Mississippi,Forrest,2016,336,212,124,0,0,0,0,74,58,46,0,0,0,336,0
Mississippi,Grenada,2016,109,79,30,0,0,0,0,69,56,41,0,0,0,109,0
Mississippi,Hancock,2016,277,234,43,0,0,0,0,90,55,40,0,0,181,96,0
Mississippi,Harrison,2016,359,256,103,0,0,0,0,97,57,44,0,0,105,254,0
Mississippi,Hinds,2016,366,153,213,0,0,0,0,100,64,52,0,0,62,304,0
Mississippi,Jackson,2016,340,288,52,0,0,0,0,93,54,39,0,58,197,85,0
Mississippi,Lauderdale,2016,212,203,9,0,0,0,0,71,48,37,0,0,212,0,0
Mississippi,Lee,2016,238,224,14,0,0,0,0,80,49,39,0,0,238,0,0
Mississippi,Yalobusha,2016,360,353,7,0,0,0,0,64,46,33,0,0,360,0,0
Missouri,Andrew,2016,214,188,26,0,0,0,0,100,58,40,0,0,214,0,0
Missouri,Boone,2016,214,198,16,0,0,0,0,97,49,37,0,0,214,0,0
Missouri,Buchanan,2016,363,229,134,0,0,0,0,96,58,44,0,0,0,343,20
Missouri,Callaway,2016,214,200,13,1,0,0,0,101,49,38,0,0,214,0,0
Missouri,Cass,2016,364,294,70,0,0,0,0,80,54,39,0,0,145,219,0
Missouri,Cedar,2016,354,273,81,0,0,0,0,71,56,41,0,0,150,204,0
Missouri,Clay,2016,361,273,85,3,0,0,0,119,61,41,0,0,182,179,0
Missouri,Clinton,2016,214,176,35,3,0,0,0,129,67,42,0,0,214,0,0
Missouri,Greene,2016,366,262,104,0,0,0,0,71,57,42,0,0,135,230,1
Missouri,Jackson,2016,366,213,152,1,0,0,0,105,62,47,0,46,0,299,21
Missouri,Jasper,2016,361,319,41,1,0,0,0,110,51,34,0,0,191,0,170
Missouri,Jefferson,2016,366,219,145,2,0,0,0,108,63,46,0,0,128,231,7
Missouri,Lincoln,2016,214,182,31,1,0,0,0,101,61,39,0,0,214,0,0
Missouri,Monroe,2016,366,353,13,0,0,0,0,87,44,32,0,0,363,0,3
Missouri,Perry,2016,214,173,40,1,0,0,0,119,64,42,0,0,214,0,0
Missouri,Saint Charles,2016,214,154,48,11,1,0,0,151,77,44,0,0,214,0,0
Missouri,Saint Louis,2016,366,205,154,7,0,0,0,136,67,48,0,26,122,218,0
Missouri,Sainte Genevieve,2016,214,185,27,2,0,0,0,105,54,39,0,0,214,0,0
Missouri,St. Louis City,2016,366,140,223,2,1,0,0,162,66,53,0,9,75,276,6
Missouri,Stoddard,2016,121,95,26,0,0,0,0,89,56,32,0,0,0,121,0
Missouri,Taney,2016,264,236,28,0,0,0,0,67,51,37,0,0,181,83,0
Montana,Cascade,2016,356,319,37,0,0,0,0,75,51,33,0,0,0,356,0
Montana,Fergus,2016,366,349,17,0,0,0,0,88,44,36,0,0,317,48,1
Montana,Flathead,2016,366,298,68,0,0,0,0,80,56,37,0,0,203,125,38
Montana,Gallatin,2016,366,296,59,7,3,0,1,479,61,33,2,5,0,359,0
Montana,Lake,2016,120,117,2,1,0,0,0,130,24,8,0,0,0,120,0
Montana,Lewis and Clark,2016,366,281,78,7,0,0,0,146,58,42,0,0,228,138,0
Montana,Lincoln,2016,366,212,154,0,0,0,0,99,71,44,0,0,0,366,0
Montana,Missoula,2016,366,72,269,25,0,0,0,139,96,58,0,0,3,363,0
Montana,Phillips,2016,366,348,18,0,0,0,0,95,44,34,0,0,273,93,0
Montana,Powder River,2016,366,299,67,0,0,0,0,100,57,39,0,0,218,122,26
Montana,Powell,2016,119,116,3,0,0,0,0,58,24,10,0,0,0,119,0
Montana,Ravalli,2016,351,245,95,9,2,0,0,160,67,34,0,0,0,351,0
Montana,Richland,2016,366,327,39,0,0,0,0,99,51,37,0,1,251,107,7
Montana,Roosevelt,2016,104,100,4,0,0,0,0,80,25,13,0,0,0,104,0
Montana,Rosebud,2016,366,307,58,1,0,0,0,132,55,38,0,15,256,72,23
Montana,Sanders,2016,335,324,11,0,0,0,0,91,26,12,0,0,0,55,280
Montana,Sheridan,2016,117,113,4,0,0,0,0,81,31,15,0,0,0,117,0
Montana,Silver Bow,2016,366,283,83,0,0,0,0,94,63,29,0,0,0,341,25
Montana,Yellowstone,2016,323,273,49,1,0,0,0,124,53,31,0,0,0,323,0
Nebraska,Cass,2016,352,322,30,0,0,0,0,99,48,22,0,0,0,0,352
Nebraska,Dawson,2016,12,12,0,0,0,0,0,49,46,14,0,0,0,0,12
Nebraska,Douglas,2016,366,225,139,2,0,0,0,130,61,45,0,0,142,223,1
Nebraska,Hall,2016,113,102,11,0,0,0,0,59,49,29,0,0,0,113,0
Nebraska,Knox,2016,350,323,26,1,0,0,0,101,48,35,0,0,350,0,0
Nebraska,Lancaster,2016,261,231,30,0,0,0,0,74,51,37,0,0,184,77,0
Nebraska,Sarpy,2016,357,239,116,2,0,0,0,120,57,42,0,0,0,357,0
Nebraska,Scotts Bluff,2016,87,77,10,0,0,0,0,62,52,26,0,0,0,87,0
Nebraska,Thomas,2016,113,112,1,0,0,0,0,51,30,14,0,0,0,113,0
Nebraska,Washington,2016,117,96,21,0,0,0,0,66,53,32,0,0,0,117,0
Nevada,Carson City,2016,366,282,84,0,0,0,0,93,61,43,0,0,298,68,0
Nevada,Churchill,2016,351,284,66,1,0,0,0,108,61,41,0,0,351,0,0
Nevada,Clark,2016,366,79,261,25,0,1,0,268,93,61,0,11,187,162,6
Nevada,Douglas,2016,336,268,67,1,0,0,0,105,58,34,0,0,0,336,0
Nevada,Elko,2016,345,340,4,1,0,0,0,134,33,20,0,0,0,28,317
Nevada,Lyon,2016,352,282,69,1,0,0,0,101,61,41,0,0,352,0,0
Nevada,Nye,2016,366,349,15,1,0,0,1,343,35,15,0,0,0,0,366
Nevada,Washoe,2016,366,203,156,7,0,0,0,108,77,49,0,11,257,92,6
Nevada,White Pine,2016,361,300,61,0,0,0,0,93,58,43,0,0,358,3,0
New Hampshire,Belknap,2016,257,230,27,0,0,0,0,84,51,35,0,0,177,80,0
New Hampshire,Cheshire,2016,366,290,75,1,0,0,0,105,58,37,0,0,252,114,0
New Hampshire,Coos,2016,365,303,58,4,0,0,0,119,61,44,0,0,363,2,0
New Hampshire,Grafton,2016,366,321,45,0,0,0,0,77,52,36,0,0,216,150,0
New Hampshire,Hillsborough,2016,366,324,39,3,0,0,0,108,52,37,0,0,331,35,0
New Hampshire,Merrimack,2016,358,344,14,0,0,0,0,84,44,31,0,0,358,0,0
New Hampshire,Rockingham,2016,366,289,75,2,0,0,0,122,58,41,0,0,248,118,0
New Jersey,Atlantic,2016,364,270,93,1,0,0,0,129,58,41,0,0,205,159,0
New Jersey,Bergen,2016,366,197,159,9,1,0,0,151,74,47,0,66,104,196,0
New Jersey,Camden,2016,366,165,192,9,0,0,0,136,75,52,2,7,134,215,8
New Jersey,Cumberland,2016,366,245,120,1,0,0,0,136,63,44,0,1,176,189,0
New Jersey,Essex,2016,366,217,146,3,0,0,0,136,64,46,0,35,92,238,1
New Jersey,Gloucester,2016,266,190,69,7,0,0,0,143,67,42,0,0,197,69,0
New Jersey,Hudson,2016,366,189,175,2,0,0,0,119,68,49,0,34,87,245,0
New Jersey,Hunterdon,2016,355,234,114,6,1,0,0,156,67,43,0,0,223,132,0
New Jersey,Mercer,2016,366,198,155,12,1,0,0,151,67,48,0,0,148,218,0
New Jersey,Middlesex,2016,366,225,129,11,1,0,0,151,71,45,0,4,169,193,0
New Jersey,Monmouth,2016,236,204,29,3,0,0,0,136,58,37,0,0,236,0,0
New Jersey,Morris,2016,364,312,49,2,1,0,0,151,55,35,0,18,309,37,0
New Jersey,Ocean,2016,362,260,96,5,1,0,0,161,64,40,0,0,179,183,0
New Jersey,Passaic,2016,270,209,56,5,0,0,0,136,62,41,0,0,204,66,0
New Jersey,Union,2016,366,152,214,0,0,0,0,90,66,52,0,24,0,342,0
New Jersey,Warren,2016,366,205,158,3,0,0,0,119,63,48,0,19,95,252,0
New Mexico,Bernalillo,2016,366,170,193,3,0,0,0,143,73,52,0,2,210,108,46
New Mexico,Catron,2016,108,104,4,0,0,0,0,62,27,12,0,0,0,108,0
New Mexico,Chaves,2016,117,113,4,0,0,0,0,90,39,22,0,0,0,117,0
New Mexico,Dona Ana,2016,366,111,240,12,2,0,1,594,87,56,0,0,177,134,55
New Mexico,Eddy,2016,362,292,70,0,0,0,0,100,61,44,0,2,360,0,0
New Mexico,Lea,2016,364,305,59,0,0,0,0,97,58,42,0,4,325,35,0
New Mexico,Lincoln,2016,113,109,4,0,0,0,0,73,26,13,0,0,0,113,0
New Mexico,Los Alamos,2016,119,119,0,0,0,0,0,32,21,11,0,0,0,119,0
New Mexico,Luna,2016,360,338,19,1,2,0,0,162,39,17,0,0,0,0,360
New Mexico,Rio Arriba,2016,362,304,58,0,0,0,0,80,54,44,0,0,359,3,0
New Mexico,San Juan,2016,366,273,91,2,0,0,0,108,71,44,0,10,355,0,1
New Mexico,Sandoval,2016,361,292,69,0,0,0,0,90,61,42,0,0,361,0,0
New Mexico,Santa Fe,2016,366,300,66,0,0,0,0,90,61,43,0,0,363,3,0
New Mexico,Socorro,2016,102,101,1,0,0,0,0,71,27,15,0,0,0,102,0
New Mexico,Taos,2016,362,349,13,0,0,0,0,59,33,16,0,0,0,362,0
New Mexico,Valencia,2016,362,280,82,0,0,0,0,97,61,43,0,0,362,0,0
New York,Albany,2016,366,280,84,2,0,0,0,119,61,39,0,0,225,141,0
New York,Bronx,2016,366,226,136,4,0,0,0,140,65,45,0,39,140,187,0
New York,Chautauqua,2016,363,315,45,3,0,0,0,140,54,37,0,0,340,23,0
New York,Dutchess,2016,353,324,24,5,0,0,0,122,49,34,0,0,353,0,0
New York,Erie,2016,366,210,150,6,0,0,0,136,63,47,0,12,132,222,0
New York,Essex,2016,366,330,34,2,0,0,0,112,50,39,0,0,361,5,0
New York,Franklin,2016,360,359,1,0,0,0,0,51,37,21,0,162,198,0,0
New York,Hamilton,2016,324,309,13,2,0,0,0,112,44,34,0,0,324,0,0
New York,Herkimer,2016,347,337,6,4,0,0,0,108,43,32,0,0,347,0,0
New York,Jefferson,2016,332,307,23,2,0,0,0,122,48,34,0,0,332,0,0
New York,Kings,2016,366,262,104,0,0,0,0,83,57,38,0,0,0,366,0
New York,Monroe,2016,366,251,113,2,0,0,0,122,61,43,0,3,153,210,0
New York,Nassau,2016,355,278,77,0,0,0,0,72,56,30,0,0,0,355,0
New York,New York,2016,366,170,192,4,0,0,0,126,71,52,0,0,115,251,0
New York,Niagara,2016,220,197,20,3,0,0,0,119,54,39,0,0,220,0,0
New York,Oneida,2016,362,298,64,0,0,0,0,69,53,27,0,0,0,362,0
New York,Onondaga,2016,366,314,50,2,0,0,0,122,53,36,0,0,271,95,0
New York,Orange,2016,366,299,66,1,0,0,0,112,55,38,0,0,231,135,0
New York,Oswego,2016,283,261,21,1,0,0,0,101,47,34,0,0,283,0,0
New York,Putnam,2016,356,317,34,4,1,0,0,156,51,35,0,0,356,0,0
New York,Queens,2016,366,245,115,6,0,0,0,143,65,44,0,38,153,175,0
New York,Richmond,2016,366,234,122,9,1,0,0,151,69,45,0,0,188,178,0
New York,Rockland,2016,363,278,81,4,0,0,0,136,61,39,0,0,257,106,0
New York,Saratoga,2016,350,328,19,3,0,0,0,119,48,33,0,0,350,0,0
New York,Steuben,2016,363,321,40,2,0,0,0,122,51,37,4,0,284,75,0
New York,Suffolk,2016,366,254,104,8,0,0,0,150,61,43,0,0,237,129,0
New York,Tompkins,2016,361,331,28,2,0,0,0,122,48,36,0,0,361,0,0
New York,Wayne,2016,351,321,28,2,0,0,0,136,48,34,0,0,351,0,0
New York,Westchester,2016,366,269,91,6,0,0,0,140,64,40,0,0,240,126,0
North Carolina,Alexander,2016,278,246,32,0,0,0,0,100,51,39,0,0,212,0,66
North Carolina,Avery,2016,358,308,46,4,0,0,0,149,53,42,0,0,327,31,0
North Carolina,Buncombe,2016,366,247,111,4,4,0,0,173,60,43,0,0,118,248,0
North Carolina,Caldwell,2016,214,180,34,0,0,0,0,90,54,43,0,0,214,0,0
North Carolina,Carteret,2016,327,308,19,0,0,0,0,93,47,36,0,0,327,0,0
North Carolina,Caswell,2016,329,303,26,0,0,0,0,97,49,33,0,0,207,4,118
North Carolina,Catawba,2016,358,194,161,1,2,0,0,154,61,48,0,0,0,358,0
North Carolina,Cumberland,2016,358,217,141,0,0,0,0,93,61,46,0,0,106,250,2
North Carolina,Davidson,2016,362,199,163,0,0,0,0,94,61,47,0,0,0,362,0
North Carolina,Durham,2016,366,194,171,1,0,0,0,119,62,49,0,0,91,275,0
North Carolina,Edgecombe,2016,356,257,99,0,0,0,0,97,58,40,0,0,107,249,0
North Carolina,Forsyth,2016,366,218,145,3,0,0,0,119,67,47,0,9,143,214,0
North Carolina,Graham,2016,213,162,50,1,0,0,0,112,64,45,0,0,213,0,0
North Carolina,Granville,2016,213,179,34,0,0,0,0,97,61,41,0,0,213,0,0
North Carolina,Guilford,2016,366,210,152,4,0,0,0,133,67,48,0,0,115,244,7
North Carolina,Haywood,2016,265,201,60,4,0,0,0,142,64,44,0,0,205,60,0
North Carolina,Hyde,2016,108,97,11,0,0,0,0,58,52,26,0,0,0,108,0
North Carolina,Jackson,2016,271,168,94,7,2,0,0,155,71,48,0,0,194,77,0
North Carolina,Johnston,2016,304,201,102,1,0,0,0,107,61,44,0,0,114,190,0
North Carolina,Lee,2016,363,194,169,0,0,0,0,100,61,48,0,0,131,232,0
North Carolina,Lenoir,2016,193,171,22,0,0,0,0,97,51,40,0,0,193,0,0
North Carolina,Lincoln,2016,211,173,36,1,1,0,0,156,61,44,0,0,211,0,0
North Carolina,Macon,2016,345,321,23,1,0,0,0,101,48,35,0,0,345,0,0
North Carolina,Martin,2016,213,200,13,0,0,0,0,97,48,36,0,0,197,0,16
North Carolina,Mecklenburg,2016,366,185,174,6,1,0,0,155,77,50,0,4,149,213,0
North Carolina,Mitchell,2016,232,172,56,1,3,0,0,162,57,37,0,0,0,232,0
North Carolina,Montgomery,2016,365,288,77,0,0,0,0,87,55,41,0,0,208,157,0
North Carolina,New Hanover,2016,359,302,57,0,0,0,0,90,54,35,0,0,142,217,0
North Carolina,Person,2016,214,192,21,1,0,0,0,101,51,40,0,0,214,0,0
North Carolina,Pitt,2016,288,206,82,0,0,0,0,100,60,42,0,0,117,171,0
North Carolina,Rockingham,2016,212,183,28,1,0,0,0,101,58,42,0,0,212,0,0
North Carolina,Rowan,2016,360,313,47,0,0,0,0,97,58,37,0,0,360,0,0
North Carolina,Swain,2016,365,244,109,8,4,0,0,182,64,44,0,0,130,235,0
North Carolina,Union,2016,209,165,41,3,0,0,0,108,67,44,0,0,209,0,0
North Carolina,Wake,2016,366,154,209,3,0,0,0,135,67,53,0,2,126,238,0
North Carolina,Yancey,2016,204,145,55,4,0,0,0,115,67,46,0,0,204,0,0
North Dakota,Billings,2016,366,353,13,0,0,0,0,92,45,35,0,0,330,36,0
North Dakota,Burke,2016,365,350,15,0,0,0,0,78,45,33,0,0,300,64,1
North Dakota,Burleigh,2016,337,320,16,1,0,0,0,117,44,31,0,10,218,88,21
North Dakota,Cass,2016,366,263,103,0,0,0,0,87,57,37,0,1,182,167,16
North Dakota,Dunn,2016,366,345,21,0,0,0,0,90,47,35,0,0,269,96,1
North Dakota,McKenzie,2016,366,356,10,0,0,0,0,89,45,33,0,1,335,30,0
North Dakota,Mercer,2016,366,356,9,1,0,0,0,107,44,32,0,6,321,39,0
North Dakota,Oliver,2016,366,351,15,0,0,0,0,92,46,33,0,1,304,60,1
North Dakota,Stutsman,2016,365,359,6,0,0,0,0,88,22,8,0,0,0,0,365
North Dakota,Williams,2016,364,349,15,0,0,0,0,94,45,32,0,0,295,55,14
Ohio,Adams,2016,366,339,27,0,0,0,0,73,49,31,0,0,0,366,0
Ohio,Allen,2016,366,297,66,3,0,0,0,122,58,37,0,0,189,177,0
Ohio,Ashtabula,2016,213,171,36,6,0,0,0,126,64,41,0,0,213,0,0
Ohio,Athens,2016,60,52,8,0,0,0,0,61,53,36,0,0,0,60,0
Ohio,Belmont,2016,366,320,46,0,0,0,0,100,53,17,1,256,0,105,4
Ohio,Butler,2016,362,234,117,11,0,0,0,136,75,44,0,0,274,87,1
Ohio,Clark,2016,363,200,157,6,0,0,0,119,67,48,0,0,125,238,0
Ohio,Clermont,2016,366,164,197,5,0,0,0,133,69,52,0,0,97,269,0
Ohio,Clinton,2016,211,154,53,4,0,0,0,112,74,44,0,0,211,0,0
Ohio,Columbiana,2016,61,61,0,0,0,0,0,36,24,15,0,0,0,0,61
Ohio,Cuyahoga,2016,366,146,215,5,0,0,0,112,73,54,0,14,105,241,6
Ohio,Delaware,2016,212,179,32,1,0,0,0,112,67,41,0,0,212,0,0
Ohio,Fayette,2016,353,310,42,1,0,0,0,108,54,37,0,0,353,0,0
Ohio,Franklin,2016,366,220,137,9,0,0,0,126,66,46,0,20,145,201,0
Ohio,Geauga,2016,214,155,49,10,0,0,0,140,74,44,0,0,214,0,0
Ohio,Greene,2016,366,229,136,1,0,0,0,105,67,44,0,0,155,211,0
Ohio,Hamilton,2016,366,118,236,12,0,0,0,140,77,55,0,9,99,258,0
Ohio,Jefferson,2016,360,105,253,2,0,0,0,105,71,56,0,0,58,302,0
Ohio,Knox,2016,213,175,38,0,0,0,0,100,64,41,0,0,213,0,0
Ohio,Lake,2016,366,225,132,9,0,0,0,143,67,44,1,0,148,217,0
Ohio,Lawrence,2016,366,227,136,3,0,0,0,119,61,46,0,0,95,271,0
Ohio,Licking,2016,214,172,39,3,0,0,0,108,64,43,0,0,214,0,0
Ohio,Lorain,2016,365,295,68,2,0,0,0,115,57,37,0,0,183,181,1
Ohio,Lucas,2016,334,199,131,4,0,0,0,112,64,46,0,0,127,207,0
Ohio,Madison,2016,213,161,50,2,0,0,0,112,64,43,0,0,213,0,0
Ohio,Mahoning,2016,366,222,144,0,0,0,0,78,58,45,0,0,28,338,0
Ohio,Medina,2016,362,234,127,1,0,0,0,105,62,44,0,0,143,219,0
Ohio,Miami,2016,213,164,46,3,0,0,0,101,67,43,0,0,213,0,0
Ohio,Montgomery,2016,366,227,133,6,0,0,0,112,67,46,0,0,139,227,0
Ohio,Noble,2016,348,297,49,2,0,0,0,105,54,39,0,0,303,45,0
Ohio,Portage,2016,247,209,38,0,0,0,0,90,54,38,0,0,186,61,0
Ohio,Preble,2016,366,250,115,1,0,0,0,105,63,43,0,0,203,163,0
Ohio,Scioto,2016,366,321,44,1,0,0,0,129,52,15,0,0,0,122,244
Ohio,Stark,2016,366,216,144,6,0,0,0,119,69,45,2,0,148,216,0
Ohio,Summit,2016,366,158,207,1,0,0,0,112,65,52,0,0,59,307,0
Ohio,Trumbull,2016,366,255,106,5,0,0,0,133,61,42,0,0,155,209,2
Ohio,Warren,2016,360,186,165,9,0,0,0,129,74,50,0,0,130,230,0
Ohio,Washington,2016,214,189,25,0,0,0,0,90,54,40,0,0,214,0,0
Ohio,Wood,2016,214,170,41,3,0,0,0,115,64,41,0,0,214,0,0
Oklahoma,Adair,2016,366,271,95,0,0,0,0,91,57,43,0,0,209,156,1
Oklahoma,Caddo,2016,137,134,3,0,0,0,0,61,44,33,0,0,137,0,0
Oklahoma,Canadian,2016,358,333,25,0,0,0,0,97,49,36,0,51,307,0,0
Oklahoma,Carter,2016,298,241,54,3,0,0,0,129,61,42,0,0,246,52,0
Oklahoma,Cherokee,2016,269,250,19,0,0,0,0,77,49,38,0,0,269,0,0
Oklahoma,Cleveland,2016,365,251,113,1,0,0,0,101,59,44,0,0,193,172,0
Oklahoma,Comanche,2016,366,277,89,0,0,0,0,87,57,42,0,0,212,154,0
Oklahoma,Cotton,2016,265,238,27,0,0,0,0,90,51,39,0,0,265,0,0
Oklahoma,Creek,2016,334,301,33,0,0,0,0,87,50,39,0,0,334,0,0
Oklahoma,Custer,2016,360,357,3,0,0,0,0,64,25,15,0,0,0,0,360
Oklahoma,Dewey,2016,361,280,81,0,0,0,0,87,56,42,0,0,236,125,0
Oklahoma,Grady,2016,286,286,0,0,0,0,0,33,16,9,0,286,0,0,0
Oklahoma,Johnston,2016,218,199,18,1,0,0,0,108,50,39,0,0,218,0,0
Oklahoma,Kay,2016,361,165,193,3,0,0,0,126,63,52,0,0,61,300,0
Oklahoma,Lincoln,2016,365,301,63,1,0,0,0,105,54,39,0,0,237,122,6
Oklahoma,Mayes,2016,294,264,30,0,0,0,0,93,51,38,0,0,294,0,0
Oklahoma,McClain,2016,362,335,27,0,0,0,0,87,48,37,0,0,362,0,0
Oklahoma,Muskogee,2016,355,350,5,0,0,0,0,76,30,17,0,0,0,0,355
Oklahoma,Oklahoma,2016,366,221,144,1,0,0,0,129,67,46,0,21,197,146,2
Oklahoma,Osage,2016,198,173,25,0,0,0,0,93,58,38,0,0,198,0,0
Oklahoma,Ottawa,2016,366,206,160,0,0,0,0,81,61,47,0,0,95,269,2
Oklahoma,Pittsburg,2016,366,258,108,0,0,0,0,85,59,43,0,0,181,185,0
Oklahoma,Sequoyah,2016,361,303,58,0,0,0,0,74,53,38,0,58,215,84,4
Oklahoma,Tulsa,2016,366,158,205,2,1,0,0,164,67,52,0,1,128,237,0
Oklahoma,Washington,2016,274,179,95,0,0,0,0,100,62,45,0,0,157,117,0
Oregon,Baker,2016,362,303,59,0,0,0,0,77,55,28,0,0,0,362,0
Oregon,Benton,2016,194,175,19,0,0,0,0,68,50,20,0,0,0,194,0
Oregon,Clackamas,2016,215,202,12,1,0,0,0,108,44,29,0,0,152,63,0
Oregon,Columbia,2016,348,338,10,0,0,0,0,64,43,26,0,0,139,209,0
Oregon,Crook,2016,348,261,86,1,0,0,0,115,62,26,0,0,0,348,0
Oregon,Deschutes,2016,327,301,26,0,0,0,0,65,49,29,0,0,0,327,0
Oregon,Douglas,2016,339,306,33,0,0,0,0,69,50,23,0,0,0,339,0
Oregon,Grant,2016,341,246,95,0,0,0,0,85,61,29,0,0,0,341,0
Oregon,Harney,2016,357,247,109,1,0,0,0,115,70,24,0,0,0,357,0
Oregon,Jackson,2016,366,263,103,0,0,0,0,83,60,41,0,0,75,291,0
Oregon,Josephine,2016,366,286,80,0,0,0,0,87,59,38,0,0,0,366,0
Oregon,Klamath,2016,363,250,113,0,0,0,0,92,67,41,0,0,0,363,0
Oregon,Lake,2016,360,300,58,1,1,0,0,161,58,24,0,0,0,360,0
Oregon,Lane,2016,366,256,109,1,0,0,0,108,63,39,0,0,120,245,1
Oregon,Linn,2016,366,298,68,0,0,0,0,80,56,26,0,0,0,366,0
Oregon,Marion,2016,361,304,57,0,0,0,0,97,56,33,0,0,143,218,0
Oregon,Multnomah,2016,366,324,41,1,0,0,0,108,52,33,0,11,216,139,0
Oregon,Umatilla,2016,366,297,68,1,0,0,0,112,58,35,0,0,132,234,0
Oregon,Union,2016,364,297,67,0,0,0,0,99,56,24,0,0,0,361,3
Oregon,Wallowa,2016,357,308,49,0,0,0,0,78,55,23,0,0,0,357,0
Oregon,Wasco,2016,358,297,61,0,0,0,0,80,55,34,0,0,149,209,0
Oregon,Washington,2016,366,292,74,0,0,0,0,84,58,35,0,23,163,180,0
Pennsylvania,Adams,2016,366,239,122,5,0,0,0,119,69,44,0,0,242,124,0
Pennsylvania,Allegheny,2016,366,103,243,19,1,0,0,152,84,56,0,0,86,280,0
Pennsylvania,Armstrong,2016,365,157,203,5,0,0,0,119,69,53,0,0,136,229,0
Pennsylvania,Beaver,2016,366,170,192,4,0,0,0,126,69,52,0,1,172,193,0
Pennsylvania,Berks,2016,366,136,223,7,0,0,0,129,71,54,0,0,89,277,0
Pennsylvania,Blair,2016,366,230,134,2,0,0,0,122,64,44,0,0,149,214,3
Pennsylvania,Bradford,2016,358,238,120,0,0,0,0,97,57,43,0,1,152,205,0
Pennsylvania,Bucks,2016,349,300,40,9,0,0,0,147,61,34,0,0,349,0,0
Pennsylvania,Cambria,2016,366,211,155,0,0,0,0,97,68,46,1,5,155,204,1
Pennsylvania,Centre,2016,366,232,132,2,0,0,0,122,63,45,0,1,193,172,0
Pennsylvania,Chester,2016,365,158,198,9,0,0,0,143,71,52,0,0,124,241,0
Pennsylvania,Clearfield,2016,338,305,32,1,0,0,0,119,50,38,0,0,338,0,0
Pennsylvania,Cumberland,2016,365,175,189,1,0,0,0,116,65,51,0,0,0,365,0
Pennsylvania,Dauphin,2016,366,188,172,6,0,0,0,115,70,50,0,0,152,214,0
Pennsylvania,Delaware,2016,366,121,240,5,0,0,0,136,75,55,0,2,92,272,0
Pennsylvania,Elk,2016,346,321,22,3,0,0,0,126,50,37,0,0,346,0,0
Pennsylvania,Erie,2016,366,233,131,2,0,0,0,129,60,44,0,2,180,184,0
Pennsylvania,Franklin,2016,337,325,12,0,0,0,0,74,44,33,0,0,337,0,0
Pennsylvania,Greene,2016,355,297,57,1,0,0,0,105,56,39,0,0,267,88,0
Pennsylvania,Indiana,2016,354,309,41,4,0,0,0,136,54,38,0,0,354,0,0
Pennsylvania,Lackawanna,2016,366,236,126,4,0,0,0,129,66,45,0,0,176,190,0
Pennsylvania,Lancaster,2016,366,117,243,6,0,0,0,136,76,56,0,0,80,286,0
Pennsylvania,Lawrence,2016,355,326,28,1,0,0,0,112,49,33,0,0,355,0,0
Pennsylvania,Lebanon,2016,366,95,264,7,0,0,0,122,71,55,0,0,65,301,0
Pennsylvania,Lehigh,2016,366,156,204,6,0,0,0,129,68,52,0,0,107,254,5
Pennsylvania,Luzerne,2016,366,336,29,1,0,0,0,119,48,34,0,0,348,0,18
Pennsylvania,Lycoming,2016,366,335,30,1,0,0,0,108,49,34,0,0,353,0,13
Pennsylvania,Mercer,2016,366,203,160,3,0,0,0,143,69,48,0,0,189,177,0
Pennsylvania,Monroe,2016,366,265,98,3,0,0,0,140,61,43,0,0,224,142,0
Pennsylvania,Montgomery,2016,317,266,46,5,0,0,0,140,61,34,0,0,317,0,0
Pennsylvania,Northampton,2016,366,153,203,9,0,1,0,242,77,53,0,0,137,229,0
Pennsylvania,Philadelphia,2016,366,111,246,9,0,0,0,147,77,55,0,7,100,259,0
Pennsylvania,Somerset,2016,357,324,32,1,0,0,0,105,50,36,0,0,357,0,0
Pennsylvania,Tioga,2016,366,280,84,2,0,0,0,112,58,41,0,1,256,109,0
Pennsylvania,Washington,2016,366,101,262,3,0,0,0,129,68,55,0,0,68,298,0
Pennsylvania,Westmoreland,2016,366,148,213,5,0,0,0,112,69,53,0,0,98,268,0
Pennsylvania,York,2016,366,176,185,5,0,0,0,133,70,51,0,3,153,210,0
Puerto Rico,Adjuntas,2016,97,85,12,0,0,0,0,75,55,28,0,0,0,97,0
Puerto Rico,Bayamon,2016,267,199,66,1,1,0,0,177,53,23,95,0,151,21,0
Puerto Rico,Caguas,2016,11,9,1,1,0,0,0,112,52,25,0,11,0,0,0
Puerto Rico,Catano,2016,366,339,25,1,0,1,0,203,44,24,0,0,127,132,107
Puerto Rico,Fajardo,2016,242,221,20,1,0,0,0,127,46,24,0,0,0,80,162
Puerto Rico,Guayama,2016,102,85,17,0,0,0,0,73,58,28,0,0,0,101,1
Puerto Rico,Guayanilla,2016,111,95,16,0,0,0,0,74,57,31,0,0,0,111,0
Puerto Rico,Guaynabo,2016,365,328,36,1,0,0,0,119,51,14,3,228,0,113,21
Puerto Rico,Juncos,2016,303,295,2,3,2,1,0,225,26,5,0,0,303,0,0
Puerto Rico,Ponce,2016,364,331,33,0,0,0,0,73,47,25,7,0,0,104,253
Puerto Rico,San Juan,2016,328,327,1,0,0,0,0,83,19,15,328,0,0,0,0
Rhode Island,Kent,2016,354,307,42,5,0,0,0,147,54,35,0,0,218,136,0
Rhode Island,Providence,2016,366,190,172,4,0,0,0,140,64,49,0,11,90,265,0
Rhode Island,Washington,2016,361,302,55,3,1,0,0,151,55,38,0,0,222,139,0
South Carolina,Abbeville,2016,311,285,26,0,0,0,0,87,49,39,0,0,311,0,0
South Carolina,Aiken,2016,242,217,25,0,0,0,0,84,51,40,0,0,242,0,0
South Carolina,Anderson,2016,256,240,16,0,0,0,0,90,49,41,0,0,256,0,0
South Carolina,Berkeley,2016,196,186,10,0,0,0,0,74,47,34,0,0,196,0,0
South Carolina,Charleston,2016,360,239,116,3,2,0,0,160,58,44,0,0,71,288,1
South Carolina,Cherokee,2016,172,148,23,1,0,0,0,101,54,41,0,0,172,0,0
South Carolina,Chesterfield,2016,356,250,105,1,0,0,0,139,59,42,0,0,161,193,2
South Carolina,Colleton,2016,343,264,76,2,1,0,0,153,58,39,0,0,136,207,0
South Carolina,Darlington,2016,241,220,21,0,0,0,0,87,50,39,0,0,241,0,0
South Carolina,Edgefield,2016,347,224,118,3,2,0,0,171,61,45,0,0,153,194,0
South Carolina,Florence,2016,232,158,74,0,0,0,0,85,57,41,0,0,0,232,0
South Carolina,Georgetown,2016,312,309,3,0,0,0,0,62,28,16,0,0,0,0,312
South Carolina,Greenville,2016,366,191,169,4,1,1,0,203,66,50,0,4,137,225,0
South Carolina,Horry,2016,136,136,0,0,0,0,0,39,33,26,0,0,136,0,0
South Carolina,Lexington,2016,360,199,159,0,2,0,0,171,61,47,0,0,0,351,9
South Carolina,Oconee,2016,349,276,71,2,0,0,0,133,56,43,0,0,243,106,0
South Carolina,Pickens,2016,259,213,45,1,0,0,0,108,61,44,0,0,259,0,0
South Carolina,Richland,2016,366,206,155,3,2,0,0,174,62,48,0,0,144,222,0
South Carolina,Spartanburg,2016,351,161,188,2,0,0,0,126,64,52,0,0,83,268,0
South Carolina,York,2016,325,295,29,1,0,0,0,105,50,39,0,0,325,0,0
South Dakota,Brookings,2016,365,329,35,1,0,0,0,101,50,35,0,0,253,95,17
South Dakota,Brown,2016,119,104,15,0,0,0,0,79,53,26,0,0,0,111,8
South Dakota,Codington,2016,366,295,71,0,0,0,0,73,54,28,0,0,0,240,126
South Dakota,Custer,2016,366,340,26,0,0,0,0,97,49,39,0,0,345,20,1
South Dakota,Hughes,2016,352,341,11,0,0,0,0,69,40,22,0,0,0,352,0
South Dakota,Jackson,2016,364,344,20,0,0,0,0,97,48,37,0,0,341,23,0
South Dakota,Meade,2016,366,354,12,0,0,0,0,74,45,35,0,0,349,0,17
South Dakota,Minnehaha,2016,366,269,95,2,0,0,0,105,58,42,0,0,209,157,0
South Dakota,Pennington,2016,366,284,81,1,0,0,0,101,58,33,0,24,0,230,112
South Dakota,Union,2016,366,295,69,2,0,0,0,112,57,38,0,1,200,153,12
Tennessee,Anderson,2016,223,185,38,0,0,0,0,93,61,43,0,0,223,0,0
Tennessee,Blount,2016,366,273,87,4,2,0,0,161,61,44,0,0,308,58,0
Tennessee,Claiborne,2016,344,321,22,1,0,0,0,108,48,38,0,0,344,0,0
Tennessee,Davidson,2016,366,148,213,5,0,0,0,126,64,53,0,14,58,294,0
Tennessee,DeKalb,2016,351,330,21,0,0,0,0,84,49,37,0,0,351,0,0
Tennessee,Dyer,2016,96,76,20,0,0,0,0,61,53,33,0,0,0,96,0
Tennessee,Hamilton,2016,288,179,106,2,1,0,0,186,67,47,0,0,213,75,0
Tennessee,Jefferson,2016,239,158,79,2,0,0,0,133,74,47,0,0,239,0,0
Tennessee,Knox,2016,366,167,192,4,3,0,0,175,69,52,0,0,135,223,8
Tennessee,Lawrence,2016,116,98,18,0,0,0,0,84,55,35,0,0,0,116,0
Tennessee,Loudon,2016,280,170,101,7,2,0,0,169,74,47,0,0,200,80,0
Tennessee,Madison,2016,115,88,27,0,0,0,0,63,53,37,0,0,0,115,0
Tennessee,Maury,2016,110,89,21,0,0,0,0,81,53,36,0,0,0,110,0
Tennessee,McMinn,2016,119,76,42,0,1,0,0,172,58,43,0,0,0,119,0
Tennessee,Montgomery,2016,308,218,90,0,0,0,0,68,56,42,0,0,0,303,5
Tennessee,Putnam,2016,122,87,35,0,0,0,0,89,55,39,0,0,0,122,0
Tennessee,Roane,2016,117,70,46,0,1,0,0,166,58,42,0,0,0,108,9
Tennessee,Sevier,2016,358,297,58,3,0,0,0,112,58,44,0,0,358,0,0
Tennessee,Shelby,2016,366,214,146,6,0,0,0,136,64,47,0,5,157,204,0
Tennessee,Sullivan,2016,322,249,70,3,0,0,0,127,61,42,2,43,222,55,0
Tennessee,Sumner,2016,285,209,75,1,0,0,0,105,61,44,0,0,207,78,0
Tennessee,Union,2016,20,20,0,0,0,0,0,19,17,11,0,0,0,0,20
Tennessee,Williamson,2016,244,219,24,1,0,0,0,108,51,40,0,0,244,0,0
Tennessee,Wilson,2016,225,186,39,0,0,0,0,97,61,41,0,0,225,0,0
Texas,Bell,2016,365,331,34,0,0,0,0,100,50,38,0,0,365,0,0
Texas,Bexar,2016,366,199,161,5,1,0,0,164,67,49,0,4,159,203,0
Texas,Bowie,2016,273,148,125,0,0,0,0,79,60,48,0,0,0,273,0
Texas,Brazoria,2016,366,313,50,3,0,0,0,115,61,36,0,4,362,0,0
Texas,Brewster,2016,359,297,62,0,0,0,0,84,55,41,0,0,279,80,0
Texas,Cameron,2016,366,220,144,2,0,0,0,110,67,45,0,0,114,252,0
Texas,Collin,2016,363,318,41,4,0,0,0,119,58,37,0,0,363,0,0
Texas,Culberson,2016,113,111,2,0,0,0,0,53,36,19,0,0,0,113,0
Texas,Dallas,2016,366,188,175,3,0,0,0,140,67,50,0,14,137,215,0
Texas,Denton,2016,366,248,107,11,0,0,0,143,65,44,0,5,218,143,0
Texas,Ector,2016,365,290,74,1,0,0,0,102,56,36,0,0,0,365,0
Texas,El Paso,2016,366,123,237,6,0,0,0,147,77,55,0,5,122,239,0
Texas,Ellis,2016,366,234,132,0,0,0,0,100,59,46,0,3,135,228,0
Texas,Fayette,2016,361,283,78,0,0,0,0,86,54,34,0,0,0,361,0
Texas,Galveston,2016,365,256,103,6,0,0,0,147,67,44,0,3,252,110,0
Texas,Gregg,2016,366,336,30,0,0,0,0,100,49,36,0,1,365,0,0
Texas,Harris,2016,366,118,231,16,1,0,0,159,80,55,0,12,112,240,2
Texas,Harrison,2016,366,265,101,0,0,0,0,79,56,42,0,0,143,223,0
Texas,Hidalgo,2016,366,232,133,1,0,0,0,114,65,43,0,0,143,222,1
Texas,Hood,2016,365,339,25,1,0,0,0,133,49,35,0,0,365,0,0
Texas,Hunt,2016,366,351,15,0,0,0,0,67,47,35,0,1,365,0,0
Texas,Jefferson,2016,366,237,126,3,0,0,0,122,66,45,0,0,185,181,0
Texas,Johnson,2016,357,300,53,4,0,0,0,150,64,40,0,0,357,0,0
Texas,Kaufman,2016,366,278,88,0,0,0,0,82,55,42,0,1,154,211,0
Texas,Kleberg,2016,153,109,44,0,0,0,0,93,58,37,0,0,0,153,0
Texas,Lubbock,2016,119,115,4,0,0,0,0,59,43,28,0,0,0,119,0
Texas,Maverick,2016,322,229,93,0,0,0,0,84,58,36,0,0,0,322,0
Texas,McLennan,2016,366,327,39,0,0,0,0,76,51,37,1,3,290,72,0
Texas,Montgomery,2016,366,197,165,4,0,0,0,133,63,49,0,0,137,229,0
Texas,Navarro,2016,366,260,106,0,0,0,0,85,58,43,0,0,155,211,0
Texas,Nueces,2016,366,272,94,0,0,0,0,94,60,40,0,0,219,147,0
Texas,Orange,2016,366,283,83,0,0,0,0,87,55,39,0,1,156,209,0
Texas,Parker,2016,365,333,31,0,1,0,0,156,50,37,0,0,365,0,0
Texas,Polk,2016,346,341,5,0,0,0,0,77,44,32,0,0,346,0,0
Texas,Potter,2016,361,345,16,0,0,0,0,58,44,28,0,0,0,361,0
Texas,Randall,2016,346,303,42,1,0,0,0,112,54,41,0,0,346,0,0
Texas,Rockwall,2016,360,331,29,0,0,0,0,77,49,35,0,0,360,0,0
Texas,Smith,2016,366,344,21,1,0,0,0,101,48,37,0,5,361,0,0
Texas,Tarrant,2016,366,197,161,7,1,0,0,174,69,48,0,10,159,197,0
Texas,Travis,2016,366,219,146,1,0,0,0,105,63,47,0,11,141,213,1
Texas,Victoria,2016,348,328,20,0,0,0,0,90,47,33,0,0,348,0,0
Texas,Webb,2016,366,222,144,0,0,0,0,97,65,46,0,0,58,307,1
Utah,Box Elder,2016,366,269,93,4,0,0,0,120,70,41,0,0,267,99,0
Utah,Cache,2016,366,241,117,8,0,0,0,129,68,46,0,3,205,157,1
Utah,Carbon,2016,312,230,82,0,0,0,0,93,67,44,0,19,293,0,0
Utah,Davis,2016,366,224,128,14,0,0,0,143,74,47,0,11,212,143,0
Utah,Duchesne,2016,366,268,90,5,3,0,0,177,64,45,0,1,319,46,0
Utah,Garfield,2016,96,96,0,0,0,0,0,33,24,11,0,0,0,96,0
Utah,Salt Lake,2016,366,165,174,23,4,0,0,158,90,53,0,9,236,118,3
Utah,San Juan,2016,365,309,56,0,0,0,0,93,54,44,0,0,364,1,0
Utah,Tooele,2016,366,252,107,6,1,0,0,166,67,44,0,0,250,116,0
Utah,Uintah,2016,366,234,121,4,5,2,0,216,74,47,0,1,337,28,0
Utah,Utah,2016,366,189,158,17,2,0,0,166,87,50,0,37,200,125,4
Utah,Washington,2016,366,281,85,0,0,0,0,87,63,43,0,1,333,32,0
Utah,Wayne,2016,120,120,0,0,0,0,0,46,24,11,0,0,0,120,0
Utah,Weber,2016,366,207,139,20,0,0,0,143,84,49,0,28,234,102,2
Vermont,Bennington,2016,366,325,40,1,0,0,0,112,51,37,0,0,280,86,0
Vermont,Chittenden,2016,366,319,47,0,0,0,0,80,52,36,0,0,243,123,0
Vermont,Rutland,2016,366,290,76,0,0,0,0,89,58,38,0,7,195,164,0
Vermont,Windham,2016,108,105,3,0,0,0,0,58,32,13,0,0,0,108,0
Virgin Islands,St Croix,2016,13,7,6,0,0,0,0,67,62,44,0,0,0,13,0
Virgin Islands,St John,2016,102,86,16,0,0,0,0,69,53,28,0,0,0,102,0
Virginia,Albemarle,2016,366,283,82,1,0,0,0,122,57,41,0,0,131,235,0
Virginia,Alexandria City,2016,180,174,5,1,0,0,0,103,38,12,30,50,0,0,100
Virginia,Arlington,2016,366,285,74,7,0,0,0,133,67,38,1,113,194,58,0
Virginia,Bristol City,2016,119,83,35,1,0,0,0,106,57,39,0,0,0,119,0
Virginia,Caroline,2016,182,160,21,1,0,0,0,112,51,36,0,0,182,0,0
Virginia,Carroll,2016,61,61,0,0,0,0,0,30,19,11,0,0,0,0,61
Virginia,Charles,2016,357,323,33,1,0,0,0,112,50,32,0,96,176,85,0
Virginia,Chesterfield,2016,265,212,52,1,0,0,0,115,56,39,0,0,175,90,0
Virginia,Fairfax,2016,366,228,132,6,0,0,0,129,64,44,0,17,107,242,0
Virginia,Fauquier,2016,213,197,16,0,0,0,0,93,49,35,0,0,213,0,0
Virginia,Frederick,2016,358,256,102,0,0,0,0,90,60,42,0,0,129,229,0
Virginia,Fredericksburg City,2016,59,59,0,0,0,0,0,20,18,11,0,0,0,0,59
Virginia,Giles,2016,341,312,28,1,0,0,0,115,50,39,0,0,341,0,0
Virginia,Hampton City,2016,362,304,56,2,0,0,0,133,53,38,2,6,144,210,0
Virginia,Hanover,2016,207,174,31,2,0,0,0,105,58,39,0,0,207,0,0
Virginia,Henrico,2016,364,249,112,3,0,0,0,129,61,43,0,2,153,209,0
Virginia,Hopewell City,2016,60,60,0,0,0,0,0,22,17,11,0,0,0,0,60
Virginia,King William,2016,29,29,0,0,0,0,0,20,14,8,0,0,0,0,29
Virginia,Loudoun,2016,366,302,63,1,0,0,0,112,58,36,0,107,189,70,0
Virginia,Lynchburg City,2016,120,96,24,0,0,0,0,65,54,38,0,0,0,120,0
Virginia,Madison,2016,361,302,58,1,0,0,0,108,54,41,0,0,303,58,0
Virginia,Norfolk City,2016,362,344,18,0,0,0,0,63,43,19,6,244,0,111,1
Virginia,Prince Edward,2016,346,332,13,1,0,0,0,105,46,33,0,0,346,0,0
Virginia,Prince William,2016,366,323,40,3,0,0,0,112,51,31,0,153,213,0,0
Virginia,Richmond City,2016,363,227,136,0,0,0,0,81,60,44,1,30,0,332,0
Virginia,Roanoke,2016,366,276,90,0,0,0,0,100,57,41,1,14,111,240,0
Virginia,Rockbridge,2016,264,239,25,0,0,0,0,90,50,35,0,0,180,84,0
Virginia,Rockingham,2016,366,320,45,1,0,0,0,108,53,34,0,108,184,74,0
Virginia,Salem City,2016,114,77,37,0,0,0,0,70,56,41,0,0,0,114,0
Virginia,Stafford,2016,193,162,30,1,0,0,0,108,54,39,0,0,193,0,0
Virginia,Suffolk City,2016,214,194,18,2,0,0,0,115,50,37,0,0,214,0,0
Virginia,Virginia Beach City,2016,342,274,68,0,0,0,0,71,54,34,0,0,0,342,0
Virginia,Winchester City,2016,59,59,0,0,0,0,0,25,16,10,0,0,0,0,59
Virginia,Wythe,2016,208,191,17,0,0,0,0,100,50,41,0,0,208,0,0
Washington,Adams,2016,346,339,7,0,0,0,0,58,33,19,0,0,0,346,0
Washington,Asotin,2016,362,280,82,0,0,0,0,93,57,36,0,0,0,362,0
Washington,Benton,2016,366,307,57,2,0,0,0,122,55,35,0,0,125,206,35
Washington,Chelan,2016,366,284,82,0,0,0,0,81,56,29,0,0,0,366,0
Washington,Clallam,2016,366,279,87,0,0,0,0,73,57,40,0,0,160,206,0
Washington,Clark,2016,366,304,62,0,0,0,0,92,56,31,0,0,122,244,0
Washington,Columbia,2016,334,318,16,0,0,0,0,60,41,20,0,0,0,334,0
Washington,Cowlitz,2016,363,331,32,0,0,0,0,77,49,23,0,0,0,363,0
Washington,Franklin,2016,332,318,14,0,0,0,0,81,35,18,0,0,0,332,0
Washington,Grant,2016,361,338,23,0,0,0,0,66,45,24,0,0,0,361,0
Washington,Grays Harbor,2016,364,330,34,0,0,0,0,75,49,28,0,0,0,364,0
Washington,Jefferson,2016,348,336,12,0,0,0,0,65,39,24,0,0,0,348,0
Washington,King,2016,366,240,126,0,0,0,0,100,60,44,0,41,54,271,0
Washington,Kitsap,2016,357,345,12,0,0,0,0,60,35,21,0,0,0,357,0
Washington,Kittitas,2016,366,288,72,6,0,0,0,143,63,25,0,0,0,366,0
Washington,Klickitat,2016,122,113,9,0,0,0,0,63,42,19,0,0,0,122,0
Washington,Lewis,2016,366,340,26,0,0,0,0,70,44,26,0,0,0,366,0
Washington,Mason,2016,366,327,39,0,0,0,0,72,51,27,0,0,0,366,0
Washington,Okanogan,2016,366,222,142,2,0,0,0,118,71,38,0,0,0,366,0
Washington,Pierce,2016,366,269,96,0,1,0,0,156,58,42,0,4,160,202,0
Washington,Skagit,2016,366,331,35,0,0,0,0,80,50,34,0,0,213,153,0
Washington,Snohomish,2016,366,278,85,3,0,0,0,120,61,32,0,0,0,366,0
Washington,Spokane,2016,366,254,112,0,0,0,0,81,58,42,0,0,92,272,2
Washington,Stevens,2016,366,254,110,2,0,0,0,110,65,34,0,0,0,340,26
Washington,Thurston,2016,349,308,41,0,0,0,0,91,52,31,0,0,108,241,0
Washington,Walla Walla,2016,271,229,42,0,0,0,0,85,54,24,0,0,0,271,0
Washington,Whatcom,2016,349,322,27,0,0,0,0,64,46,28,0,0,114,235,0
Washington,Whitman,2016,366,344,22,0,0,0,0,86,44,23,0,0,0,366,0
Washington,Yakima,2016,366,211,143,8,4,0,0,199,74,44,0,0,0,365,1
West Virginia,Berkeley,2016,255,186,68,1,0,0,0,112,63,42,0,0,173,82,0
West Virginia,Brooke,2016,366,304,62,0,0,0,0,80,55,19,6,0,0,122,238
West Virginia,Cabell,2016,262,202,59,1,0,0,0,129,59,40,0,0,186,76,0
West Virginia,Gilmer,2016,346,334,11,1,0,0,0,105,44,32,0,0,346,0,0
West Virginia,Greenbrier,2016,207,189,18,0,0,0,0,100,49,39,0,0,207,0,0
West Virginia,Hancock,2016,366,300,66,0,0,0,0,93,54,36,5,0,181,83,97
West Virginia,Harrison,2016,117,78,39,0,0,0,0,66,56,41,0,0,0,117,0
West Virginia,Kanawha,2016,354,245,107,2,0,0,0,119,58,41,58,0,127,169,0
West Virginia,Marion,2016,95,57,38,0,0,0,0,65,56,44,0,0,0,95,0
West Virginia,Marshall,2016,306,167,139,0,0,0,0,86,64,48,0,0,0,306,0
West Virginia,Monongalia,2016,260,216,44,0,0,0,0,74,54,38,0,0,168,92,0
West Virginia,Ohio,2016,261,176,82,3,0,0,0,108,61,44,0,0,184,77,0
West Virginia,Tucker,2016,356,326,29,1,0,0,0,105,49,36,0,0,334,22,0
West Virginia,Wood,2016,265,185,79,1,0,0,0,112,63,43,0,0,185,80,0
Wisconsin,Ashland,2016,358,342,16,0,0,0,0,80,42,32,0,0,344,14,0
Wisconsin,Brown,2016,366,282,81,3,0,0,0,112,59,36,0,0,121,245,0
Wisconsin,Columbia,2016,199,176,20,3,0,0,0,108,58,38,0,0,199,0,0
Wisconsin,Dane,2016,361,246,115,0,0,0,0,100,64,41,0,0,131,229,1
Wisconsin,Dodge,2016,366,280,83,3,0,0,0,148,61,38,0,0,235,131,0
Wisconsin,Door,2016,188,158,22,8,0,0,0,150,67,36,0,0,188,0,0
Wisconsin,Eau Claire,2016,359,268,91,0,0,0,0,84,57,40,0,0,117,242,0
Wisconsin,Fond du Lac,2016,189,165,21,3,0,0,0,108,58,38,0,0,189,0,0
Wisconsin,Forest,2016,350,325,24,1,0,0,0,101,48,34,0,0,308,42,0
Wisconsin,Grant,2016,281,205,76,0,0,0,0,81,57,38,0,0,0,281,0
Wisconsin,Jefferson,2016,201,176,21,4,0,0,0,108,61,40,0,0,201,0,0
Wisconsin,Kenosha,2016,362,253,94,13,2,0,0,161,67,43,0,0,198,164,0
Wisconsin,Kewaunee,2016,188,162,21,5,0,0,0,136,71,37,0,0,188,0,0
Wisconsin,La Crosse,2016,355,288,67,0,0,0,0,87,57,37,0,0,149,206,0
Wisconsin,Manitowoc,2016,188,160,21,7,0,0,0,147,67,37,0,0,188,0,0
Wisconsin,Marathon,2016,192,176,16,0,0,0,0,100,49,35,0,0,192,0,0
Wisconsin,Milwaukee,2016,366,227,131,7,1,0,0,185,67,44,0,18,158,189,1
Wisconsin,Outagamie,2016,349,272,75,2,0,0,0,108,60,36,0,0,155,194,0
Wisconsin,Ozaukee,2016,355,269,77,8,1,0,0,172,63,38,0,0,189,166,0
Wisconsin,Racine,2016,197,153,35,8,1,0,0,169,77,42,0,0,197,0,0
Wisconsin,Rock,2016,187,159,23,5,0,0,0,119,61,39,0,0,187,0,0
Wisconsin,Sauk,2016,366,300,65,1,0,0,0,101,56,35,0,0,166,199,1
Wisconsin,Sheboygan,2016,203,166,25,10,2,0,0,164,67,39,0,0,203,0,0
Wisconsin,Taylor,2016,360,321,39,0,0,0,0,84,52,35,0,0,282,78,0
Wisconsin,Vilas,2016,205,189,16,0,0,0,0,77,45,32,0,0,179,26,0
Wisconsin,Walworth,2016,188,161,22,5,0,0,0,115,61,38,0,0,188,0,0
Wisconsin,Waukesha,2016,360,219,141,0,0,0,0,100,63,44,0,0,110,250,0
Wyoming,Albany,2016,366,263,103,0,0,0,0,97,64,46,0,0,292,12,62
Wyoming,Big Horn,2016,283,277,6,0,0,0,0,84,46,38,0,0,283,0,0
Wyoming,Campbell,2016,366,252,113,1,0,0,0,141,62,44,0,0,209,46,111
Wyoming,Carbon,2016,366,335,31,0,0,0,0,84,50,42,0,12,351,3,0
Wyoming,Converse,2016,366,311,54,0,1,0,0,173,53,41,0,1,315,9,41
Wyoming,Fremont,2016,366,298,68,0,0,0,0,84,61,44,0,0,324,42,0
Wyoming,Goshen,2016,353,275,78,0,0,0,0,78,57,43,0,0,239,65,49
Wyoming,Laramie,2016,366,305,61,0,0,0,0,87,54,43,0,1,320,45,0
Wyoming,Lincoln,2016,366,363,3,0,0,0,0,69,33,13,0,0,0,0,366
Wyoming,Natrona,2016,366,330,36,0,0,0,0,80,50,41,0,12,340,14,0
Wyoming,Park,2016,121,115,6,0,0,0,0,87,32,16,0,0,0,109,12
Wyoming,Platte,2016,57,50,7,0,0,0,0,66,52,16,0,0,0,0,57
Wyoming,Sheridan,2016,366,326,39,1,0,0,0,110,54,39,0,0,292,43,31
Wyoming,Sublette,2016,366,287,78,1,0,0,0,102,61,45,0,0,335,31,0
Wyoming,Sweetwater,2016,366,303,63,0,0,0,0,100,58,44,0,0,322,11,33
Wyoming,Teton,2016,366,324,42,0,0,0,0,99,52,42,0,0,339,27,0
Wyoming,Uinta,2016,366,341,25,0,0,0,0,87,49,42,0,0,359,0,7
Wyoming,Weston,2016,357,314,43,0,0,0,0,80,51,42,0,0,350,7,0
Alabama,Baldwin,2017,270,224,45,1,0,0,0,108,56,39,0,0,188,82,0
Alabama,Clay,2017,118,76,42,0,0,0,0,69,57,40,0,0,0,118,0
Alabama,Colbert,2017,283,244,39,0,0,0,0,67,53,39,0,0,202,81,0
Alabama,DeKalb,2017,359,305,54,0,0,0,0,80,54,40,0,0,290,69,0
Alabama,Elmore,2017,226,221,5,0,0,0,0,58,45,35,0,0,226,0,0
Alabama,Etowah,2017,360,155,203,1,1,0,0,168,66,53,0,0,86,274,0
Alabama,Houston,2017,281,237,43,1,0,0,0,131,54,37,0,0,185,96,0
Alabama,Jefferson,2017,365,104,258,3,0,0,0,129,73,56,0,1,59,304,1
Alabama,Lawrence,2017,122,101,21,0,0,0,0,83,53,31,0,0,0,122,0
Alabama,Madison,2017,335,277,58,0,0,0,0,100,54,40,0,0,210,69,56
Alabama,Mobile,2017,361,250,106,5,0,0,0,139,60,43,0,0,160,201,0
Alabama,Montgomery,2017,346,144,199,2,0,1,0,246,67,53,0,0,79,267,0
Alabama,Morgan,2017,364,264,100,0,0,0,0,80,57,43,0,0,142,222,0
Alabama,Russell,2017,311,184,127,0,0,0,0,88,66,46,0,0,155,156,0
Alabama,Shelby,2017,239,222,17,0,0,0,0,97,50,38,0,0,239,0,0
Alabama,Sumter,2017,350,279,71,0,0,0,0,85,54,38,0,0,148,202,0
Alabama,Talladega,2017,116,65,51,0,0,0,0,73,60,44,0,0,0,116,0
Alabama,Tuscaloosa,2017,350,92,257,1,0,0,0,123,71,57,0,0,38,312,0
Alaska,Aleutians East ,2017,118,118,0,0,0,0,0,38,24,12,0,0,0,118,0
Alaska,Anchorage ,2017,365,299,65,1,0,0,0,105,59,28,3,0,0,236,126
Alaska,Denali ,2017,360,359,1,0,0,0,0,52,42,34,0,0,356,4,0
Alaska,Fairbanks North Star ,2017,365,212,108,25,20,0,0,190,115,44,0,3,73,289,0
Alaska,Juneau ,2017,356,281,74,1,0,0,0,103,59,20,0,0,0,354,2
Alaska,Kenai Peninsula ,2017,67,67,0,0,0,0,0,30,16,8,0,0,0,67,0
Alaska,Matanuska-Susitna ,2017,365,296,64,4,1,0,0,157,61,32,0,0,202,140,23
Arizona,Apache,2017,365,361,4,0,0,0,0,62,30,14,0,0,0,56,309
Arizona,Cochise,2017,365,248,115,2,0,0,0,111,71,45,0,0,288,29,48
Arizona,Coconino,2017,365,253,111,1,0,0,0,105,71,46,0,0,348,17,0
Arizona,Gila,2017,365,247,109,8,1,0,0,161,74,44,0,0,318,3,44
Arizona,La Paz,2017,361,273,86,2,0,0,0,105,64,44,3,0,309,46,3
Arizona,Maricopa,2017,365,38,272,50,5,0,0,173,108,71,0,11,198,79,77
Arizona,Mohave,2017,355,349,6,0,0,0,0,86,31,17,0,0,0,54,301
Arizona,Navajo,2017,365,278,86,1,0,0,0,101,64,44,0,0,349,2,14
Arizona,Pima,2017,365,121,237,7,0,0,0,122,80,54,0,0,188,77,100
Arizona,Pinal,2017,365,55,242,59,7,1,1,358,115,75,0,0,111,62,192
Arizona,Santa Cruz,2017,365,236,125,2,2,0,0,198,65,40,0,0,0,293,72
Arizona,Yavapai,2017,340,231,104,5,0,0,0,119,74,46,0,0,326,14,0
Arizona,Yuma,2017,365,201,150,12,1,1,0,235,73,49,0,0,168,142,55
Arkansas,Arkansas,2017,113,73,40,0,0,0,0,67,57,39,0,0,0,113,0
Arkansas,Ashley,2017,121,71,50,0,0,0,0,69,57,44,0,0,0,121,0
Arkansas,Clark,2017,358,345,13,0,0,0,0,74,45,34,0,0,358,0,0
Arkansas,Crittenden,2017,365,199,165,1,0,0,0,140,62,48,0,4,99,262,0
Arkansas,Garland,2017,121,74,47,0,0,0,0,74,58,46,0,0,0,121,0
Arkansas,Jackson,2017,122,77,45,0,0,0,0,71,59,40,0,0,0,122,0
Arkansas,Newton,2017,365,338,27,0,0,0,0,63,48,38,0,0,336,29,0
Arkansas,Polk,2017,362,299,63,0,0,0,0,97,55,41,0,0,290,72,0
Arkansas,Pulaski,2017,365,161,203,1,0,0,0,115,64,52,0,1,81,283,0
Arkansas,Union,2017,365,164,201,0,0,0,0,92,62,52,0,0,0,365,0
Arkansas,Washington,2017,365,174,191,0,0,0,0,83,62,51,0,0,92,273,0
California,Alameda,2017,365,106,245,9,4,1,0,205,78,56,0,6,51,308,0
California,Amador,2017,362,291,67,4,0,0,0,136,64,38,0,0,362,0,0
California,Butte,2017,365,100,241,23,1,0,0,155,95,59,0,0,150,213,2
California,Calaveras,2017,354,118,222,12,2,0,0,172,87,57,0,0,198,155,1
California,Colusa,2017,365,237,120,7,0,1,0,213,67,43,0,0,168,179,18
California,Contra Costa,2017,365,131,222,8,4,0,0,175,76,54,0,0,55,310,0
California,Del Norte,2017,298,241,55,0,1,1,0,251,56,27,0,0,0,298,0
California,El Dorado,2017,362,235,96,31,0,0,0,147,100,45,0,0,327,7,28
California,Fresno,2017,365,76,169,93,26,1,0,207,140,75,0,2,212,140,11
California,Glenn,2017,365,231,127,7,0,0,0,150,63,46,0,0,144,185,36
California,Humboldt,2017,365,298,59,5,3,0,0,180,61,37,1,1,230,123,10
California,Imperial,2017,365,73,250,37,2,2,1,328,104,64,0,2,139,163,61
California,Inyo,2017,365,195,145,16,3,0,6,2234,87,49,0,0,256,58,51
California,Kern,2017,365,59,167,115,24,0,0,197,140,85,0,0,236,121,8
California,Kings,2017,365,82,212,50,21,0,0,192,125,72,0,0,185,145,35
California,Lake,2017,362,350,10,1,1,0,0,172,44,35,0,0,346,15,1
California,Los Angeles,2017,365,9,237,73,38,8,0,224,156,79,0,20,156,189,0
California,Madera,2017,365,117,200,42,6,0,0,166,105,62,0,1,210,139,15
California,Marin,2017,365,224,133,5,3,0,0,164,62,44,0,6,86,273,0
California,Mariposa,2017,365,146,179,31,9,0,0,189,101,54,0,0,216,149,0
California,Mendocino,2017,365,226,131,7,0,1,0,203,70,45,0,0,107,255,3
California,Merced,2017,364,127,203,31,3,0,0,161,100,58,0,0,173,189,2
California,Mono,2017,365,300,40,5,1,4,15,3767,63,18,0,0,0,40,325
California,Monterey,2017,365,265,99,1,0,0,0,121,58,41,0,0,188,150,27
California,Napa,2017,365,137,214,7,5,2,0,274,71,53,1,1,37,326,0
California,Nevada,2017,365,194,90,62,19,0,0,185,133,49,0,0,343,22,0
California,Orange,2017,365,86,247,30,2,0,0,151,97,59,0,15,138,209,3
California,Placer,2017,365,211,145,7,2,0,0,156,77,46,0,5,224,134,2
California,Plumas,2017,351,184,142,17,8,0,0,189,90,47,0,0,0,351,0
California,Riverside,2017,365,26,188,100,43,6,2,359,161,87,0,1,213,120,31
California,Sacramento,2017,365,105,225,33,2,0,0,164,100,60,0,0,146,215,4
California,San Benito,2017,365,284,79,2,0,0,0,117,64,41,0,0,311,51,3
California,San Bernardino,2017,365,9,209,73,51,23,0,233,185,84,0,8,203,140,14
California,San Diego,2017,365,41,262,56,6,0,0,174,112,68,0,0,203,162,0
California,San Francisco,2017,365,211,147,7,0,0,0,136,67,44,0,28,103,234,0
California,San Joaquin,2017,365,141,191,33,0,0,0,146,100,55,0,2,153,202,8
California,San Luis Obispo,2017,365,107,250,8,0,0,0,133,82,58,0,0,158,187,20
California,San Mateo,2017,365,238,120,4,3,0,0,155,62,42,0,13,123,229,0
California,Santa Barbara,2017,365,181,167,6,8,2,1,313,74,51,0,0,169,187,9
California,Santa Clara,2017,365,174,179,9,3,0,0,182,75,52,0,5,132,228,0
California,Santa Cruz,2017,365,269,92,4,0,0,0,130,61,39,0,0,176,189,0
California,Shasta,2017,365,260,91,12,2,0,0,159,84,44,0,0,348,17,0
California,Siskiyou,2017,225,198,23,3,1,0,0,167,57,28,0,0,134,91,0
California,Solano,2017,365,173,182,5,5,0,0,184,73,52,0,2,121,242,0
California,Sonoma,2017,365,267,93,2,3,0,0,169,60,41,0,0,186,178,1
California,Stanislaus,2017,365,127,175,55,8,0,0,185,112,61,0,1,207,150,7
California,Sutter,2017,365,128,228,9,0,0,0,130,84,56,0,0,134,228,3
California,Tehama,2017,365,237,119,6,3,0,0,172,77,42,0,0,277,88,0
California,Trinity,2017,203,76,116,6,1,1,3,844,91,57,0,0,0,203,0
California,Tulare,2017,365,67,171,96,31,0,0,174,147,81,0,0,211,147,7
California,Tuolumne,2017,362,231,106,25,0,0,0,143,93,44,0,0,362,0,0
California,Ventura,2017,365,117,215,20,6,5,2,961,100,57,0,0,176,182,7
California,Yolo,2017,365,228,130,6,1,0,0,154,71,45,0,0,223,141,1
Colorado,Adams,2017,365,160,203,2,0,0,0,132,73,52,0,25,135,182,23
Colorado,Alamosa,2017,354,351,3,0,0,0,0,53,32,19,0,0,0,32,322
Colorado,Arapahoe,2017,365,221,137,7,0,0,0,119,84,47,0,0,348,17,0
Colorado,Archuleta,2017,360,311,49,0,0,0,0,93,54,36,0,4,204,0,152
Colorado,Boulder,2017,357,233,113,11,0,0,0,149,80,46,0,0,320,37,0
Colorado,Chaffee,2017,144,144,0,0,0,0,0,44,40,35,0,0,144,0,0
Colorado,Clear Creek,2017,314,173,137,4,0,0,0,140,74,50,0,0,314,0,0
Colorado,Delta,2017,115,114,1,0,0,0,0,52,33,19,0,0,0,0,115
Colorado,Denver,2017,365,149,214,2,0,0,0,128,74,53,0,124,118,122,1
Colorado,Douglas,2017,363,194,152,16,1,0,0,156,90,49,0,0,308,55,0
Colorado,El Paso,2017,365,223,139,3,0,0,0,116,71,47,0,0,308,57,0
Colorado,Fremont,2017,39,39,0,0,0,0,0,44,28,11,0,0,0,0,39
Colorado,Garfield,2017,365,240,124,1,0,0,0,108,71,47,0,0,363,2,0
Colorado,Grand,2017,117,109,8,0,0,0,0,64,50,44,0,0,117,0,0
Colorado,Gunnison,2017,363,275,87,1,0,0,0,140,64,45,0,0,344,0,19
Colorado,Jackson,2017,117,115,1,1,0,0,0,110,24,7,0,0,0,117,0
Colorado,Jefferson,2017,365,214,123,28,0,0,0,136,93,47,0,0,365,0,0
Colorado,La Plata,2017,365,255,106,4,0,0,0,112,71,46,0,1,325,39,0
Colorado,Larimer,2017,365,165,187,12,1,0,0,154,87,52,0,0,287,78,0
Colorado,Mesa,2017,365,213,151,1,0,0,0,101,67,48,0,0,287,78,0
Colorado,Moffat,2017,349,282,67,0,0,0,0,84,61,44,0,0,349,0,0
Colorado,Montezuma,2017,365,284,80,1,0,0,0,105,64,44,0,0,365,0,0
Colorado,Montrose,2017,343,313,30,0,0,0,0,74,50,41,0,0,343,0,0
Colorado,Park,2017,365,237,124,4,0,0,0,112,67,48,0,0,359,6,0
Colorado,Pitkin,2017,123,123,0,0,0,0,0,48,29,14,0,0,0,29,94
Colorado,Prowers,2017,353,347,6,0,0,0,0,67,37,17,0,0,0,0,353
Colorado,Pueblo,2017,125,113,10,2,0,0,0,108,49,26,0,0,0,109,16
Colorado,Rio Blanco,2017,365,237,128,0,0,0,0,97,61,46,0,0,251,114,0
Colorado,Routt,2017,342,333,9,0,0,0,0,62,31,15,0,0,0,0,342
Colorado,San Juan,2017,119,119,0,0,0,0,0,49,21,9,0,0,0,119,0
Colorado,San Miguel,2017,229,197,32,0,0,0,0,87,54,43,0,0,163,0,66
Colorado,Weld,2017,365,173,184,7,1,0,0,155,79,51,0,0,235,130,0
Connecticut,Fairfield,2017,365,208,141,12,4,0,0,179,74,46,0,5,143,217,0
Connecticut,Hartford,2017,365,219,143,3,0,0,0,133,64,46,0,35,130,200,0
Connecticut,Litchfield,2017,365,317,46,2,0,0,0,122,54,37,4,0,282,76,3
Connecticut,Middlesex,2017,207,171,28,7,1,0,0,151,61,40,0,0,207,0,0
Connecticut,New Haven,2017,365,241,112,8,4,0,0,179,64,44,0,23,174,168,0
Connecticut,New London,2017,348,286,54,6,2,0,0,161,56,39,0,0,186,162,0
Connecticut,Tolland,2017,211,188,20,3,0,0,0,147,54,39,0,0,211,0,0
Connecticut,Windham,2017,355,334,17,4,0,0,0,140,46,34,0,0,355,0,0
Country Of Mexico,BAJA CALIFORNIA NORTE,2017,361,44,246,46,22,2,1,598,134,67,0,0,0,326,35
Country Of Mexico,SONORA,2017,209,184,20,5,0,0,0,143,51,37,0,0,209,0,0
Delaware,Kent,2017,361,264,96,1,0,0,0,101,59,42,0,0,225,136,0
Delaware,New Castle,2017,365,187,168,10,0,0,0,147,71,50,0,1,132,232,0
Delaware,Sussex,2017,365,251,113,1,0,0,0,119,61,44,0,0,199,166,0
District Of Columbia,District of Columbia,2017,365,101,260,4,0,0,0,119,69,56,0,15,75,275,0
Florida,Alachua,2017,355,267,88,0,0,0,0,93,57,42,0,0,123,232,0
Florida,Baker,2017,355,339,16,0,0,0,0,90,46,33,0,0,355,0,0
Florida,Bay,2017,365,227,138,0,0,0,0,97,61,46,0,0,110,255,0
Florida,Brevard,2017,352,254,98,0,0,0,0,97,56,43,0,0,145,207,0
Florida,Broward,2017,357,149,203,5,0,0,0,143,62,52,0,3,49,305,0
Florida,Citrus,2017,350,211,139,0,0,0,0,96,62,46,0,0,0,350,0
Florida,Collier,2017,357,270,87,0,0,0,0,93,56,39,0,0,162,195,0
Florida,Columbia,2017,363,237,126,0,0,0,0,100,61,45,0,0,97,266,0
Florida,Duval,2017,365,224,140,1,0,0,0,101,63,46,3,6,134,222,0
Florida,Escambia,2017,365,286,76,3,0,0,0,115,58,41,0,0,273,92,0
Florida,Flagler,2017,359,345,14,0,0,0,0,93,45,33,0,0,359,0,0
Florida,Hamilton,2017,348,213,135,0,0,0,0,84,60,45,0,0,0,348,0
Florida,Highlands,2017,334,319,15,0,0,0,0,90,46,32,0,0,334,0,0
Florida,Hillsborough,2017,360,167,190,3,0,0,0,150,65,52,1,0,92,266,1
Florida,Holmes,2017,360,229,131,0,0,0,0,83,59,45,0,0,117,243,0
Florida,Indian River,2017,302,274,27,1,0,0,0,101,50,38,0,0,302,0,0
Florida,Lake,2017,365,335,28,2,0,0,0,122,49,35,0,0,365,0,0
Florida,Lee,2017,363,278,85,0,0,0,0,90,55,40,0,0,197,162,4
Florida,Leon,2017,357,186,171,0,0,0,0,89,64,49,0,0,54,303,0
Florida,Liberty,2017,355,350,5,0,0,0,0,61,44,31,0,0,355,0,0
Florida,Manatee,2017,365,340,23,2,0,0,0,133,49,35,0,0,365,0,0
Florida,Marion,2017,351,250,100,1,0,0,0,101,58,43,0,0,115,236,0
Florida,Martin,2017,352,258,93,1,0,0,0,115,57,42,0,0,116,236,0
Florida,Miami-Dade,2017,354,177,173,4,0,0,0,136,64,51,0,3,66,285,0
Florida,Nassau,2017,278,160,118,0,0,0,0,93,62,47,0,0,0,278,0
Florida,Okaloosa,2017,365,345,20,0,0,0,0,87,48,35,0,0,344,0,21
Florida,Orange,2017,365,195,168,2,0,0,0,147,64,49,1,10,105,248,1
Florida,Osceola,2017,363,345,16,2,0,0,0,133,47,34,0,0,363,0,0
Florida,Palm Beach,2017,355,186,167,2,0,0,0,112,63,49,0,0,81,252,22
Florida,Pasco,2017,348,312,34,2,0,0,0,112,51,37,0,0,348,0,0
Florida,Pinellas,2017,365,200,164,1,0,0,0,140,61,48,0,0,86,279,0
Florida,Polk,2017,365,217,144,4,0,0,0,143,61,47,0,0,116,248,1
Florida,Putnam,2017,344,342,2,0,0,0,0,53,27,15,0,0,0,0,344
Florida,Santa Rosa,2017,364,208,156,0,0,0,0,97,60,47,0,0,96,268,0
Florida,Sarasota,2017,360,198,160,2,0,0,0,115,61,48,0,0,84,276,0
Florida,Seminole,2017,355,311,42,2,0,0,0,133,53,38,0,0,310,38,7
Florida,St. Lucie,2017,339,319,19,1,0,0,0,112,48,35,0,0,339,0,0
Florida,Volusia,2017,354,280,74,0,0,0,0,95,55,41,0,0,192,161,1
Florida,Wakulla,2017,358,250,108,0,0,0,0,93,59,41,5,0,110,243,0
Georgia,Bibb,2017,365,230,135,0,0,0,0,93,63,45,0,0,113,252,0
Georgia,Charlton,2017,113,97,16,0,0,0,0,91,53,28,0,0,0,113,0
Georgia,Chatham,2017,363,228,135,0,0,0,0,79,60,45,0,0,64,299,0
Georgia,Chattooga,2017,240,232,8,0,0,0,0,64,45,36,0,0,240,0,0
Georgia,Clarke,2017,360,249,111,0,0,0,0,97,58,43,0,0,111,249,0
Georgia,Clayton,2017,116,57,59,0,0,0,0,71,63,51,0,0,0,116,0
Georgia,Cobb,2017,284,211,73,0,0,0,0,97,58,43,0,0,199,85,0
Georgia,Coffee,2017,107,78,29,0,0,0,0,88,56,41,0,0,0,107,0
Georgia,Columbia,2017,245,235,9,1,0,0,0,105,48,37,0,0,245,0,0
Georgia,Coweta,2017,318,213,105,0,0,0,0,74,59,43,0,0,88,230,0
Georgia,Dawson,2017,242,224,16,2,0,0,0,112,47,36,0,0,242,0,0
Georgia,DeKalb,2017,365,174,190,1,0,0,0,143,66,51,0,24,80,261,0
Georgia,Dougherty,2017,356,181,174,0,1,0,0,151,64,50,0,0,0,356,0
Georgia,Douglas,2017,230,199,30,1,0,0,0,150,54,39,0,0,230,0,0
Georgia,Floyd,2017,303,101,202,0,0,0,0,81,64,54,0,0,0,303,0
Georgia,Fulton,2017,365,123,236,6,0,0,0,136,71,55,0,7,71,287,0
Georgia,Glynn,2017,276,241,35,0,0,0,0,77,52,37,0,0,199,77,0
Georgia,Gwinnett,2017,356,208,148,0,0,0,0,97,64,48,0,0,129,227,0
Georgia,Hall,2017,254,144,110,0,0,0,0,72,61,48,0,0,0,254,0
Georgia,Henry,2017,347,238,106,3,0,0,0,129,59,43,0,0,171,176,0
Georgia,Houston,2017,330,183,147,0,0,0,0,93,61,47,0,0,0,330,0
Georgia,Lowndes,2017,317,154,162,0,1,0,0,151,63,51,0,0,0,317,0
Georgia,Murray,2017,257,225,32,0,0,0,0,90,54,41,0,0,192,65,0
Georgia,Muscogee,2017,360,213,147,0,0,0,0,99,62,46,0,0,81,279,0
Georgia,Paulding,2017,11,10,1,0,0,0,0,58,49,28,0,0,0,11,0
Georgia,Pike,2017,357,329,27,1,0,0,0,119,49,39,0,0,357,0,0
Georgia,Richmond,2017,364,198,165,0,0,0,1,357,63,48,0,0,93,266,5
Georgia,Rockdale,2017,243,212,30,1,0,0,0,126,54,39,0,0,243,0,0
Georgia,Sumter,2017,241,229,12,0,0,0,0,67,47,35,0,0,241,0,0
Georgia,Walker,2017,308,150,158,0,0,0,0,85,63,51,0,0,0,308,0
Georgia,Washington,2017,122,77,45,0,0,0,0,81,59,43,0,0,0,122,0
Hawaii,Hawaii,2017,365,82,283,0,0,0,0,98,78,58,0,0,0,365,0
Hawaii,Honolulu,2017,365,340,25,0,0,0,0,68,46,32,1,7,208,149,0
Hawaii,Kauai,2017,359,353,6,0,0,0,0,59,35,15,0,69,0,290,0
Hawaii,Maui,2017,364,332,32,0,0,0,0,88,48,28,0,0,0,364,0
Idaho,Ada,2017,365,217,126,18,4,0,0,196,87,46,3,14,212,133,3
Idaho,Bannock,2017,365,225,134,3,3,0,0,168,69,38,0,0,0,341,24
Idaho,Benewah,2017,365,158,177,20,8,1,1,362,96,53,0,0,0,365,0
Idaho,Blaine,2017,220,197,18,4,1,0,0,166,53,15,0,0,0,220,0
Idaho,Boise,2017,365,209,146,6,1,3,0,268,71,46,0,0,0,365,0
Idaho,Bonner,2017,362,248,102,7,0,5,0,276,68,37,0,0,0,349,13
Idaho,Bonneville,2017,358,277,77,4,0,0,0,149,56,32,0,0,0,358,0
Idaho,Butte,2017,347,306,38,3,0,0,0,147,51,42,0,0,325,22,0
Idaho,Canyon,2017,365,227,121,13,4,0,0,168,75,40,0,0,0,345,20
Idaho,Custer,2017,111,100,8,3,0,0,0,142,48,7,0,0,0,111,0
Idaho,Franklin,2017,365,239,112,9,5,0,0,172,69,37,0,0,0,365,0
Idaho,Idaho,2017,365,236,112,8,5,3,1,304,67,44,0,0,139,226,0
Idaho,Jerome,2017,287,235,46,5,1,0,0,154,57,30,0,0,0,287,0
Idaho,Kootenai,2017,355,267,77,6,0,5,0,293,63,31,0,0,0,355,0
Idaho,Latah,2017,350,309,30,5,3,3,0,271,54,18,0,0,0,350,0
Idaho,Lemhi,2017,358,214,113,23,8,0,0,193,98,37,0,0,0,358,0
Idaho,Nez Perce,2017,365,252,98,6,6,3,0,286,71,36,0,0,0,365,0
Idaho,Shoshone,2017,365,181,159,19,2,3,1,329,93,51,0,0,0,364,1
Idaho,Twin Falls,2017,288,168,114,5,1,0,0,154,69,46,0,0,0,288,0
Idaho,Valley,2017,362,244,106,6,6,0,0,192,68,30,0,0,0,362,0
Illinois,Adams,2017,244,213,30,1,0,0,0,115,54,41,0,0,244,0,0
Illinois,Champaign,2017,365,233,131,1,0,0,0,105,61,45,0,0,172,193,0
Illinois,Clark,2017,241,211,29,1,0,0,0,101,51,39,0,0,241,0,0
Illinois,Cook,2017,365,114,232,18,1,0,0,177,87,55,0,13,100,249,3
Illinois,DuPage,2017,311,210,99,2,0,0,0,129,71,44,0,0,193,118,0
Illinois,Effingham,2017,244,206,35,3,0,0,0,112,61,43,0,0,244,0,0
Illinois,Hamilton,2017,365,220,145,0,0,0,0,87,60,46,0,0,130,235,0
Illinois,Jersey,2017,309,170,136,3,0,0,0,119,64,48,0,0,96,213,0
Illinois,Jo Daviess,2017,324,303,21,0,0,0,0,87,46,34,0,0,324,0,0
Illinois,Kane,2017,353,275,77,1,0,0,0,143,64,40,0,0,278,75,0
Illinois,Lake,2017,358,316,35,7,0,0,0,129,54,35,0,0,358,0,0
Illinois,Macon,2017,363,214,146,3,0,0,0,108,61,47,0,0,129,234,0
Illinois,Macoupin,2017,244,218,26,0,0,0,0,93,51,40,0,0,244,0,0
Illinois,Madison,2017,365,155,201,9,0,0,0,136,77,53,0,0,156,209,0
Illinois,McHenry,2017,357,226,128,3,0,0,0,133,64,44,0,0,159,198,0
Illinois,McLean,2017,364,201,163,0,0,0,0,100,61,48,0,0,135,229,0
Illinois,Peoria,2017,365,172,190,3,0,0,0,115,66,51,0,0,122,243,0
Illinois,Randolph,2017,343,153,189,1,0,0,0,115,67,52,0,0,96,247,0
Illinois,Rock Island,2017,363,270,93,0,0,0,0,93,61,42,0,0,262,101,0
Illinois,Saint Clair,2017,365,237,127,1,0,0,0,101,60,45,0,23,148,194,0
Illinois,Sangamon,2017,364,262,100,2,0,0,0,115,62,43,0,0,250,114,0
Illinois,Will,2017,365,231,134,0,0,0,0,93,62,45,0,0,150,215,0
Illinois,Winnebago,2017,354,296,58,0,0,0,0,87,57,36,0,0,288,66,0
Indiana,Allen,2017,365,214,150,1,0,0,0,105,63,47,0,0,172,193,0
Indiana,Bartholomew,2017,364,256,108,0,0,0,0,93,58,43,0,0,139,225,0
Indiana,Boone,2017,245,219,25,1,0,0,0,101,51,39,0,0,245,0,0
Indiana,Brown,2017,233,207,26,0,0,0,0,90,51,39,0,0,233,0,0
Indiana,Carroll,2017,232,210,22,0,0,0,0,77,50,39,0,0,232,0,0
Indiana,Clark,2017,364,286,77,1,0,0,0,101,60,40,0,0,287,77,0
Indiana,Delaware,2017,280,225,54,1,0,0,0,112,57,40,0,0,212,68,0
Indiana,Dubois,2017,120,83,37,0,0,0,0,72,60,42,0,0,0,117,3
Indiana,Elkhart,2017,365,248,116,1,0,0,0,105,62,42,0,0,131,234,0
Indiana,Floyd,2017,365,197,163,5,0,0,0,115,63,49,0,0,102,263,0
Indiana,Greene,2017,282,213,68,1,0,0,0,101,59,43,0,0,215,67,0
Indiana,Hamilton,2017,365,229,134,2,0,0,0,105,60,46,0,0,135,230,0
Indiana,Hendricks,2017,240,220,20,0,0,0,0,93,50,38,0,0,240,0,0
Indiana,Henry,2017,120,86,34,0,0,0,0,66,57,38,0,0,0,120,0
Indiana,Howard,2017,356,211,145,0,0,0,0,83,58,45,0,0,0,356,0
Indiana,Huntington,2017,245,227,18,0,0,0,0,100,50,39,0,0,245,0,0
Indiana,Jackson,2017,226,206,20,0,0,0,0,93,50,40,0,0,226,0,0
Indiana,Johnson,2017,237,214,23,0,0,0,0,80,50,39,0,0,237,0,0
Indiana,Knox,2017,355,323,32,0,0,0,0,100,50,36,0,0,355,0,0
Indiana,LaPorte,2017,282,203,71,8,0,0,0,147,64,42,0,0,223,59,0
Indiana,Lake,2017,365,203,157,4,1,0,0,173,66,49,2,3,134,217,9
Indiana,Madison,2017,365,201,163,1,0,0,0,105,62,48,0,0,97,268,0
Indiana,Marion,2017,365,134,227,4,0,0,0,122,71,54,0,1,82,282,0
Indiana,Monroe,2017,341,265,76,0,0,0,0,66,55,36,0,0,0,341,0
Indiana,Morgan,2017,237,228,9,0,0,0,0,64,45,36,0,0,237,0,0
Indiana,Perry,2017,243,212,30,1,0,0,0,101,54,40,0,0,243,0,0
Indiana,Porter,2017,365,234,122,9,0,0,0,136,64,44,0,0,163,189,13
Indiana,Posey,2017,229,189,38,2,0,0,0,126,58,42,0,0,229,0,0
Indiana,Shelby,2017,243,209,33,1,0,0,0,108,58,41,0,0,243,0,0
Indiana,Spencer,2017,118,79,39,0,0,0,0,71,62,43,0,0,0,118,0
Indiana,St. Joseph,2017,365,236,125,4,0,0,0,133,64,44,0,15,175,175,0
Indiana,Sullivan,2017,264,164,100,0,0,0,0,69,58,43,0,0,0,264,0
Indiana,Tippecanoe,2017,350,191,159,0,0,0,0,83,61,48,0,0,0,350,0
Indiana,Vanderburgh,2017,365,205,158,2,0,0,0,115,62,47,0,0,130,235,0
Indiana,Vigo,2017,365,153,210,2,0,0,0,105,67,52,0,0,98,267,0
Indiana,Wabash,2017,332,302,29,1,0,0,0,105,50,35,0,0,332,0,0
Indiana,Warrick,2017,245,212,30,3,0,0,0,112,58,42,0,0,245,0,0
Indiana,Whitley,2017,350,223,127,0,0,0,0,87,60,44,0,0,0,350,0
Iowa,Black Hawk,2017,363,108,255,0,0,0,0,84,66,54,0,0,0,363,0
Iowa,Bremer,2017,241,224,17,0,0,0,0,93,49,36,0,0,241,0,0
Iowa,Cerro Gordo,2017,233,231,2,0,0,0,0,65,31,15,0,0,0,0,233
Iowa,Clinton,2017,364,57,307,0,0,0,0,93,72,58,0,0,26,338,0
Iowa,Delaware,2017,54,43,11,0,0,0,0,70,53,29,0,0,0,52,2
Iowa,Harrison,2017,244,207,37,0,0,0,0,87,58,39,0,0,244,0,0
Iowa,Johnson,2017,364,216,148,0,0,0,0,82,61,44,0,0,0,364,0
Iowa,Lee,2017,111,71,40,0,0,0,0,69,58,43,0,0,0,111,0
Iowa,Linn,2017,365,222,143,0,0,0,0,97,62,45,0,0,111,254,0
Iowa,Montgomery,2017,364,228,136,0,0,0,0,84,60,45,0,0,115,249,0
Iowa,Muscatine,2017,365,176,189,0,0,0,0,80,64,51,0,0,0,365,0
Iowa,Palo Alto,2017,365,193,171,1,0,0,0,115,61,49,0,0,50,315,0
Iowa,Polk,2017,365,222,142,1,0,0,0,135,61,45,0,2,153,210,0
Iowa,Pottawattamie,2017,127,80,47,0,0,0,0,74,61,43,0,0,0,125,2
Iowa,Scott,2017,365,88,276,1,0,0,0,103,71,56,0,0,24,273,68
Iowa,Van Buren,2017,365,206,159,0,0,0,0,84,61,47,0,1,93,271,0
Iowa,Warren,2017,105,91,14,0,0,0,0,67,51,39,0,0,105,0,0
Iowa,Woodbury,2017,122,87,35,0,0,0,0,72,56,37,0,0,0,119,3
Kansas,Chase,2017,118,100,18,0,0,0,0,65,52,28,0,0,0,118,0
Kansas,Ford,2017,364,360,2,1,1,0,0,187,30,16,0,0,0,0,364
Kansas,Johnson,2017,364,281,83,0,0,0,0,100,56,40,0,0,216,148,0
Kansas,Leavenworth,2017,361,340,21,0,0,0,0,74,47,34,0,0,361,0,0
Kansas,Neosho,2017,365,304,61,0,0,0,0,77,55,38,0,0,297,60,8
Kansas,Sedgwick,2017,365,236,129,0,0,0,0,100,60,45,0,6,176,111,72
Kansas,Shawnee,2017,361,242,119,0,0,0,0,94,61,43,0,0,171,189,1
Kansas,Sherman,2017,232,228,4,0,0,0,0,60,31,15,0,0,0,0,232
Kansas,Sumner,2017,365,297,68,0,0,0,0,97,56,39,0,1,307,57,0
Kansas,Trego,2017,365,334,31,0,0,0,0,84,49,36,0,0,297,67,1
Kansas,Wyandotte,2017,364,186,177,1,0,0,0,101,64,49,2,6,111,245,0
Kentucky,Bell,2017,263,231,32,0,0,0,0,80,52,40,0,0,226,37,0
Kentucky,Boone,2017,223,208,15,0,0,0,0,97,47,38,0,0,223,0,0
Kentucky,Boyd,2017,365,223,142,0,0,0,0,87,60,47,0,1,89,275,0
Kentucky,Bullitt,2017,233,208,25,0,0,0,0,97,51,39,0,0,233,0,0
Kentucky,Campbell,2017,362,176,184,2,0,0,0,115,65,51,0,1,71,290,0
Kentucky,Carter,2017,285,261,24,0,0,0,0,77,49,38,0,0,212,72,1
Kentucky,Christian,2017,280,230,50,0,0,0,0,71,56,41,0,0,196,84,0
Kentucky,Daviess,2017,364,165,199,0,0,0,0,93,64,52,0,9,53,302,0
Kentucky,Edmonson,2017,365,218,147,0,0,0,0,87,59,47,0,0,104,261,0
Kentucky,Fayette,2017,364,249,115,0,0,0,0,97,58,44,0,8,137,219,0
Kentucky,Greenup,2017,220,214,6,0,0,0,0,71,46,36,0,0,220,0,0
Kentucky,Hancock,2017,245,217,28,0,0,0,0,90,51,40,0,0,245,0,0
Kentucky,Hardin,2017,365,178,187,0,0,0,0,87,62,51,0,0,60,305,0
Kentucky,Henderson,2017,365,156,208,1,0,0,0,103,64,52,0,0,57,308,0
Kentucky,Jefferson,2017,365,133,228,4,0,0,0,112,67,54,0,13,79,273,0
Kentucky,Jessamine,2017,245,226,19,0,0,0,0,100,50,40,0,0,245,0,0
Kentucky,Livingston,2017,259,234,25,0,0,0,0,93,50,40,0,0,239,0,20
Kentucky,Madison,2017,113,84,29,0,0,0,0,73,56,39,0,0,0,113,0
Kentucky,McCracken,2017,364,187,176,1,0,0,0,111,64,50,0,11,91,262,0
Kentucky,Morgan,2017,355,334,21,0,0,0,0,93,48,37,0,0,355,0,0
Kentucky,Oldham,2017,237,208,28,1,0,0,0,119,54,40,0,0,237,0,0
Kentucky,Perry,2017,352,209,143,0,0,0,0,84,59,47,0,0,82,270,0
Kentucky,Pike,2017,364,203,161,0,0,0,0,77,59,47,0,0,54,310,0
Kentucky,Pulaski,2017,282,243,39,0,0,0,0,77,53,40,0,0,206,76,0
Kentucky,Simpson,2017,237,220,17,0,0,0,0,87,49,40,0,0,237,0,0
Kentucky,Trigg,2017,327,309,18,0,0,0,0,87,48,37,0,0,327,0,0
Kentucky,Warren,2017,363,202,161,0,0,0,0,87,61,48,0,0,59,304,0
Kentucky,Washington,2017,362,332,29,1,0,0,0,112,49,38,0,0,362,0,0
Louisiana,Ascension,2017,363,334,27,2,0,0,0,119,48,34,0,12,351,0,0
Louisiana,Bossier,2017,364,256,108,0,0,0,0,100,60,42,0,0,187,176,1
Louisiana,Caddo,2017,351,269,82,0,0,0,0,100,59,39,0,0,257,94,0
Louisiana,Calcasieu,2017,365,118,244,3,0,0,0,115,65,54,0,0,49,316,0
Louisiana,East Baton Rouge,2017,365,150,209,6,0,0,0,126,66,52,0,1,54,309,1
Louisiana,Iberville,2017,365,290,74,1,0,0,0,112,60,40,0,0,303,62,0
Louisiana,Jefferson,2017,365,249,114,2,0,0,0,126,60,43,0,5,125,235,0
Louisiana,Lafayette,2017,365,218,146,1,0,0,0,105,67,45,0,0,181,184,0
Louisiana,Lafourche,2017,365,300,65,0,0,0,0,87,54,38,0,0,230,135,0
Louisiana,Livingston,2017,365,204,158,3,0,0,0,112,62,48,0,1,74,290,0
Louisiana,Orleans,2017,365,191,174,0,0,0,0,98,58,49,0,19,0,345,1
Louisiana,Ouachita,2017,361,308,53,0,0,0,0,83,53,35,0,0,286,75,0
Louisiana,Pointe Coupee,2017,363,343,18,2,0,0,0,105,44,32,0,0,363,0,0
Louisiana,Rapides,2017,107,69,38,0,0,0,0,69,56,41,0,0,0,107,0
Louisiana,St. Bernard,2017,365,259,106,0,0,0,0,99,58,43,0,0,178,186,1
Louisiana,St. James,2017,365,349,16,0,0,0,0,80,46,31,0,0,365,0,0
Louisiana,St. John the Baptist,2017,362,337,25,0,0,0,0,100,47,33,0,0,362,0,0
Louisiana,St. Martin,2017,347,318,28,1,0,0,0,101,50,36,0,0,347,0,0
Louisiana,St. Tammany,2017,364,271,92,1,0,0,0,129,58,41,0,0,191,173,0
Louisiana,Tangipahoa,2017,116,76,40,0,0,0,0,93,57,41,0,0,0,116,0
Louisiana,Terrebonne,2017,120,90,30,0,0,0,0,88,56,37,0,0,0,120,0
Louisiana,West Baton Rouge,2017,365,199,163,3,0,0,0,140,62,48,0,4,74,287,0
Maine,Androscoggin,2017,359,233,126,0,0,0,0,100,60,44,0,0,96,263,0
Maine,Aroostook,2017,365,257,107,1,0,0,0,120,58,40,0,0,111,252,2
Maine,Cumberland,2017,365,271,92,2,0,0,0,150,57,40,0,12,179,173,1
Maine,Franklin,2017,242,202,40,0,0,0,0,75,54,27,0,0,0,242,0
Maine,Hancock,2017,365,325,34,5,1,0,0,182,51,37,0,0,316,49,0
Maine,Kennebec,2017,360,342,18,0,0,0,0,100,44,31,0,99,230,30,1
Maine,Knox,2017,215,205,7,3,0,0,0,143,45,35,0,0,215,0,0
Maine,Oxford,2017,351,260,91,0,0,0,0,87,59,40,0,0,145,206,0
Maine,Penobscot,2017,348,306,42,0,0,0,0,80,52,34,0,0,151,194,3
Maine,Washington,2017,362,351,9,2,0,0,0,147,44,35,0,0,358,4,0
Maine,York,2017,224,204,19,0,1,0,0,159,50,37,0,0,224,0,0
Maryland,Anne Arundel,2017,265,216,43,6,0,0,0,129,64,41,0,0,245,0,20
Maryland,Baltimore,2017,365,262,91,11,1,0,0,166,69,43,0,42,234,89,0
Maryland,Baltimore (City),2017,365,221,141,3,0,0,0,112,62,46,0,21,112,232,0
Maryland,Calvert,2017,240,199,40,1,0,0,0,108,61,43,0,0,240,0,0
Maryland,Carroll,2017,245,201,43,1,0,0,0,108,64,41,0,0,245,0,0
Maryland,Cecil,2017,360,222,130,7,1,0,0,161,65,45,0,0,160,200,0
Maryland,Charles,2017,241,189,52,0,0,0,0,100,64,44,0,0,241,0,0
Maryland,Dorchester,2017,365,212,153,0,0,0,0,90,60,47,0,0,181,184,0
Maryland,Frederick,2017,243,190,51,2,0,0,0,105,64,42,0,0,243,0,0
Maryland,Garrett,2017,364,285,79,0,0,0,0,87,56,43,1,0,244,119,0
Maryland,Harford,2017,358,206,143,7,2,0,0,156,64,47,0,0,154,204,0
Maryland,Howard,2017,365,234,131,0,0,0,0,76,58,42,1,59,0,305,0
Maryland,Kent,2017,358,194,161,3,0,0,0,147,63,49,0,0,122,236,0
Maryland,Montgomery,2017,359,268,89,2,0,0,0,105,59,43,0,0,183,176,0
Maryland,Prince George's,2017,365,240,119,6,0,0,0,133,64,45,0,1,198,166,0
Maryland,Washington,2017,357,221,135,1,0,0,0,101,61,45,0,0,141,216,0
Massachusetts,Barnstable,2017,358,332,21,5,0,0,0,150,48,37,0,0,346,12,0
Massachusetts,Berkshire,2017,346,203,143,0,0,0,0,88,59,47,0,0,0,346,0
Massachusetts,Bristol,2017,365,260,99,5,1,0,0,151,61,42,0,0,224,141,0
Massachusetts,Dukes,2017,359,336,19,2,2,0,0,177,47,37,0,0,344,15,0
Massachusetts,Essex,2017,365,285,77,3,0,0,0,136,58,40,0,1,223,141,0
Massachusetts,Franklin,2017,365,300,65,0,0,0,0,90,55,37,0,0,223,142,0
Massachusetts,Hampden,2017,365,270,91,4,0,0,0,112,61,42,0,4,190,171,0
Massachusetts,Hampshire,2017,365,310,52,3,0,0,0,122,54,38,0,1,288,76,0
Massachusetts,Middlesex,2017,356,341,14,1,0,0,0,105,44,33,0,0,356,0,0
Massachusetts,Norfolk,2017,364,337,23,4,0,0,0,147,48,36,0,38,326,0,0
Massachusetts,Plymouth,2017,365,281,80,4,0,0,0,147,55,39,0,0,212,153,0
Massachusetts,Suffolk,2017,365,98,264,3,0,0,0,119,70,56,0,2,23,340,0
Massachusetts,Worcester,2017,365,288,74,3,0,0,0,143,56,40,0,12,233,120,0
Michigan,Allegan,2017,281,207,70,4,0,0,0,115,67,41,0,0,222,59,0
Michigan,Bay,2017,362,279,83,0,0,0,0,82,54,36,0,0,0,362,0
Michigan,Benzie,2017,244,216,26,2,0,0,0,112,54,39,0,0,244,0,0
Michigan,Berrien,2017,283,212,68,3,0,0,0,112,64,41,0,0,216,67,0
Michigan,Cass,2017,245,198,41,6,0,0,0,126,64,41,0,0,245,0,0
Michigan,Chippewa,2017,307,238,69,0,0,0,0,87,54,39,0,0,93,214,0
Michigan,Clinton,2017,238,211,27,0,0,0,0,93,54,38,0,0,238,0,0
Michigan,Genesee,2017,365,247,118,0,0,0,0,93,61,42,0,0,158,207,0
Michigan,Huron,2017,241,224,17,0,0,0,0,97,49,37,0,0,241,0,0
Michigan,Ingham,2017,364,257,107,0,0,0,0,97,58,42,0,0,154,210,0
Michigan,Kalamazoo,2017,365,223,141,1,0,0,0,101,61,44,0,0,128,237,0
Michigan,Kent,2017,365,228,137,0,0,0,0,100,64,44,0,0,143,222,0
Michigan,Keweenaw,2017,121,116,5,0,0,0,0,64,36,13,0,0,0,121,0
Michigan,Lenawee,2017,364,248,115,1,0,0,0,101,61,44,0,0,138,226,0
Michigan,Macomb,2017,284,212,69,3,0,0,0,112,64,42,0,0,219,65,0
Michigan,Manistee,2017,280,236,43,1,0,0,0,108,54,37,0,0,224,56,0
Michigan,Mason,2017,245,217,27,1,0,0,0,108,51,38,0,0,245,0,0
Michigan,Missaukee,2017,364,310,53,1,0,0,0,101,52,37,0,0,248,116,0
Michigan,Monroe,2017,116,78,38,0,0,0,0,88,59,38,0,0,0,116,0
Michigan,Muskegon,2017,245,202,38,5,0,0,0,140,67,39,0,0,245,0,0
Michigan,Oakland,2017,276,202,72,2,0,0,0,147,64,42,0,0,215,61,0
Michigan,Ottawa,2017,245,205,40,0,0,0,0,97,61,40,0,0,245,0,0
Michigan,Schoolcraft,2017,358,324,33,1,0,0,0,101,50,33,0,0,164,194,0
Michigan,St. Clair,2017,358,232,124,2,0,0,0,112,63,44,0,0,127,231,0
Michigan,Tuscola,2017,346,326,20,0,0,0,0,87,47,33,0,0,346,0,0
Michigan,Washtenaw,2017,365,216,146,3,0,0,0,119,64,46,0,0,158,207,0
Michigan,Wayne,2017,365,103,251,11,0,0,0,147,82,57,0,5,75,267,18
Michigan,Wexford,2017,323,305,18,0,0,0,0,80,46,35,0,0,323,0,0
Minnesota,Anoka,2017,365,239,126,0,0,0,0,90,61,43,0,2,144,219,0
Minnesota,Becker,2017,364,322,42,0,0,0,0,89,52,35,0,0,170,194,0
Minnesota,Beltrami,2017,353,307,46,0,0,0,0,77,52,27,0,0,0,353,0
Minnesota,Carlton,2017,365,334,31,0,0,0,0,84,48,31,0,0,171,194,0
Minnesota,Cook,2017,351,332,19,0,0,0,0,62,40,24,0,0,0,351,0
Minnesota,Crow Wing,2017,364,306,58,0,0,0,0,90,54,34,0,0,175,189,0
Minnesota,Dakota,2017,365,267,98,0,0,0,0,85,57,37,0,50,0,315,0
Minnesota,Goodhue,2017,244,230,14,0,0,0,0,80,48,34,0,0,244,0,0
Minnesota,Hennepin,2017,365,166,198,1,0,0,0,115,67,52,0,6,35,188,136
Minnesota,Lake,2017,365,330,35,0,0,0,0,85,50,30,0,0,165,133,67
Minnesota,Lyon,2017,360,307,53,0,0,0,0,96,53,35,0,0,190,170,0
Minnesota,Mille Lacs,2017,240,231,9,0,0,0,0,93,46,33,0,0,240,0,0
Minnesota,Olmsted,2017,365,254,111,0,0,0,0,87,59,42,0,0,171,194,0
Minnesota,Ramsey,2017,365,246,119,0,0,0,0,90,59,41,1,0,0,343,21
Minnesota,Saint Louis,2017,365,307,58,0,0,0,0,86,55,36,0,0,241,114,10
Minnesota,Scott,2017,363,321,42,0,0,0,0,87,52,34,0,0,309,54,0
Minnesota,Stearns,2017,365,294,71,0,0,0,0,87,55,37,0,0,172,193,0
Minnesota,Washington,2017,365,218,147,0,0,0,0,97,64,46,0,0,111,231,23
Minnesota,Winona,2017,119,104,15,0,0,0,0,65,52,22,0,0,0,119,0
Minnesota,Wright,2017,365,277,88,0,0,0,0,100,58,39,0,0,160,205,0
Mississippi,Bolivar,2017,235,221,14,0,0,0,0,77,46,36,0,0,235,0,0
Mississippi,DeSoto,2017,365,221,144,0,0,0,0,100,58,46,0,0,90,275,0
Mississippi,Forrest,2017,350,207,143,0,0,0,0,77,59,46,0,0,0,350,0
Mississippi,Grenada,2017,103,79,24,0,0,0,0,63,54,40,0,0,0,103,0
Mississippi,Hancock,2017,278,225,53,0,0,0,0,77,57,40,0,0,199,79,0
Mississippi,Harrison,2017,361,232,128,1,0,0,0,105,60,44,0,0,86,275,0
Mississippi,Hinds,2017,365,162,203,0,0,0,0,90,64,52,0,6,49,310,0
Mississippi,Jackson,2017,355,294,60,1,0,0,0,101,57,34,0,81,190,84,0
Mississippi,Lauderdale,2017,245,240,5,0,0,0,0,61,45,34,0,0,245,0,0
Mississippi,Lee,2017,225,217,8,0,0,0,0,61,48,37,0,0,225,0,0
Mississippi,Yalobusha,2017,353,351,2,0,0,0,0,54,41,32,0,0,353,0,0
Missouri,Andrew,2017,243,203,39,1,0,0,0,101,58,42,0,0,243,0,0
Missouri,Boone,2017,245,219,26,0,0,0,0,77,51,41,0,0,245,0,0
Missouri,Buchanan,2017,365,204,160,1,0,0,0,109,61,46,0,0,0,322,43
Missouri,Callaway,2017,243,225,18,0,0,0,0,67,49,40,0,0,243,0,0
Missouri,Cass,2017,359,253,104,2,0,0,0,115,58,43,0,0,166,193,0
Missouri,Cedar,2017,363,262,101,0,0,0,0,84,56,41,0,0,149,214,0
Missouri,Clay,2017,364,248,112,4,0,0,0,129,67,43,0,0,184,180,0
Missouri,Clinton,2017,245,198,47,0,0,0,0,93,64,42,0,0,245,0,0
Missouri,Greene,2017,365,243,122,0,0,0,0,80,58,44,0,0,148,202,15
Missouri,Jackson,2017,365,173,192,0,0,0,0,98,65,52,0,26,0,315,24
Missouri,Jasper,2017,365,325,40,0,0,0,0,74,51,36,0,0,230,0,135
Missouri,Jefferson,2017,365,231,133,1,0,0,0,102,63,42,0,0,119,227,19
Missouri,Lincoln,2017,244,210,33,1,0,0,0,105,61,42,0,0,244,0,0
Missouri,Monroe,2017,365,344,21,0,0,0,0,87,48,37,0,1,363,0,1
Missouri,Perry,2017,245,202,43,0,0,0,0,100,61,44,0,0,245,0,0
Missouri,Saint Charles,2017,245,185,56,3,1,0,0,159,71,44,0,0,245,0,0
Missouri,Saint Louis,2017,365,161,203,1,0,0,0,147,67,52,0,6,132,227,0
Missouri,Sainte Genevieve,2017,245,204,39,2,0,0,0,101,58,44,0,0,245,0,0
Missouri,St. Louis City,2017,365,165,198,2,0,0,0,115,67,52,0,11,116,222,16
Missouri,Stoddard,2017,122,98,24,0,0,0,0,66,54,32,0,0,0,122,0
Missouri,Taney,2017,285,258,27,0,0,0,0,74,50,39,0,0,227,58,0
Montana,Cascade,2017,345,241,103,1,0,0,0,105,60,38,0,0,0,345,0
Montana,Fergus,2017,365,296,62,5,2,0,0,155,60,42,0,0,286,79,0
Montana,Flathead,2017,365,250,104,5,3,3,0,275,71,42,0,0,152,184,29
Montana,Gallatin,2017,365,263,99,2,1,0,0,152,70,31,2,12,0,351,0
Montana,Lake,2017,110,99,9,1,1,0,0,195,55,9,0,0,0,110,0
Montana,Lewis and Clark,2017,365,209,127,17,12,0,0,177,93,47,0,0,188,177,0
Montana,Lincoln,2017,363,151,199,6,5,2,0,241,81,53,0,0,0,363,0
Montana,Missoula,2017,365,52,240,24,14,15,20,1130,185,65,0,0,10,355,0
Montana,Phillips,2017,360,316,41,3,0,0,0,113,54,34,0,0,257,103,0
Montana,Powder River,2017,358,243,106,4,5,0,0,177,78,42,0,0,203,144,11
Montana,Powell,2017,105,91,13,1,0,0,0,143,61,9,0,0,0,105,0
Montana,Ravalli,2017,360,209,111,25,15,0,0,198,107,42,0,0,0,360,0
Montana,Richland,2017,358,297,59,1,1,0,0,154,58,39,0,0,265,91,2
Montana,Roosevelt,2017,90,85,5,0,0,0,0,76,40,15,0,0,0,90,0
Montana,Rosebud,2017,365,277,77,5,6,0,0,196,67,39,0,2,237,112,14
Montana,Sanders,2017,358,242,103,6,2,4,1,449,75,33,0,0,0,204,154
Montana,Sheridan,2017,114,109,5,0,0,0,0,75,37,17,0,0,0,114,0
Montana,Silver Bow,2017,354,188,142,20,4,0,0,191,93,46,0,0,0,332,22
Montana,Yellowstone,2017,356,272,79,5,0,0,0,141,63,33,0,0,0,356,0
Nebraska,Cass,2017,365,335,30,0,0,0,0,83,49,22,0,0,0,0,365
Nebraska,Douglas,2017,365,171,194,0,0,0,0,90,64,52,0,0,87,266,12
Nebraska,Hall,2017,111,92,19,0,0,0,0,64,52,31,0,0,0,111,0
Nebraska,Knox,2017,338,304,34,0,0,0,0,100,51,36,0,0,338,0,0
Nebraska,Lancaster,2017,270,235,35,0,0,0,0,97,54,37,0,0,187,83,0
Nebraska,Sarpy,2017,341,160,181,0,0,0,0,96,62,51,0,0,0,341,0
Nebraska,Scotts Bluff,2017,113,80,32,1,0,0,0,142,59,31,0,0,0,113,0
Nebraska,Thomas,2017,116,110,6,0,0,0,0,76,42,16,0,0,0,116,0
Nebraska,Washington,2017,121,91,30,0,0,0,0,68,54,35,0,0,0,121,0
Nevada,Carson City,2017,365,253,110,1,1,0,0,166,61,45,0,0,290,75,0
Nevada,Churchill,2017,350,283,64,3,0,0,0,129,61,43,0,0,350,0,0
Nevada,Clark,2017,365,100,236,28,1,0,0,154,97,61,0,22,204,130,9
Nevada,Douglas,2017,338,273,61,3,0,1,0,212,59,26,0,0,0,338,0
Nevada,Elko,2017,361,330,30,0,1,0,0,164,49,24,0,0,126,25,210
Nevada,Lyon,2017,363,307,53,3,0,0,0,112,58,42,0,0,363,0,0
Nevada,Nye,2017,365,346,15,3,1,0,0,167,37,19,0,0,0,0,365
Nevada,Washoe,2017,365,165,196,4,0,0,0,126,77,52,0,5,231,119,10
Nevada,White Pine,2017,356,289,67,0,0,0,0,90,58,44,0,0,352,4,0
New Hampshire,Belknap,2017,308,261,47,0,0,0,0,84,54,34,0,0,186,122,0
New Hampshire,Cheshire,2017,364,298,66,0,0,0,0,93,57,37,0,0,257,107,0
New Hampshire,Coos,2017,356,290,63,2,1,0,0,174,61,43,0,0,348,8,0
New Hampshire,Grafton,2017,365,294,71,0,0,0,0,80,55,38,0,0,190,175,0
New Hampshire,Hillsborough,2017,365,336,28,1,0,0,0,101,48,37,1,0,341,23,0
New Hampshire,Merrimack,2017,364,352,12,0,0,0,0,90,45,32,0,0,364,0,0
New Hampshire,Rockingham,2017,365,310,53,2,0,0,0,112,55,39,0,0,256,109,0
New Jersey,Atlantic,2017,365,268,97,0,0,0,0,90,58,41,0,0,225,140,0
New Jersey,Bergen,2017,365,209,149,7,0,0,0,140,65,45,0,68,106,191,0
New Jersey,Camden,2017,365,167,184,14,0,0,0,143,72,52,0,15,124,226,0
New Jersey,Cumberland,2017,364,254,110,0,0,0,0,84,58,42,0,17,168,179,0
New Jersey,Essex,2017,365,223,141,1,0,0,0,101,62,44,0,40,80,245,0
New Jersey,Gloucester,2017,298,249,43,6,0,0,0,126,61,39,0,0,236,62,0
New Jersey,Hudson,2017,365,177,185,3,0,0,0,115,66,51,0,41,71,253,0
New Jersey,Hunterdon,2017,364,237,123,4,0,0,0,122,63,44,0,0,151,213,0
New Jersey,Mercer,2017,365,225,136,4,0,0,0,133,64,46,0,0,138,227,0
New Jersey,Middlesex,2017,365,245,114,6,0,0,0,133,64,44,0,1,138,226,0
New Jersey,Monmouth,2017,258,245,12,1,0,0,0,101,47,31,0,0,258,0,0
New Jersey,Morris,2017,363,318,42,3,0,0,0,115,54,35,0,12,315,36,0
New Jersey,Ocean,2017,359,284,71,4,0,0,0,133,58,40,0,0,192,167,0
New Jersey,Passaic,2017,299,240,58,1,0,0,0,112,57,38,0,0,226,73,0
New Jersey,Union,2017,365,144,220,1,0,0,0,101,67,53,0,16,0,349,0
New Jersey,Warren,2017,364,253,110,1,0,0,0,101,60,42,0,12,127,225,0
New Mexico,Bernalillo,2017,365,145,216,4,0,0,0,119,78,53,0,1,234,73,57
New Mexico,Catron,2017,114,110,2,2,0,0,0,129,32,12,0,0,0,114,0
New Mexico,Chaves,2017,119,111,7,1,0,0,0,112,44,23,0,0,0,119,0
New Mexico,Dona Ana,2017,365,116,215,27,4,0,3,630,100,58,0,0,235,71,59
New Mexico,Eddy,2017,365,245,110,10,0,0,0,140,80,45,0,3,360,2,0
New Mexico,Lea,2017,365,184,177,4,0,0,0,133,71,50,0,1,215,149,0
New Mexico,Lincoln,2017,111,110,1,0,0,0,0,57,30,14,0,0,0,111,0
New Mexico,Los Alamos,2017,116,115,1,0,0,0,0,54,27,12,0,0,0,116,0
New Mexico,Luna,2017,360,340,15,5,0,0,0,136,36,19,0,0,0,0,360
New Mexico,Rio Arriba,2017,360,269,88,3,0,0,0,105,67,45,0,0,358,2,0
New Mexico,San Juan,2017,365,230,129,6,0,0,0,133,80,47,0,5,359,0,1
New Mexico,Sandoval,2017,364,269,94,1,0,0,0,105,71,44,0,0,364,0,0
New Mexico,Santa Fe,2017,365,282,83,0,0,0,0,100,61,44,0,0,332,33,0
New Mexico,Socorro,2017,117,115,2,0,0,0,0,62,27,13,0,0,0,117,0
New Mexico,Taos,2017,352,328,24,0,0,0,0,63,38,16,0,0,0,352,0
New Mexico,Valencia,2017,361,262,98,1,0,0,0,101,67,44,0,0,361,0,0
New York,Albany,2017,365,255,110,0,0,0,0,84,58,41,0,0,170,195,0
New York,Bronx,2017,365,241,122,2,0,0,0,136,62,44,0,42,130,193,0
New York,Chautauqua,2017,346,298,46,2,0,0,0,129,54,38,0,0,297,49,0
New York,Dutchess,2017,355,338,16,1,0,0,0,101,45,32,0,0,355,0,0
New York,Erie,2017,365,205,159,1,0,0,0,119,65,48,0,3,115,246,1
New York,Essex,2017,365,308,57,0,0,0,0,90,61,40,0,0,352,13,0
New York,Franklin,2017,345,337,8,0,0,0,0,93,42,26,0,146,199,0,0
New York,Hamilton,2017,358,341,17,0,0,0,0,87,45,34,0,0,358,0,0
New York,Herkimer,2017,312,308,4,0,0,0,0,77,42,31,0,0,312,0,0
New York,Jefferson,2017,326,309,15,2,0,0,0,101,46,34,0,0,326,0,0
New York,Kings,2017,344,253,91,0,0,0,0,75,56,38,0,0,0,344,0
New York,Monroe,2017,365,246,116,3,0,0,0,112,58,43,0,1,148,216,0
New York,Nassau,2017,347,277,70,0,0,0,0,68,55,32,0,0,0,347,0
New York,New York,2017,365,185,178,2,0,0,0,122,64,50,0,0,77,288,0
New York,Niagara,2017,249,229,19,1,0,0,0,105,48,35,0,0,249,0,0
New York,Oneida,2017,359,313,46,0,0,0,0,67,52,26,0,0,0,359,0
New York,Onondaga,2017,365,310,55,0,0,0,0,93,54,36,0,0,260,105,0
New York,Orange,2017,365,305,60,0,0,0,0,84,54,39,0,0,191,174,0
New York,Oswego,2017,360,346,14,0,0,0,0,87,44,34,0,0,360,0,0
New York,Putnam,2017,356,335,18,3,0,0,0,112,47,34,0,0,356,0,0
New York,Queens,2017,365,228,131,5,1,0,0,151,64,44,0,43,118,204,0
New York,Richmond,2017,365,252,106,7,0,0,0,136,61,44,0,0,160,205,0
New York,Rockland,2017,365,309,55,1,0,0,0,105,54,38,0,0,243,122,0
New York,Saratoga,2017,354,341,13,0,0,0,0,90,45,34,0,0,354,0,0
New York,Steuben,2017,365,339,26,0,0,0,0,92,48,35,3,0,273,89,0
New York,Suffolk,2017,365,271,85,7,2,0,0,159,61,42,0,0,227,138,0
New York,Tompkins,2017,353,339,14,0,0,0,0,71,45,35,0,0,353,0,0
New York,Wayne,2017,306,287,18,1,0,0,0,101,47,36,0,0,306,0,0
New York,Westchester,2017,363,292,66,5,0,0,0,112,54,38,0,0,233,130,0
North Carolina,Alexander,2017,293,272,21,0,0,0,0,93,49,38,0,0,234,0,59
North Carolina,Avery,2017,360,327,33,0,0,0,0,93,50,40,0,0,335,25,0
North Carolina,Buncombe,2017,365,254,111,0,0,0,0,84,56,43,0,0,122,243,0
North Carolina,Caldwell,2017,239,209,30,0,0,0,0,90,58,42,0,0,239,0,0
North Carolina,Carteret,2017,341,330,11,0,0,0,0,64,46,35,0,0,341,0,0
North Carolina,Caswell,2017,291,275,16,0,0,0,0,71,48,37,0,0,234,0,57
North Carolina,Catawba,2017,348,203,145,0,0,0,0,88,61,44,0,0,0,348,0
North Carolina,Cumberland,2017,365,199,166,0,0,0,0,100,62,48,0,0,98,266,1
North Carolina,Davidson,2017,359,207,152,0,0,0,0,76,60,46,0,0,0,359,0
North Carolina,Durham,2017,365,191,174,0,0,0,0,100,62,49,0,0,104,261,0
North Carolina,Edgecombe,2017,362,275,87,0,0,0,0,80,56,41,0,0,140,222,0
North Carolina,Forsyth,2017,365,223,142,0,0,0,0,100,61,47,0,2,157,206,0
North Carolina,Graham,2017,227,200,27,0,0,0,0,87,51,43,0,0,227,0,0
North Carolina,Granville,2017,243,210,33,0,0,0,0,93,51,43,0,0,243,0,0
North Carolina,Guilford,2017,365,229,135,1,0,0,0,112,61,45,0,0,142,209,14
North Carolina,Haywood,2017,282,230,52,0,0,0,0,84,58,44,0,0,236,46,0
North Carolina,Hyde,2017,114,108,6,0,0,0,0,57,46,24,0,0,0,114,0
North Carolina,Jackson,2017,256,183,73,0,0,0,0,100,64,45,0,0,184,72,0
North Carolina,Johnston,2017,365,216,149,0,0,0,0,93,61,46,0,0,91,274,0
North Carolina,Lee,2017,360,193,167,0,0,0,0,97,62,49,0,0,118,242,0
North Carolina,Lenoir,2017,304,279,25,0,0,0,0,90,50,35,0,0,240,0,64
North Carolina,Lincoln,2017,238,207,31,0,0,0,0,93,54,42,0,0,238,0,0
North Carolina,Macon,2017,347,335,12,0,0,0,0,74,46,33,0,0,347,0,0
North Carolina,Martin,2017,244,231,13,0,0,0,0,74,48,38,0,0,244,0,0
North Carolina,Mecklenburg,2017,365,148,214,3,0,0,0,115,66,53,0,1,120,244,0
North Carolina,Mitchell,2017,338,266,72,0,0,0,0,93,55,34,0,0,0,338,0
North Carolina,Montgomery,2017,365,307,58,0,0,0,0,71,53,41,0,0,218,147,0
North Carolina,New Hanover,2017,356,297,59,0,0,0,0,67,54,38,0,0,131,225,0
North Carolina,Person,2017,242,220,22,0,0,0,0,74,50,41,0,0,242,0,0
North Carolina,Pitt,2017,365,252,113,0,0,0,0,87,58,43,0,0,128,237,0
North Carolina,Rockingham,2017,240,208,32,0,0,0,0,84,54,42,0,0,240,0,0
North Carolina,Rowan,2017,355,331,24,0,0,0,0,80,49,38,0,0,355,0,0
North Carolina,Swain,2017,365,234,131,0,0,0,0,71,58,44,0,0,133,232,0
North Carolina,Union,2017,236,204,31,1,0,0,0,115,58,43,0,0,236,0,0
North Carolina,Wake,2017,365,161,204,0,0,0,0,100,64,52,0,1,90,274,0
North Carolina,Yancey,2017,202,155,47,0,0,0,0,93,61,44,0,0,202,0,0
North Dakota,Billings,2017,364,322,40,1,1,0,0,156,51,37,0,0,322,42,0
North Dakota,Burke,2017,363,313,49,1,0,0,0,135,54,36,0,1,283,78,1
North Dakota,Burleigh,2017,365,282,80,2,0,1,0,222,57,39,1,5,196,162,1
North Dakota,Cass,2017,362,232,130,0,0,0,0,79,57,44,0,0,109,246,7
North Dakota,Dunn,2017,330,288,40,1,1,0,0,157,52,37,0,0,208,122,0
North Dakota,McKenzie,2017,356,307,47,1,1,0,0,155,53,37,0,0,248,106,2
North Dakota,Mercer,2017,365,317,46,1,1,0,0,159,53,35,0,4,296,60,5
North Dakota,Oliver,2017,361,295,65,0,1,0,0,166,56,39,0,0,244,117,0
North Dakota,Stutsman,2017,359,352,7,0,0,0,0,75,30,10,0,0,0,0,359
North Dakota,Ward,2017,343,306,35,2,0,0,0,135,51,34,0,0,242,96,5
North Dakota,Williams,2017,362,302,58,2,0,0,0,131,54,37,0,0,257,102,3
Ohio,Adams,2017,365,341,24,0,0,0,0,87,47,30,0,0,0,365,0
Ohio,Allen,2017,365,298,66,1,0,0,0,112,57,38,0,0,208,157,0
Ohio,Ashtabula,2017,245,212,31,2,0,0,0,143,58,39,0,0,245,0,0
Ohio,Athens,2017,59,46,13,0,0,0,0,61,54,34,0,0,0,59,0
Ohio,Belmont,2017,365,333,32,0,0,0,0,77,48,16,1,250,0,108,6
Ohio,Butler,2017,364,248,110,6,0,0,0,126,68,43,0,0,273,91,0
Ohio,Clark,2017,365,209,154,2,0,0,0,105,66,47,0,0,124,241,0
Ohio,Clermont,2017,365,207,156,2,0,0,0,129,64,48,0,0,116,249,0
Ohio,Clinton,2017,245,206,36,3,0,0,0,143,61,42,0,0,245,0,0
Ohio,Columbiana,2017,61,61,0,0,0,0,0,26,20,14,0,0,0,0,61
Ohio,Cuyahoga,2017,365,181,180,4,0,0,0,126,72,51,0,14,141,206,4
Ohio,Delaware,2017,245,228,17,0,0,0,0,90,49,38,0,0,245,0,0
Ohio,Fayette,2017,357,326,30,1,0,0,0,115,49,35,0,0,357,0,0
Ohio,Franklin,2017,365,227,135,3,0,0,0,112,62,46,0,11,149,202,3
Ohio,Geauga,2017,245,192,49,4,0,0,0,122,67,43,0,0,245,0,0
Ohio,Greene,2017,364,238,125,1,0,0,0,101,61,44,0,0,147,217,0
Ohio,Hamilton,2017,365,118,242,5,0,0,0,129,72,55,0,6,86,273,0
Ohio,Jefferson,2017,359,96,263,0,0,0,0,99,71,56,0,0,34,325,0
Ohio,Knox,2017,245,223,22,0,0,0,0,100,50,38,0,0,245,0,0
Ohio,Lake,2017,365,244,115,6,0,0,0,147,64,43,1,0,155,209,0
Ohio,Lawrence,2017,365,292,71,1,1,0,0,162,54,40,0,0,162,203,0
Ohio,Licking,2017,245,221,24,0,0,0,0,100,50,39,0,0,245,0,0
Ohio,Lorain,2017,365,298,66,1,0,0,0,101,56,38,0,0,194,171,0
Ohio,Lucas,2017,362,217,141,4,0,0,0,126,65,46,0,0,129,233,0
Ohio,Madison,2017,244,211,32,1,0,0,0,105,54,41,0,0,244,0,0
Ohio,Mahoning,2017,365,237,128,0,0,0,0,80,60,44,0,0,52,313,0
Ohio,Medina,2017,364,240,124,0,0,0,0,100,61,44,0,0,155,209,0
Ohio,Miami,2017,245,210,34,1,0,0,0,101,58,40,0,0,245,0,0
Ohio,Montgomery,2017,365,242,122,1,0,0,0,101,64,44,12,0,153,200,0
Ohio,Noble,2017,354,309,45,0,0,0,0,97,52,38,0,0,310,44,0
Ohio,Portage,2017,281,226,55,0,0,0,0,97,56,40,0,0,211,70,0
Ohio,Preble,2017,365,230,134,1,0,0,0,108,60,44,2,0,173,190,0
Ohio,Scioto,2017,365,344,21,0,0,0,0,70,41,13,0,0,0,96,269
Ohio,Stark,2017,365,179,184,2,0,0,0,119,69,51,5,0,124,236,0
Ohio,Summit,2017,365,221,144,0,0,0,0,97,63,46,0,0,110,255,0
Ohio,Trumbull,2017,352,217,133,2,0,0,0,115,62,44,0,0,119,233,0
Ohio,Warren,2017,358,185,172,1,0,0,0,115,64,49,0,0,121,237,0
Ohio,Washington,2017,245,219,26,0,0,0,0,97,51,41,0,0,245,0,0
Ohio,Wood,2017,245,217,28,0,0,0,0,97,54,38,0,0,245,0,0
Oklahoma,Adair,2017,362,238,124,0,0,0,0,97,59,44,0,0,157,205,0
Oklahoma,Bryan,2017,294,262,32,0,0,0,0,93,51,39,0,0,294,0,0
Oklahoma,Caddo,2017,111,107,4,0,0,0,0,58,45,35,0,0,111,0,0
Oklahoma,Canadian,2017,362,307,54,1,0,0,0,105,61,38,0,14,348,0,0
Oklahoma,Carter,2017,310,197,113,0,0,0,0,80,58,43,0,0,0,310,0
Oklahoma,Cherokee,2017,280,261,19,0,0,0,0,71,49,39,0,0,280,0,0
Oklahoma,Choctaw,2017,271,257,14,0,0,0,0,87,48,38,0,0,271,0,0
Oklahoma,Cleveland,2017,362,215,145,2,0,0,0,105,67,47,0,0,184,178,0
Oklahoma,Comanche,2017,365,249,115,1,0,0,0,115,59,44,0,0,179,186,0
Oklahoma,Creek,2017,364,323,41,0,0,0,0,97,51,39,0,0,364,0,0
Oklahoma,Custer,2017,305,302,3,0,0,0,0,88,30,17,0,0,0,0,305
Oklahoma,Dewey,2017,358,262,94,2,0,0,0,134,64,43,0,0,281,77,0
Oklahoma,Grady,2017,94,94,0,0,0,0,0,20,16,8,0,94,0,0,0
Oklahoma,Jefferson,2017,246,207,38,1,0,0,0,108,58,41,0,0,246,0,0
Oklahoma,Kay,2017,365,151,214,0,0,0,0,90,65,53,0,0,65,300,0
Oklahoma,Lincoln,2017,17,16,1,0,0,0,0,53,49,27,0,0,1,16,0
Oklahoma,Love,2017,270,203,59,7,1,0,0,151,74,44,0,0,270,0,0
Oklahoma,Mayes,2017,285,261,24,0,0,0,0,71,49,38,0,0,285,0,0
Oklahoma,McClain,2017,358,304,52,2,0,0,0,115,64,39,0,0,358,0,0
Oklahoma,Muskogee,2017,268,263,5,0,0,0,0,63,37,20,0,0,0,0,268
Oklahoma,Oklahoma,2017,365,178,181,6,0,0,0,119,68,51,0,14,167,184,0
Oklahoma,Osage,2017,358,316,41,1,0,0,0,108,51,39,0,0,358,0,0
Oklahoma,Ottawa,2017,365,175,190,0,0,0,0,94,62,51,0,0,81,284,0
Oklahoma,Pittsburg,2017,357,233,124,0,0,0,0,100,61,44,0,0,166,191,0
Oklahoma,Sequoyah,2017,358,298,60,0,0,0,0,74,54,38,0,40,222,96,0
Oklahoma,Tulsa,2017,365,138,226,1,0,0,0,102,70,54,0,1,117,247,0
Oklahoma,Washington,2017,365,211,152,2,0,0,0,108,63,47,0,0,160,205,0
Oregon,Baker,2017,365,273,86,3,3,0,0,176,66,30,0,0,0,365,0
Oregon,Benton,2017,357,294,61,2,0,0,0,138,58,20,0,0,0,357,0
Oregon,Clackamas,2017,216,178,26,9,2,1,0,212,71,33,0,0,114,102,0
Oregon,Columbia,2017,346,306,36,2,2,0,0,156,52,29,0,0,112,234,0
Oregon,Crook,2017,357,229,112,8,7,1,0,224,78,35,0,0,0,357,0
Oregon,Deschutes,2017,365,280,57,2,15,8,3,479,83,27,0,0,0,365,0
Oregon,Douglas,2017,359,266,86,4,3,0,0,172,62,29,0,0,0,359,0
Oregon,Grant,2017,358,205,141,10,2,0,0,175,70,42,0,0,0,358,0
Oregon,Harney,2017,365,203,154,6,2,0,0,175,74,43,0,0,0,365,0
Oregon,Jackson,2017,365,211,123,16,9,4,2,461,95,45,0,0,104,261,0
Oregon,Jefferson,2017,92,54,29,5,3,1,0,242,99,37,0,0,0,92,0
Oregon,Josephine,2017,365,219,125,5,8,6,2,415,80,42,0,0,0,365,0
Oregon,Klamath,2017,361,215,120,15,10,1,0,279,92,39,0,0,0,361,0
Oregon,Lake,2017,363,258,87,14,4,0,0,166,75,29,0,0,0,363,0
Oregon,Lane,2017,365,200,135,16,9,4,1,509,92,46,0,0,83,281,1
Oregon,Linn,2017,365,254,102,4,5,0,0,186,65,32,0,0,0,365,0
Oregon,Marion,2017,362,287,66,9,0,0,0,150,62,33,0,0,131,231,0
Oregon,Multnomah,2017,365,278,81,1,5,0,0,166,63,38,0,12,167,186,0
Oregon,Umatilla,2017,365,222,131,9,1,2,0,252,70,44,0,0,122,243,0
Oregon,Union,2017,365,277,77,8,2,1,0,218,66,31,0,0,0,364,1
Oregon,Wallowa,2017,353,271,73,6,3,0,0,177,64,27,0,0,0,353,0
Oregon,Wasco,2017,364,249,99,7,8,1,0,278,72,39,0,0,115,249,0
Oregon,Washington,2017,365,257,96,10,2,0,0,169,71,37,0,20,170,175,0
Pennsylvania,Adams,2017,365,238,126,1,0,0,0,129,60,45,0,0,192,173,0
Pennsylvania,Allegheny,2017,365,111,235,18,1,0,0,168,87,58,0,0,84,280,1
Pennsylvania,Armstrong,2017,361,182,179,0,0,0,0,93,67,50,0,0,133,228,0
Pennsylvania,Beaver,2017,365,139,224,2,0,0,0,105,71,54,0,0,100,265,0
Pennsylvania,Berks,2017,365,184,176,5,0,0,0,122,70,49,0,0,136,229,0
Pennsylvania,Blair,2017,362,223,139,0,0,0,0,89,62,45,0,0,151,211,0
Pennsylvania,Bradford,2017,362,259,103,0,0,0,0,77,57,42,0,0,157,205,0
Pennsylvania,Bucks,2017,335,289,34,12,0,0,0,143,61,34,0,0,335,0,0
Pennsylvania,Cambria,2017,364,121,243,0,0,0,0,92,69,55,0,2,69,292,1
Pennsylvania,Centre,2017,365,174,191,0,0,0,0,100,64,51,0,0,171,194,0
Pennsylvania,Chester,2017,364,137,222,5,0,0,0,136,69,54,0,0,69,295,0
Pennsylvania,Clearfield,2017,346,317,29,0,0,0,0,84,49,36,0,0,346,0,0
Pennsylvania,Cumberland,2017,359,220,138,1,0,0,0,103,61,43,0,0,0,359,0
Pennsylvania,Dauphin,2017,365,204,160,1,0,0,0,110,65,47,0,0,123,242,0
Pennsylvania,Delaware,2017,365,158,205,2,0,0,0,119,70,52,0,3,99,263,0
Pennsylvania,Elk,2017,342,326,16,0,0,0,0,90,47,35,0,0,342,0,0
Pennsylvania,Erie,2017,365,231,133,1,0,0,0,122,61,43,0,1,167,197,0
Pennsylvania,Franklin,2017,358,354,4,0,0,0,0,67,45,33,0,0,358,0,0
Pennsylvania,Greene,2017,356,255,101,0,0,0,0,93,58,42,0,0,190,166,0
Pennsylvania,Indiana,2017,348,315,33,0,0,0,0,100,50,38,0,0,348,0,0
Pennsylvania,Lackawanna,2017,365,222,143,0,0,0,0,91,61,45,0,15,133,217,0
Pennsylvania,Lancaster,2017,365,122,239,4,0,0,0,128,71,55,0,0,70,295,0
Pennsylvania,Lawrence,2017,364,331,33,0,0,0,0,90,49,34,0,0,364,0,0
Pennsylvania,Lebanon,2017,365,114,250,1,0,0,0,127,72,56,0,0,88,277,0
Pennsylvania,Lehigh,2017,365,241,123,1,0,0,0,115,62,44,0,0,190,171,4
Pennsylvania,Luzerne,2017,365,354,11,0,0,0,0,71,44,33,0,0,354,0,11
Pennsylvania,Lycoming,2017,364,343,21,0,0,0,0,84,46,33,0,0,329,0,35
Pennsylvania,Mercer,2017,365,89,274,2,0,0,0,108,68,55,0,0,65,300,0
Pennsylvania,Monroe,2017,364,252,112,0,0,0,0,100,60,42,0,0,194,170,0
Pennsylvania,Montgomery,2017,364,210,147,7,0,0,0,129,68,47,0,0,170,194,0
Pennsylvania,Northampton,2017,365,105,259,1,0,0,0,119,76,56,0,0,79,286,0
Pennsylvania,Philadelphia,2017,365,96,257,10,2,0,0,166,74,56,0,1,87,276,1
Pennsylvania,Somerset,2017,363,342,21,0,0,0,0,97,47,36,0,0,363,0,0
Pennsylvania,Tioga,2017,363,150,213,0,0,0,0,84,63,53,0,0,95,268,0
Pennsylvania,Washington,2017,365,117,248,0,0,0,0,90,68,55,0,1,83,281,0
Pennsylvania,Westmoreland,2017,362,128,234,0,0,0,0,100,67,55,0,0,52,310,0
Pennsylvania,York,2017,365,198,167,0,0,0,0,93,66,47,0,11,145,209,0
Puerto Rico,Adjuntas,2017,47,35,12,0,0,0,0,90,60,37,0,0,0,47,0
Puerto Rico,Bayamon,2017,159,46,109,4,0,0,0,132,79,60,0,0,43,116,0
Puerto Rico,Caguas,2017,226,209,16,1,0,0,0,101,47,24,69,157,0,0,0
Puerto Rico,Catano,2017,253,190,61,2,0,0,0,116,60,33,0,0,48,198,7
Puerto Rico,Fajardo,2017,44,32,10,2,0,0,0,108,73,37,0,0,0,35,9
Puerto Rico,Guayama,2017,44,36,8,0,0,0,0,85,63,37,0,0,0,44,0
Puerto Rico,Guayanilla,2017,47,36,11,0,0,0,0,80,61,32,0,0,0,47,0
Puerto Rico,Guaynabo,2017,248,232,15,0,1,0,0,151,40,11,85,122,0,40,1
Puerto Rico,Juncos,2017,195,194,1,0,0,0,0,90,9,5,0,0,195,0,0
Puerto Rico,Ponce,2017,249,194,54,0,0,1,0,259,58,31,12,0,0,65,172
Puerto Rico,San Juan,2017,246,246,0,0,0,0,0,35,17,8,246,0,0,0,0
Rhode Island,Kent,2017,349,316,28,5,0,0,0,133,50,32,0,0,172,177,0
Rhode Island,Providence,2017,365,225,136,4,0,0,0,150,61,45,0,10,135,220,0
Rhode Island,Washington,2017,362,312,45,4,1,0,0,151,52,35,0,0,183,179,0
South Carolina,Abbeville,2017,9,9,0,0,0,0,0,33,33,25,0,0,9,0,0
South Carolina,Aiken,2017,269,259,10,0,0,0,0,71,48,38,0,0,269,0,0
South Carolina,Anderson,2017,264,254,10,0,0,0,0,80,45,37,0,0,264,0,0
South Carolina,Berkeley,2017,248,234,14,0,0,0,0,90,47,33,0,0,248,0,0
South Carolina,Charleston,2017,361,231,129,1,0,0,0,101,60,44,0,3,117,239,2
South Carolina,Chesterfield,2017,358,288,69,1,0,0,0,112,55,40,0,0,216,141,1
South Carolina,Colleton,2017,357,263,94,0,0,0,0,84,57,41,0,0,137,220,0
South Carolina,Darlington,2017,274,254,20,0,0,0,0,77,49,39,0,0,274,0,0
South Carolina,Edgefield,2017,344,234,110,0,0,0,0,84,58,44,0,0,132,212,0
South Carolina,Florence,2017,273,197,76,0,0,0,0,71,56,38,0,0,0,273,0
South Carolina,Georgetown,2017,304,303,1,0,0,0,0,63,30,15,0,0,0,0,304
South Carolina,Greenville,2017,365,195,170,0,0,0,0,97,63,49,0,0,132,233,0
South Carolina,Horry,2017,354,350,4,0,0,0,0,64,44,32,0,0,354,0,0
South Carolina,Lexington,2017,354,220,134,0,0,0,0,85,60,44,0,0,0,319,35
South Carolina,Oconee,2017,360,295,65,0,0,0,0,84,53,39,0,0,247,113,0
South Carolina,Pickens,2017,291,265,26,0,0,0,0,84,50,41,0,0,291,0,0
South Carolina,Richland,2017,365,247,116,2,0,0,0,113,58,44,0,0,219,146,0
South Carolina,Spartanburg,2017,351,197,153,1,0,0,0,108,61,48,0,0,129,222,0
South Carolina,York,2017,307,275,31,1,0,0,0,105,54,38,0,0,307,0,0
South Dakota,Brookings,2017,365,311,54,0,0,0,0,90,55,36,0,0,254,92,19
South Dakota,Brown,2017,122,108,14,0,0,0,0,97,52,31,0,0,0,119,3
South Dakota,Codington,2017,364,276,88,0,0,0,0,82,55,39,0,0,0,320,44
South Dakota,Custer,2017,363,299,61,2,1,0,0,162,58,42,0,0,315,48,0
South Dakota,Hughes,2017,356,343,13,0,0,0,0,98,39,16,0,0,0,356,0
South Dakota,Jackson,2017,365,307,56,2,0,0,0,135,58,41,0,0,323,42,0
South Dakota,Meade,2017,365,361,4,0,0,0,0,71,37,30,0,0,343,0,22
South Dakota,Minnehaha,2017,365,287,78,0,0,0,0,97,58,38,0,4,221,134,6
South Dakota,Pennington,2017,365,264,96,4,1,0,0,152,59,37,0,19,0,271,75
South Dakota,Union,2017,365,278,87,0,0,0,0,100,58,41,0,0,229,133,3
Tennessee,Anderson,2017,245,214,31,0,0,0,0,90,54,40,0,0,245,0,0
Tennessee,Blount,2017,365,197,167,1,0,0,0,105,63,49,0,0,162,203,0
Tennessee,Claiborne,2017,344,324,20,0,0,0,0,87,47,36,0,0,344,0,0
Tennessee,Davidson,2017,365,161,203,1,0,0,0,133,65,53,0,8,67,290,0
Tennessee,DeKalb,2017,363,349,14,0,0,0,0,84,46,36,0,0,363,0,0
Tennessee,Dyer,2017,293,226,67,0,0,0,0,74,54,39,0,0,0,293,0
Tennessee,Hamilton,2017,338,156,180,2,0,0,0,108,67,51,0,0,113,225,0
Tennessee,Jefferson,2017,191,148,42,1,0,0,0,101,61,43,0,0,191,0,0
Tennessee,Knox,2017,361,269,92,0,0,0,0,100,60,41,0,0,198,96,67
Tennessee,Lawrence,2017,234,193,41,0,0,0,0,83,54,34,0,0,0,234,0
Tennessee,Loudon,2017,316,258,58,0,0,0,0,87,54,41,0,0,174,142,0
Tennessee,Madison,2017,277,216,61,0,0,0,0,69,55,36,0,0,0,277,0
Tennessee,Maury,2017,276,206,70,0,0,0,0,73,55,40,0,0,0,276,0
Tennessee,McMinn,2017,221,142,79,0,0,0,0,70,59,43,0,0,0,221,0
Tennessee,Montgomery,2017,341,227,114,0,0,0,0,72,57,41,0,0,0,341,0
Tennessee,Putnam,2017,296,206,90,0,0,0,0,73,57,42,0,0,0,296,0
Tennessee,Roane,2017,303,204,99,0,0,0,0,73,57,41,0,0,0,303,0
Tennessee,Sevier,2017,364,301,63,0,0,0,0,90,61,44,0,0,364,0,0
Tennessee,Shelby,2017,365,215,146,3,1,0,0,161,63,46,0,3,155,207,0
Tennessee,Sullivan,2017,326,218,108,0,0,0,0,93,61,45,0,0,164,162,0
Tennessee,Sumner,2017,324,221,103,0,0,0,0,100,61,44,0,0,148,176,0
Tennessee,Williamson,2017,215,197,18,0,0,0,0,80,50,40,0,0,215,0,0
Tennessee,Wilson,2017,236,218,18,0,0,0,0,84,49,39,0,0,236,0,0
Texas,Bell,2017,365,303,57,5,0,0,0,133,64,40,0,0,365,0,0
Texas,Bexar,2017,363,186,171,4,1,1,0,203,70,50,1,3,139,220,0
Texas,Bowie,2017,360,188,172,0,0,0,0,75,58,49,0,0,0,360,0
Texas,Brazoria,2017,357,306,44,6,1,0,0,154,64,37,0,6,351,0,0
Texas,Brewster,2017,362,286,76,0,0,0,0,100,56,42,0,0,277,85,0
Texas,Cameron,2017,365,259,106,0,0,0,0,87,61,42,0,0,165,200,0
Texas,Collin,2017,363,313,43,7,0,0,0,122,64,39,0,0,363,0,0
Texas,Culberson,2017,116,109,5,2,0,0,0,114,44,22,0,0,0,116,0
Texas,Dallas,2017,365,161,197,7,0,0,0,140,71,52,0,16,122,227,0
Texas,Denton,2017,365,238,118,9,0,0,0,133,67,46,0,1,189,175,0
Texas,Ector,2017,350,290,60,0,0,0,0,94,53,35,0,0,0,350,0
Texas,El Paso,2017,365,120,222,21,2,0,0,162,90,56,0,9,163,191,2
Texas,Ellis,2017,365,183,179,3,0,0,0,122,63,50,0,4,139,222,0
Texas,Fayette,2017,353,303,50,0,0,0,0,84,53,33,0,0,0,353,0
Texas,Galveston,2017,356,265,85,6,0,0,0,143,64,41,0,1,235,120,0
Texas,Gregg,2017,364,339,25,0,0,0,0,77,48,35,0,7,357,0,0
Texas,Harris,2017,365,107,238,18,2,0,0,177,80,54,0,13,102,250,0
Texas,Harrison,2017,363,218,145,0,0,0,0,100,59,46,0,0,113,250,0
Texas,Hidalgo,2017,365,218,147,0,0,0,0,96,65,47,0,0,83,282,0
Texas,Hood,2017,337,306,28,3,0,0,0,136,50,36,0,0,337,0,0
Texas,Hunt,2017,365,343,22,0,0,0,0,100,47,35,0,4,361,0,0
Texas,Jefferson,2017,365,213,149,3,0,0,0,133,66,47,0,0,137,228,0
Texas,Johnson,2017,362,293,61,8,0,0,0,147,71,41,0,0,362,0,0
Texas,Kaufman,2017,365,238,126,1,0,0,0,112,58,44,0,0,168,197,0
Texas,Kleberg,2017,344,215,129,0,0,0,0,98,61,43,0,0,0,344,0
Texas,Lubbock,2017,340,288,52,0,0,0,0,93,53,33,0,0,0,340,0
Texas,Maverick,2017,354,259,95,0,0,0,0,81,57,39,0,0,0,354,0
Texas,McLennan,2017,193,166,26,1,0,0,0,112,54,39,1,2,154,36,0
Texas,Montgomery,2017,363,227,129,7,0,0,0,140,68,46,0,1,144,218,0
Texas,Navarro,2017,365,233,131,1,0,0,0,108,62,46,0,0,165,200,0
Texas,Nueces,2017,357,217,140,0,0,0,0,97,62,45,0,0,123,234,0
Texas,Orange,2017,355,221,133,1,0,0,0,105,61,43,0,0,99,256,0
Texas,Parker,2017,360,327,32,1,0,0,0,112,50,37,0,0,360,0,0
Texas,Polk,2017,342,333,9,0,0,0,0,100,44,31,0,0,342,0,0
Texas,Potter,2017,345,318,27,0,0,0,0,69,47,28,0,0,0,345,0
Texas,Randall,2017,360,281,78,1,0,0,0,105,61,43,0,0,360,0,0
Texas,Rockwall,2017,309,285,23,1,0,0,0,105,48,35,0,0,309,0,0
Texas,Smith,2017,364,336,28,0,0,0,0,90,49,37,0,8,356,0,0
Texas,Tarrant,2017,365,177,175,13,0,0,0,143,77,51,0,11,157,197,0
Texas,Travis,2017,365,185,176,4,0,0,0,130,66,50,0,6,122,237,0
Texas,Victoria,2017,356,332,24,0,0,0,0,93,47,33,0,0,356,0,0
Texas,Webb,2017,177,94,83,0,0,0,0,89,67,49,1,0,44,131,1
Utah,Box Elder,2017,365,207,147,10,1,0,0,154,80,48,0,0,251,114,0
Utah,Cache,2017,365,220,128,13,4,0,0,172,74,47,0,0,203,159,3
Utah,Carbon,2017,364,262,102,0,0,0,0,90,67,45,0,28,336,0,0
Utah,Davis,2017,365,180,157,28,0,0,0,140,97,51,0,8,250,107,0
Utah,Duchesne,2017,365,261,95,6,3,0,0,156,64,45,0,1,318,46,0
Utah,Garfield,2017,240,176,62,2,0,0,0,105,71,44,0,0,180,60,0
Utah,Salt Lake,2017,365,131,190,43,1,0,0,156,104,60,0,6,250,106,3
Utah,San Juan,2017,351,263,88,0,0,0,0,100,61,44,0,0,343,8,0
Utah,Tooele,2017,365,209,139,17,0,0,0,147,80,48,0,0,262,103,0
Utah,Uintah,2017,365,200,154,3,6,2,0,206,74,49,0,0,342,23,0
Utah,Utah,2017,365,162,189,11,3,0,0,165,85,53,0,16,236,110,3
Utah,Washington,2017,365,256,108,1,0,0,0,101,71,45,0,0,337,28,0
Utah,Wayne,2017,112,110,2,0,0,0,0,74,26,10,0,0,0,112,0
Utah,Weber,2017,365,175,167,21,2,0,0,166,90,51,0,33,227,102,3
Vermont,Bennington,2017,364,317,46,1,0,0,0,101,53,37,0,0,239,125,0
Vermont,Chittenden,2017,365,312,53,0,0,0,0,74,52,37,0,3,233,128,1
Vermont,Rutland,2017,365,268,97,0,0,0,0,87,60,40,2,2,176,185,0
Vermont,Windham,2017,118,115,3,0,0,0,0,54,34,14,0,0,0,118,0
Virgin Islands,St Croix,2017,26,21,5,0,0,0,0,70,61,26,0,0,0,26,0
Virgin Islands,St John,2017,67,56,11,0,0,0,0,82,59,27,0,0,0,67,0
Virginia,Albemarle,2017,347,277,70,0,0,0,0,80,54,40,0,0,188,159,0
Virginia,Alexandria City,2017,105,105,0,0,0,0,0,19,13,7,0,0,0,0,105
Virginia,Arlington,2017,365,297,65,3,0,0,0,115,58,39,1,85,212,67,0
Virginia,Bristol City,2017,113,83,30,0,0,0,0,65,57,37,0,0,0,113,0
Virginia,Caroline,2017,245,228,17,0,0,0,0,87,49,39,0,0,245,0,0
Virginia,Carroll,2017,60,60,0,0,0,0,0,19,16,8,0,0,0,0,60
Virginia,Charles,2017,364,320,44,0,0,0,0,80,52,34,0,85,200,79,0
Virginia,Chesterfield,2017,278,236,42,0,0,0,0,77,54,40,0,0,193,85,0
Virginia,Fairfax,2017,365,206,158,1,0,0,0,105,61,49,0,19,109,237,0
Virginia,Fauquier,2017,245,238,7,0,0,0,0,71,46,36,0,0,245,0,0
Virginia,Frederick,2017,344,253,91,0,0,0,0,80,56,42,0,0,144,200,0
Virginia,Fredericksburg City,2017,11,11,0,0,0,0,0,15,12,7,0,0,0,0,11
Virginia,Giles,2017,350,327,22,1,0,0,0,101,49,40,0,0,350,0,0
Virginia,Hampton City,2017,365,297,68,0,0,0,0,97,55,40,0,16,213,136,0
Virginia,Hanover,2017,238,215,23,0,0,0,0,87,50,39,0,0,238,0,0
Virginia,Henrico,2017,365,251,113,0,1,0,0,154,58,43,0,3,157,205,0
Virginia,Hopewell City,2017,61,61,0,0,0,0,0,19,16,10,0,0,0,0,61
Virginia,Loudoun,2017,365,297,68,0,0,0,0,100,57,38,0,87,213,65,0
Virginia,Lynchburg City,2017,114,90,24,0,0,0,0,64,54,35,0,0,0,114,0
Virginia,Madison,2017,362,313,49,0,0,0,0,84,52,41,0,0,314,48,0
Virginia,Norfolk City,2017,363,335,28,0,0,0,0,66,46,19,15,232,0,116,0
Virginia,Prince Edward,2017,355,347,8,0,0,0,0,87,46,36,0,0,355,0,0
Virginia,Prince William,2017,364,333,31,0,0,0,0,97,49,34,0,126,238,0,0
Virginia,Richmond City,2017,365,266,99,0,0,0,0,85,56,36,8,112,0,245,0
Virginia,Roanoke,2017,365,276,89,0,0,0,0,80,55,42,0,6,138,221,0
Virginia,Rockbridge,2017,285,264,21,0,0,0,0,80,48,38,0,0,221,64,0
Virginia,Rockingham,2017,365,324,41,0,0,0,0,87,51,37,0,87,212,66,0
Virginia,Salem City,2017,112,81,31,0,0,0,0,69,55,37,0,0,0,112,0
Virginia,Stafford,2017,233,225,8,0,0,0,0,77,49,38,0,0,221,0,12
Virginia,Suffolk City,2017,245,228,17,0,0,0,0,87,50,40,0,0,245,0,0
Virginia,Virginia Beach City,2017,233,184,49,0,0,0,0,69,54,34,0,0,0,233,0
Virginia,Winchester City,2017,59,59,0,0,0,0,0,19,17,11,0,0,0,0,59
Virginia,Wythe,2017,245,231,14,0,0,0,0,77,48,40,0,0,245,0,0
Washington,Adams,2017,357,316,30,5,4,2,0,207,52,18,0,0,0,357,0
Washington,Asotin,2017,347,226,102,11,5,3,0,274,73,39,0,0,0,347,0
Washington,Benton,2017,365,242,109,9,4,1,0,204,73,39,0,0,93,257,15
Washington,Chelan,2017,365,236,108,9,8,4,0,293,72,37,0,0,0,365,0
Washington,Clallam,2017,365,246,111,4,4,0,0,188,64,41,0,0,156,209,0
Washington,Clark,2017,365,264,93,5,3,0,0,161,71,37,0,0,111,254,0
Washington,Columbia,2017,333,249,75,6,3,0,0,184,59,28,0,0,0,333,0
Washington,Cowlitz,2017,365,301,62,1,1,0,0,156,57,26,0,0,0,365,0
Washington,Franklin,2017,331,261,62,4,3,1,0,206,58,26,0,0,0,331,0
Washington,Garfield,2017,183,144,33,3,3,0,0,190,66,28,0,0,0,183,0
Washington,Grant,2017,365,283,72,4,6,0,0,197,61,28,0,3,0,362,0
Washington,Grays Harbor,2017,365,313,49,2,1,0,0,162,53,27,0,0,0,365,0
Washington,Jefferson,2017,365,328,36,1,0,0,0,108,51,24,0,0,0,365,0
Washington,King,2017,365,194,153,10,7,1,0,227,77,48,0,30,80,255,0
Washington,Kitsap,2017,360,326,29,5,0,0,0,144,47,19,0,0,0,360,0
Washington,Kittitas,2017,355,235,104,11,3,2,0,240,75,38,0,0,0,355,0
Washington,Klickitat,2017,119,105,11,2,1,0,0,152,53,21,0,0,0,119,0
Washington,Lewis,2017,365,302,60,1,2,0,0,162,57,26,0,0,0,365,0
Washington,Mason,2017,363,301,60,1,1,0,0,156,57,25,0,0,0,363,0
Washington,Okanogan,2017,365,167,181,2,13,2,0,242,81,52,0,0,0,365,0
Washington,Pierce,2017,365,242,110,6,7,0,0,176,74,45,0,8,189,168,0
Washington,Skagit,2017,365,325,40,0,0,0,0,99,51,35,0,2,169,194,0
Washington,Snohomish,2017,365,244,105,13,3,0,0,161,84,33,0,0,0,365,0
Washington,Spokane,2017,365,227,122,10,2,4,0,278,73,43,0,0,97,256,12
Washington,Stevens,2017,365,195,153,8,8,1,0,201,74,47,0,0,0,358,7
Washington,Thurston,2017,363,287,72,2,2,0,0,156,62,32,0,0,124,239,0
Washington,Walla Walla,2017,351,274,66,8,1,2,0,222,64,23,0,0,0,313,38
Washington,Whatcom,2017,348,300,41,4,3,0,0,187,54,31,0,0,140,208,0
Washington,Whitman,2017,365,299,56,5,4,1,0,210,58,24,0,0,0,365,0
Washington,Yakima,2017,365,193,143,21,5,1,2,317,95,48,0,0,0,364,1
West Virginia,Berkeley,2017,285,226,59,0,0,0,0,77,56,40,0,0,194,91,0
West Virginia,Brooke,2017,363,297,66,0,0,0,0,74,57,18,0,0,0,122,241
West Virginia,Cabell,2017,283,233,48,2,0,0,0,101,56,41,0,0,194,89,0
West Virginia,Gilmer,2017,354,351,3,0,0,0,0,71,43,31,0,0,354,0,0
West Virginia,Greenbrier,2017,239,227,12,0,0,0,0,84,47,39,0,0,239,0,0
West Virginia,Hancock,2017,365,303,62,0,0,0,0,87,56,38,0,0,198,86,81
West Virginia,Harrison,2017,122,88,34,0,0,0,0,71,56,40,0,0,0,122,0
West Virginia,Kanawha,2017,365,214,150,1,0,0,0,105,60,47,1,0,118,246,0
West Virginia,Marion,2017,114,80,34,0,0,0,0,74,57,42,0,0,0,114,0
West Virginia,Marshall,2017,365,116,249,0,0,0,0,85,66,55,0,0,0,365,0
West Virginia,Monongalia,2017,282,242,40,0,0,0,0,90,53,40,0,0,206,76,0
West Virginia,Ohio,2017,283,218,65,0,0,0,0,87,58,43,0,0,202,81,0
West Virginia,Tucker,2017,351,335,16,0,0,0,0,74,47,36,0,0,327,24,0
West Virginia,Wood,2017,283,233,50,0,0,0,0,84,55,40,0,0,203,80,0
Wisconsin,Ashland,2017,362,357,5,0,0,0,0,87,44,33,0,0,351,11,0
Wisconsin,Brown,2017,360,288,72,0,0,0,0,92,57,38,0,0,175,185,0
Wisconsin,Columbia,2017,237,211,26,0,0,0,0,93,51,39,0,0,237,0,0
Wisconsin,Dane,2017,358,241,117,0,0,0,0,86,61,42,0,0,139,219,0
Wisconsin,Dodge,2017,365,292,72,1,0,0,0,122,58,39,0,0,248,117,0
Wisconsin,Door,2017,236,213,20,3,0,0,0,112,50,37,0,0,236,0,0
Wisconsin,Eau Claire,2017,365,276,89,0,0,0,0,86,57,41,0,0,161,204,0
Wisconsin,Fond du Lac,2017,236,216,20,0,0,0,0,93,50,37,0,0,236,0,0
Wisconsin,Forest,2017,364,327,37,0,0,0,0,74,51,36,0,0,286,78,0
Wisconsin,Grant,2017,346,265,81,0,0,0,0,88,56,33,0,0,0,346,0
Wisconsin,Jefferson,2017,245,214,31,0,0,0,0,90,54,39,0,0,245,0,0
Wisconsin,Kenosha,2017,360,247,103,10,0,0,0,147,74,43,0,0,209,151,0
Wisconsin,Kewaunee,2017,235,209,24,2,0,0,0,112,51,39,0,0,235,0,0
Wisconsin,La Crosse,2017,360,268,92,0,0,0,0,87,58,41,0,0,149,211,0
Wisconsin,Manitowoc,2017,237,216,17,4,0,0,0,126,50,38,0,0,237,0,0
Wisconsin,Marathon,2017,237,223,14,0,0,0,0,90,47,36,0,0,237,0,0
Wisconsin,Milwaukee,2017,365,223,138,4,0,0,0,129,67,44,0,7,155,203,0
Wisconsin,Outagamie,2017,357,280,77,0,0,0,0,90,58,37,0,0,182,175,0
Wisconsin,Ozaukee,2017,348,276,64,8,0,0,0,136,64,40,0,0,205,143,0
Wisconsin,Racine,2017,230,176,43,11,0,0,0,143,84,42,0,0,230,0,0
Wisconsin,Rock,2017,234,203,31,0,0,0,0,87,58,40,0,0,234,0,0
Wisconsin,Sauk,2017,364,270,94,0,0,0,0,87,58,39,0,0,126,238,0
Wisconsin,Sheboygan,2017,245,192,40,13,0,0,0,129,71,41,0,0,245,0,0
Wisconsin,Taylor,2017,363,314,49,0,0,0,0,77,53,36,0,0,253,110,0
Wisconsin,Vilas,2017,319,294,25,0,0,0,0,80,49,34,0,0,230,89,0
Wisconsin,Walworth,2017,243,219,24,0,0,0,0,90,50,39,0,0,243,0,0
Wisconsin,Waukesha,2017,359,232,127,0,0,0,0,91,63,43,0,0,140,219,0
Wyoming,Albany,2017,365,219,143,2,1,0,0,154,74,49,0,2,316,17,30
Wyoming,Big Horn,2017,345,326,19,0,0,0,0,74,49,36,0,0,345,0,0
Wyoming,Campbell,2017,365,229,129,4,3,0,0,169,69,45,0,0,214,55,96
Wyoming,Carbon,2017,365,311,54,0,0,0,0,80,54,43,0,19,346,0,0
Wyoming,Converse,2017,365,282,80,3,0,0,0,121,61,42,0,4,286,33,42
Wyoming,Fremont,2017,365,249,114,2,0,0,0,118,66,47,0,0,307,58,0
Wyoming,Laramie,2017,365,267,95,1,2,0,0,163,64,45,0,7,321,34,3
Wyoming,Lincoln,2017,365,348,16,0,0,1,0,208,34,14,0,0,0,0,365
Wyoming,Natrona,2017,365,286,77,2,0,0,0,137,61,44,0,4,324,37,0
Wyoming,Park,2017,121,106,15,0,0,0,0,87,58,18,0,0,0,106,15
Wyoming,Platte,2017,60,54,6,0,0,0,0,72,57,15,0,0,0,0,60
Wyoming,Sheridan,2017,365,250,111,3,1,0,0,157,67,43,0,1,256,66,42
Wyoming,Sublette,2017,365,220,137,8,0,0,0,150,74,48,0,0,333,32,0
Wyoming,Sweetwater,2017,365,259,101,2,2,1,0,264,67,46,0,1,317,11,36
Wyoming,Teton,2017,365,289,75,1,0,0,0,118,61,44,0,0,332,33,0
Wyoming,Uinta,2017,365,310,53,1,0,0,1,718,54,44,0,3,348,0,14
Wyoming,Weston,2017,289,257,32,0,0,0,0,93,51,41,0,0,289,0,0
Alabama,Baldwin,2018,270,232,38,0,0,0,0,97,54,37,0,0,194,76,0
Alabama,Clay,2018,110,86,24,0,0,0,0,68,54,36,0,0,0,110,0
Alabama,Colbert,2018,277,235,42,0,0,0,0,93,54,37,0,0,184,93,0
Alabama,DeKalb,2018,350,302,48,0,0,0,0,84,54,36,0,0,286,64,0
Alabama,Elmore,2018,222,203,19,0,0,0,0,71,49,33,0,0,222,0,0
Alabama,Etowah,2018,324,169,154,0,1,0,0,154,65,48,0,0,120,204,0
Alabama,Houston,2018,277,230,47,0,0,0,0,80,54,37,0,0,191,86,0
Alabama,Jefferson,2018,365,98,263,3,1,0,0,156,76,56,0,1,65,297,2
Alabama,Lawrence,2018,118,99,19,0,0,0,0,66,54,31,0,0,0,118,0
Alabama,Madison,2018,365,194,170,1,0,0,0,115,62,49,0,0,71,293,1
Alabama,Mobile,2018,359,218,140,1,0,0,0,105,61,44,0,0,103,256,0
Alabama,Montgomery,2018,324,81,243,0,0,0,0,93,70,57,0,0,31,293,0
Alabama,Morgan,2018,364,251,113,0,0,0,0,100,59,44,0,0,128,236,0
Alabama,Russell,2018,364,199,165,0,0,0,0,99,64,48,0,0,66,298,0
Alabama,Shelby,2018,242,217,24,1,0,0,0,112,51,38,0,0,242,0,0
Alabama,Sumter,2018,357,327,30,0,0,0,0,77,48,31,0,0,202,155,0
Alabama,Tuscaloosa,2018,320,223,96,1,0,0,0,115,60,42,0,0,165,155,0
Alaska,Aleutians East ,2018,120,120,0,0,0,0,0,46,28,13,0,0,0,120,0
Alaska,Anchorage ,2018,365,288,77,0,0,0,0,87,60,30,0,0,0,288,77
Alaska,Bethel ,2018,202,194,8,0,0,0,0,77,37,19,0,0,0,157,45
Alaska,Denali ,2018,364,361,3,0,0,0,0,58,44,35,0,0,363,1,0
Alaska,Fairbanks North Star ,2018,365,215,111,29,10,0,0,158,103,40,0,9,90,264,2
Alaska,Juneau ,2018,352,268,84,0,0,0,0,85,59,31,0,0,0,349,3
Alaska,Kenai Peninsula ,2018,120,120,0,0,0,0,0,36,21,10,0,0,0,120,0
Alaska,Matanuska-Susitna ,2018,365,308,53,3,1,0,0,151,58,29,0,0,182,165,18
Arizona,Apache,2018,358,354,4,0,0,0,0,58,27,13,0,0,0,58,300
Arizona,Cochise,2018,365,266,99,0,0,0,0,90,63,45,0,0,293,50,22
Arizona,Coconino,2018,365,236,126,3,0,0,0,126,77,45,0,0,351,14,0
Arizona,Gila,2018,365,220,122,22,1,0,0,171,87,47,0,0,328,2,35
Arizona,La Paz,2018,364,257,104,3,0,0,0,105,71,44,0,0,335,24,5
Arizona,Maricopa,2018,365,49,252,57,4,3,0,274,115,71,0,6,178,85,96
Arizona,Mohave,2018,363,349,13,1,0,0,0,105,35,18,0,0,0,54,309
Arizona,Navajo,2018,363,260,101,2,0,0,0,115,74,44,0,0,353,3,7
Arizona,Pima,2018,365,164,190,11,0,0,0,129,84,52,0,0,224,79,62
Arizona,Pinal,2018,365,71,243,34,6,3,8,1051,108,67,0,0,120,53,192
Arizona,Santa Cruz,2018,365,252,111,1,1,0,0,194,63,39,0,0,0,316,49
Arizona,Yavapai,2018,365,289,75,1,0,0,0,101,61,44,0,0,362,3,0
Arizona,Yuma,2018,365,202,147,15,1,0,0,169,80,49,0,0,178,129,58
Arkansas,Arkansas,2018,118,79,39,0,0,0,0,91,59,43,0,0,0,118,0
Arkansas,Ashley,2018,121,82,38,1,0,0,0,103,58,39,0,0,0,121,0
Arkansas,Clark,2018,361,342,19,0,0,0,0,87,46,31,0,0,361,0,0
Arkansas,Craighead,2018,90,54,36,0,0,0,0,75,61,46,0,0,0,90,0
Arkansas,Crittenden,2018,365,206,156,3,0,0,0,115,61,47,0,2,87,276,0
Arkansas,Garland,2018,121,77,44,0,0,0,0,88,59,42,0,0,0,121,0
Arkansas,Jackson,2018,122,82,40,0,0,0,0,74,58,41,0,0,0,122,0
Arkansas,Newton,2018,364,326,38,0,0,0,0,84,51,36,0,0,331,33,0
Arkansas,Polk,2018,363,293,70,0,0,0,0,93,57,40,0,0,287,76,0
Arkansas,Pulaski,2018,365,164,199,2,0,0,0,122,66,52,0,1,86,278,0
Arkansas,Union,2018,365,189,173,3,0,0,0,122,63,49,0,0,0,365,0
Arkansas,Washington,2018,365,196,169,0,0,0,0,87,67,48,0,0,108,257,0
California,Alameda,2018,365,77,271,5,9,3,0,248,79,57,0,1,22,342,0
California,Amador,2018,364,288,70,6,0,0,0,129,71,40,0,0,364,0,0
California,Butte,2018,365,97,228,22,10,3,5,682,104,59,0,0,148,216,1
California,Calaveras,2018,364,52,292,14,6,0,0,160,87,58,0,0,71,293,0
California,Colusa,2018,365,206,131,10,17,1,0,299,84,46,0,0,138,210,17
California,Contra Costa,2018,365,111,236,7,8,3,0,270,74,55,0,0,45,320,0
California,Del Norte,2018,180,134,46,0,0,0,0,80,58,33,0,0,0,180,0
California,El Dorado,2018,365,221,107,27,9,1,0,203,101,45,0,0,347,9,9
California,Fresno,2018,365,61,206,79,19,0,0,185,133,75,0,0,210,151,4
California,Glenn,2018,363,242,105,9,6,1,0,255,71,39,0,0,130,185,48
California,Humboldt,2018,365,301,58,5,1,0,0,167,58,35,0,2,231,117,15
California,Imperial,2018,365,67,248,41,7,2,0,286,108,64,0,4,103,164,94
California,Inyo,2018,365,192,136,26,7,2,2,638,101,49,0,0,291,44,30
California,Kern,2018,365,45,190,103,27,0,0,190,142,84,0,0,226,126,13
California,Kings,2018,365,68,239,49,9,0,0,190,114,70,0,0,161,160,44
California,Lake,2018,357,344,10,1,1,1,0,233,43,33,0,0,343,12,2
California,Los Angeles,2018,365,7,250,89,18,1,0,201,130,78,0,22,153,189,1
California,Madera,2018,365,122,208,30,5,0,0,169,100,58,0,0,181,160,24
California,Marin,2018,365,235,117,3,9,1,0,243,63,43,0,11,85,269,0
California,Mariposa,2018,365,156,169,10,13,15,2,352,108,53,0,0,226,139,0
California,Mendocino,2018,364,217,126,13,6,1,1,376,69,46,0,0,81,282,1
California,Merced,2018,365,110,214,32,9,0,0,178,101,56,0,1,139,224,1
California,Mono,2018,365,252,84,14,10,3,2,1049,85,27,0,0,0,234,131
California,Monterey,2018,365,258,100,5,2,0,0,157,57,42,0,0,149,189,27
California,Napa,2018,364,210,142,4,8,0,0,195,65,46,1,1,99,262,1
California,Nevada,2018,363,231,104,19,7,2,0,218,87,45,0,0,311,52,0
California,Orange,2018,365,114,233,15,3,0,0,160,86,54,0,17,114,231,3
California,Placer,2018,365,213,127,16,7,2,0,248,84,46,0,12,176,174,3
California,Plumas,2018,350,186,154,8,2,0,0,162,85,47,0,0,0,350,0
California,Riverside,2018,365,32,193,102,32,6,0,296,153,87,0,1,210,117,37
California,Sacramento,2018,365,104,226,22,6,5,2,376,100,58,0,1,131,229,4
California,San Benito,2018,365,270,84,11,0,0,0,143,63,42,0,0,286,78,1
California,San Bernardino,2018,365,14,197,96,51,7,0,221,164,89,0,5,197,159,4
California,San Diego,2018,365,28,302,35,0,0,0,143,100,67,0,0,162,203,0
California,San Francisco,2018,365,222,129,2,10,2,0,252,66,44,1,23,86,254,1
California,San Joaquin,2018,365,91,241,20,8,4,1,365,99,59,0,0,85,276,4
California,San Luis Obispo,2018,365,147,209,9,0,0,0,133,77,53,0,0,172,168,25
California,San Mateo,2018,365,236,116,3,10,0,0,197,61,42,0,13,90,262,0
California,Santa Barbara,2018,365,173,190,2,0,0,0,114,67,51,0,0,167,188,10
California,Santa Clara,2018,365,154,194,6,9,2,0,214,72,53,0,2,94,269,0
California,Santa Cruz,2018,365,273,82,5,5,0,0,177,56,41,0,0,136,229,0
California,Shasta,2018,365,272,72,15,5,1,0,206,84,43,0,0,341,23,1
California,Siskiyou,2018,365,247,78,16,21,3,0,219,119,42,0,0,214,151,0
California,Solano,2018,365,184,166,3,11,1,0,272,69,50,0,1,120,244,0
California,Sonoma,2018,365,304,48,3,8,2,0,250,57,39,0,2,232,130,1
California,Stanislaus,2018,365,109,209,32,11,4,0,265,108,59,0,1,153,206,5
California,Sutter,2018,365,94,236,22,6,6,1,420,100,58,0,0,101,263,1
California,Tehama,2018,365,208,128,16,12,1,0,206,96,48,0,0,224,141,0
California,Trinity,2018,291,117,155,12,5,2,0,209,82,54,0,0,0,291,0
California,Tulare,2018,365,50,194,95,26,0,0,180,140,79,0,0,207,152,6
California,Tuolumne,2018,348,254,73,20,1,0,0,154,80,43,0,0,348,0,0
California,Ventura,2018,365,94,254,16,1,0,0,166,88,57,0,0,116,238,11
California,Yolo,2018,365,216,135,5,7,2,0,260,71,45,0,0,198,167,0
Colorado,Adams,2018,365,138,224,3,0,0,0,130,74,54,0,32,120,176,37
Colorado,Alamosa,2018,360,348,11,0,0,1,0,235,37,19,0,0,0,50,310
Colorado,Arapahoe,2018,365,227,123,14,1,0,0,156,87,46,0,0,350,15,0
Colorado,Archuleta,2018,365,333,32,0,0,0,0,97,50,38,0,0,331,0,34
Colorado,Boulder,2018,362,198,135,28,1,0,0,159,96,49,0,0,265,97,0
Colorado,Chaffee,2018,164,67,91,5,1,0,0,161,87,58,0,0,164,0,0
Colorado,Clear Creek,2018,291,145,118,25,3,0,0,164,100,51,0,0,291,0,0
Colorado,Delta,2018,297,264,33,0,0,0,0,85,52,36,0,1,199,58,39
Colorado,Denver,2018,365,124,231,10,0,0,0,150,80,54,0,98,119,148,0
Colorado,Douglas,2018,364,194,143,24,3,0,0,156,97,49,0,0,283,81,0
Colorado,El Paso,2018,365,217,140,8,0,0,0,119,84,47,0,0,301,64,0
Colorado,Fremont,2018,20,20,0,0,0,0,0,36,20,15,0,0,0,0,20
Colorado,Garfield,2018,365,214,135,15,1,0,0,151,87,48,0,0,357,7,1
Colorado,Grand,2018,166,110,54,1,1,0,0,151,67,47,0,0,166,0,0
Colorado,Gunnison,2018,365,235,125,4,1,0,0,156,77,47,0,0,354,0,11
Colorado,Jackson,2018,116,113,3,0,0,0,0,64,27,9,0,0,0,116,0
Colorado,Jefferson,2018,365,229,99,35,2,0,0,151,101,46,0,0,365,0,0
Colorado,La Plata,2018,365,236,109,10,7,3,0,243,80,45,0,0,305,57,3
Colorado,Larimer,2018,365,160,177,25,3,0,0,169,97,53,0,0,287,78,0
Colorado,Mesa,2018,365,193,167,5,0,0,0,150,80,49,1,0,274,89,1
Colorado,Moffat,2018,331,262,68,1,0,0,0,108,61,42,0,0,331,0,0
Colorado,Montezuma,2018,359,259,96,4,0,0,0,115,71,44,0,0,356,3,0
Colorado,Montrose,2018,326,257,68,1,0,0,0,122,64,42,0,0,326,0,0
Colorado,Park,2018,324,161,145,17,1,0,0,174,90,51,0,0,323,1,0
Colorado,Pitkin,2018,123,120,3,0,0,0,0,53,33,15,0,0,0,43,80
Colorado,Prowers,2018,359,353,5,1,0,0,0,103,31,16,0,0,0,0,359
Colorado,Pueblo,2018,123,108,14,1,0,0,0,101,51,29,0,0,0,105,18
Colorado,Rio Blanco,2018,365,215,148,2,0,0,0,108,71,47,0,0,238,127,0
Colorado,Routt,2018,355,354,1,0,0,0,0,51,30,15,0,0,0,0,355
Colorado,San Juan,2018,118,109,9,0,0,0,0,100,33,10,0,0,0,118,0
Colorado,San Miguel,2018,238,160,76,2,0,0,0,101,71,46,0,0,181,0,57
Colorado,Teller,2018,160,63,85,12,0,0,0,133,97,58,0,0,160,0,0
Colorado,Weld,2018,365,138,217,10,0,0,0,133,87,54,0,0,208,157,0
Connecticut,Fairfield,2018,365,218,126,14,7,0,0,185,80,46,0,11,157,197,0
Connecticut,Hartford,2018,365,240,123,2,0,0,0,143,64,42,0,11,130,224,0
Connecticut,Litchfield,2018,363,308,51,4,0,0,0,133,57,36,1,0,299,63,0
Connecticut,Middlesex,2018,208,168,32,8,0,0,0,126,67,40,0,0,208,0,0
Connecticut,New Haven,2018,365,220,131,12,2,0,0,156,71,44,0,7,143,215,0
Connecticut,New London,2018,315,260,49,6,0,0,0,140,56,39,0,0,167,148,0
Connecticut,Tolland,2018,213,189,20,4,0,0,0,140,54,38,0,0,213,0,0
Connecticut,Windham,2018,358,332,20,6,0,0,0,129,47,34,0,0,358,0,0
Country Of Mexico,BAJA CALIFORNIA NORTE,2018,152,11,102,28,10,0,1,487,139,76,0,0,0,99,53
Country Of Mexico,SONORA,2018,362,317,42,3,0,0,0,119,51,38,0,0,362,0,0
Delaware,Kent,2018,365,267,96,2,0,0,0,133,59,42,0,0,214,151,0
Delaware,New Castle,2018,365,212,147,6,0,0,0,150,71,48,0,2,149,214,0
Delaware,Sussex,2018,365,256,105,4,0,0,0,140,61,42,0,0,236,129,0
District Of Columbia,District of Columbia,2018,365,167,192,5,1,0,0,164,74,52,0,5,114,246,0
Florida,Alachua,2018,364,317,47,0,0,0,0,90,52,37,0,0,205,159,0
Florida,Baker,2018,360,341,19,0,0,0,0,87,46,31,0,0,360,0,0
Florida,Bay,2018,323,209,113,1,0,0,0,126,58,44,0,0,90,233,0
Florida,Brevard,2018,365,288,76,1,0,0,0,129,55,41,0,0,167,198,0
Florida,Broward,2018,365,191,174,0,0,0,0,100,61,49,0,4,63,298,0
Florida,Citrus,2018,350,247,103,0,0,0,0,73,56,43,0,0,0,350,0
Florida,Collier,2018,365,262,103,0,0,0,0,80,58,42,0,0,118,247,0
Florida,Columbia,2018,359,267,91,1,0,0,0,111,58,41,0,0,131,228,0
Florida,Duval,2018,365,177,183,4,1,0,0,156,65,51,0,0,55,299,11
Florida,Escambia,2018,365,306,59,0,0,0,0,93,54,38,0,0,314,51,0
Florida,Flagler,2018,345,330,15,0,0,0,0,77,47,32,0,0,345,0,0
Florida,Hamilton,2018,307,205,102,0,0,0,0,69,56,43,0,0,0,307,0
Florida,Highlands,2018,351,337,13,1,0,0,0,108,47,31,0,0,351,0,0
Florida,Hillsborough,2018,365,168,193,4,0,0,0,122,63,51,0,0,67,298,0
Florida,Holmes,2018,346,236,110,0,0,0,0,81,58,43,0,0,79,267,0
Florida,Indian River,2018,356,325,30,1,0,0,0,101,49,36,0,0,356,0,0
Florida,Lake,2018,363,331,31,1,0,0,0,101,49,33,0,0,363,0,0
Florida,Lee,2018,365,294,70,1,0,0,0,106,57,38,0,0,212,153,0
Florida,Leon,2018,355,217,138,0,0,0,0,97,61,46,0,0,58,297,0
Florida,Liberty,2018,284,273,11,0,0,0,0,71,47,31,0,0,284,0,0
Florida,Manatee,2018,365,330,33,2,0,0,0,119,50,34,0,0,365,0,0
Florida,Marion,2018,365,273,92,0,0,0,0,90,56,42,0,0,86,279,0
Florida,Martin,2018,365,285,79,1,0,0,0,112,55,42,0,0,109,256,0
Florida,Miami-Dade,2018,365,194,167,4,0,0,0,126,61,49,0,8,49,307,1
Florida,Nassau,2018,271,192,79,0,0,0,0,86,56,43,0,0,0,271,0
Florida,Okaloosa,2018,353,325,28,0,0,0,0,80,49,33,0,0,345,0,8
Florida,Orange,2018,365,286,77,1,1,0,0,151,55,40,0,0,191,174,0
Florida,Osceola,2018,365,330,33,2,0,0,0,126,50,33,0,0,365,0,0
Florida,Palm Beach,2018,365,260,105,0,0,0,0,91,58,42,0,0,152,202,11
Florida,Pasco,2018,365,324,39,2,0,0,0,129,54,35,0,0,365,0,0
Florida,Pinellas,2018,365,245,120,0,0,0,0,100,59,46,0,0,103,260,2
Florida,Polk,2018,365,290,73,2,0,0,0,112,56,39,0,0,152,213,0
Florida,Putnam,2018,302,301,1,0,0,0,0,51,23,14,0,0,0,0,302
Florida,Santa Rosa,2018,363,240,123,0,0,0,0,90,58,43,0,0,109,254,0
Florida,Sarasota,2018,365,239,126,0,0,0,0,97,60,45,0,0,102,263,0
Florida,Seminole,2018,365,309,54,2,0,0,0,150,58,39,0,0,191,174,0
Florida,St. Lucie,2018,360,342,18,0,0,0,0,100,47,33,0,0,360,0,0
Florida,Volusia,2018,365,291,74,0,0,0,0,80,55,41,0,0,143,222,0
Florida,Wakulla,2018,353,266,87,0,0,0,0,98,58,41,3,0,109,241,0
Georgia,Bibb,2018,362,250,111,1,0,0,0,106,60,42,0,0,84,278,0
Georgia,Charlton,2018,114,105,9,0,0,0,0,65,46,26,0,0,0,114,0
Georgia,Chatham,2018,363,232,131,0,0,0,0,77,58,44,0,0,55,308,0
Georgia,Chattooga,2018,245,224,21,0,0,0,0,87,50,35,0,0,245,0,0
Georgia,Clarke,2018,332,207,123,2,0,0,0,105,61,46,0,0,93,239,0
Georgia,Clayton,2018,120,72,48,0,0,0,0,71,59,44,0,0,0,120,0
Georgia,Cobb,2018,286,213,73,0,0,0,0,100,61,41,0,0,203,83,0
Georgia,Coffee,2018,116,106,10,0,0,0,0,69,49,29,0,0,0,116,0
Georgia,Columbia,2018,245,223,22,0,0,0,0,90,50,36,0,0,245,0,0
Georgia,Dawson,2018,245,222,21,2,0,0,0,108,50,35,0,0,245,0,0
Georgia,DeKalb,2018,365,195,170,0,0,0,0,100,63,49,0,21,76,268,0
Georgia,Dougherty,2018,357,227,129,1,0,0,0,137,62,39,0,0,0,357,0
Georgia,Douglas,2018,242,214,28,0,0,0,0,93,51,37,0,0,242,0,0
Georgia,Floyd,2018,333,151,182,0,0,0,0,82,64,52,0,0,0,333,0
Georgia,Fulton,2018,365,153,208,4,0,0,0,133,68,52,1,22,70,272,0
Georgia,Glynn,2018,272,247,25,0,0,0,0,74,49,35,0,0,202,70,0
Georgia,Gwinnett,2018,361,160,201,0,0,0,0,87,66,52,0,0,66,295,0
Georgia,Hall,2018,322,220,102,0,0,0,0,72,58,41,0,0,0,322,0
Georgia,Henry,2018,354,246,105,3,0,0,0,115,60,38,0,0,134,220,0
Georgia,Houston,2018,322,196,124,2,0,0,0,108,63,46,0,0,0,322,0
Georgia,Lowndes,2018,315,167,148,0,0,0,0,94,59,49,0,0,0,315,0
Georgia,Murray,2018,271,232,39,0,0,0,0,100,54,37,0,0,205,66,0
Georgia,Muscogee,2018,364,257,107,0,0,0,0,98,59,39,0,0,105,259,0
Georgia,Pike,2018,288,274,13,1,0,0,0,115,46,33,0,0,288,0,0
Georgia,Richmond,2018,364,200,160,4,0,0,0,150,63,47,0,0,54,300,10
Georgia,Rockdale,2018,243,200,41,2,0,0,0,112,61,36,0,0,243,0,0
Georgia,Sumter,2018,241,219,22,0,0,0,0,80,50,34,0,0,241,0,0
Georgia,Walker,2018,347,196,151,0,0,0,0,75,61,47,0,0,0,347,0
Georgia,Washington,2018,121,96,25,0,0,0,0,70,56,37,0,0,0,121,0
Hawaii,Hawaii,2018,365,140,211,12,2,0,0,153,89,55,0,0,0,365,0
Hawaii,Honolulu,2018,365,353,12,0,0,0,0,73,43,31,1,0,200,162,2
Hawaii,Kauai,2018,355,350,5,0,0,0,0,56,34,18,0,147,0,208,0
Hawaii,Maui,2018,361,347,14,0,0,0,0,76,39,25,0,0,0,361,0
Idaho,Ada,2018,365,266,92,7,0,0,0,134,72,42,2,0,226,135,2
Idaho,Bannock,2018,365,298,63,2,2,0,0,174,60,29,0,0,0,310,55
Idaho,Benewah,2018,361,156,192,11,2,0,0,164,80,53,0,0,0,361,0
Idaho,Blaine,2018,363,313,47,3,0,0,0,143,55,17,0,0,0,363,0
Idaho,Boise,2018,365,169,190,6,0,0,0,130,70,52,0,0,0,365,0
Idaho,Bonner,2018,363,258,89,11,4,1,0,270,64,39,0,0,0,332,31
Idaho,Bonneville,2018,352,268,81,2,1,0,0,154,61,36,0,0,0,352,0
Idaho,Butte,2018,363,311,49,3,0,0,0,115,54,41,0,0,352,11,0
Idaho,Canyon,2018,365,254,106,5,0,0,0,134,69,35,0,0,0,324,41
Idaho,Custer,2018,90,85,3,2,0,0,0,128,26,7,0,0,0,90,0
Idaho,Franklin,2018,319,249,67,3,0,0,0,124,61,25,0,0,0,319,0
Idaho,Idaho,2018,365,248,115,2,0,0,0,134,64,43,0,0,156,209,0
Idaho,Jerome,2018,320,270,45,5,0,0,0,145,57,24,0,0,0,320,0
Idaho,Kootenai,2018,331,240,81,5,4,1,0,229,65,33,0,0,0,331,0
Idaho,Latah,2018,365,327,32,5,1,0,0,184,52,14,0,0,0,365,0
Idaho,Lemhi,2018,360,225,132,3,0,0,0,121,74,38,0,0,0,360,0
Idaho,Nez Perce,2018,365,273,87,4,1,0,0,188,67,25,0,0,0,365,0
Idaho,Shoshone,2018,365,157,195,12,1,0,0,153,85,53,0,0,0,361,4
Idaho,Twin Falls,2018,355,271,79,3,2,0,0,151,60,39,0,0,0,355,0
Idaho,Valley,2018,353,254,97,2,0,0,0,108,62,29,0,0,0,353,0
Illinois,Adams,2018,245,228,17,0,0,0,0,87,49,35,0,0,245,0,0
Illinois,Champaign,2018,365,209,152,4,0,0,0,112,65,47,0,0,148,217,0
Illinois,Clark,2018,359,337,21,1,0,0,0,101,48,32,0,0,359,0,0
Illinois,Cook,2018,365,86,260,15,4,0,0,177,86,59,0,25,91,244,5
Illinois,DuPage,2018,361,136,221,4,0,0,0,112,72,53,0,0,89,272,0
Illinois,Effingham,2018,245,214,30,1,0,0,0,112,51,39,0,0,245,0,0
Illinois,Hamilton,2018,362,212,147,3,0,0,0,105,63,47,0,0,111,251,0
Illinois,Jersey,2018,356,208,145,3,0,0,0,122,66,47,0,0,131,225,0
Illinois,Jo Daviess,2018,344,323,19,2,0,0,0,119,47,33,0,0,344,0,0
Illinois,Kane,2018,364,275,84,5,0,0,0,122,63,39,0,0,287,77,0
Illinois,Lake,2018,352,304,40,6,2,0,0,164,58,35,0,0,352,0,0
Illinois,Macon,2018,365,162,200,3,0,0,0,126,67,52,0,0,86,279,0
Illinois,Macoupin,2018,333,300,30,3,0,0,0,115,50,36,0,89,244,0,0
Illinois,Madison,2018,365,159,196,8,2,0,0,154,74,53,0,0,166,195,4
Illinois,McHenry,2018,362,213,141,8,0,0,0,122,71,46,0,0,185,177,0
Illinois,McLean,2018,365,169,195,1,0,0,0,108,67,52,0,0,99,266,0
Illinois,Peoria,2018,365,189,173,3,0,0,0,101,67,49,0,0,121,244,0
Illinois,Randolph,2018,363,225,137,1,0,0,0,129,61,46,0,0,150,213,0
Illinois,Rock Island,2018,365,212,152,1,0,0,0,101,63,46,0,0,161,204,0
Illinois,Saint Clair,2018,364,152,207,4,1,0,0,174,64,52,2,17,101,244,0
Illinois,Sangamon,2018,363,189,173,1,0,0,0,122,66,49,0,0,107,256,0
Illinois,Will,2018,365,194,167,4,0,0,0,126,70,49,0,0,160,205,0
Illinois,Winnebago,2018,362,310,49,2,1,0,0,151,54,36,0,0,335,27,0
Indiana,Allen,2018,365,193,166,6,0,0,0,122,68,50,0,0,162,203,0
Indiana,Bartholomew,2018,365,242,119,4,0,0,0,108,63,44,0,0,184,181,0
Indiana,Boone,2018,365,324,36,5,0,0,0,112,54,34,0,0,365,0,0
Indiana,Brown,2018,363,339,24,0,0,0,0,97,48,33,0,0,363,0,0
Indiana,Carroll,2018,359,337,19,3,0,0,0,115,48,32,0,0,359,0,0
Indiana,Clark,2018,357,276,77,4,0,0,0,122,61,37,0,0,282,75,0
Indiana,Delaware,2018,361,301,56,4,0,0,0,129,58,36,0,0,294,67,0
Indiana,Dubois,2018,119,71,48,0,0,0,0,89,62,42,0,0,0,116,3
Indiana,Elkhart,2018,363,228,132,3,0,0,0,105,62,44,0,0,139,224,0
Indiana,Floyd,2018,346,295,46,5,0,0,0,143,55,35,0,0,319,27,0
Indiana,Greene,2018,361,294,64,3,0,0,0,129,59,38,0,0,300,61,0
Indiana,Hamilton,2018,365,229,130,6,0,0,0,129,63,45,0,0,165,200,0
Indiana,Hendricks,2018,365,335,28,2,0,0,0,108,48,33,0,0,365,0,0
Indiana,Henry,2018,116,80,35,1,0,0,0,111,60,41,0,0,0,116,0
Indiana,Howard,2018,365,234,126,5,0,0,0,108,61,44,0,0,145,220,0
Indiana,Huntington,2018,358,337,21,0,0,0,0,97,46,31,0,0,358,0,0
Indiana,Jackson,2018,341,321,20,0,0,0,0,90,47,32,0,0,341,0,0
Indiana,Knox,2018,357,311,42,4,0,0,0,122,54,35,0,0,357,0,0
Indiana,LaPorte,2018,363,288,68,6,1,0,0,161,61,37,0,0,316,47,0
Indiana,Lake,2018,365,139,220,5,1,0,0,151,69,54,0,3,67,292,3
Indiana,Madison,2018,365,199,159,7,0,0,0,136,63,48,0,0,125,240,0
Indiana,Marion,2018,365,105,249,10,1,0,0,158,73,55,0,0,81,284,0
Indiana,Monroe,2018,335,182,153,0,0,0,0,98,63,48,0,0,0,335,0
Indiana,Morgan,2018,364,337,27,0,0,0,0,100,47,33,0,0,364,0,0
Indiana,Perry,2018,350,324,26,0,0,0,0,80,50,35,0,0,350,0,0
Indiana,Porter,2018,365,214,146,4,1,0,0,164,64,47,0,0,160,190,15
Indiana,Posey,2018,360,326,34,0,0,0,0,100,50,34,0,0,360,0,0
Indiana,Shelby,2018,361,331,25,5,0,0,0,112,49,34,0,0,361,0,0
Indiana,Spencer,2018,121,72,49,0,0,0,0,87,61,41,0,0,0,121,0
Indiana,St. Joseph,2018,365,173,185,7,0,0,0,133,67,51,0,1,123,241,0
Indiana,Sullivan,2018,181,108,73,0,0,0,0,92,62,43,0,0,0,181,0
Indiana,Tippecanoe,2018,345,207,138,0,0,0,0,80,59,46,0,0,0,345,0
Indiana,Vanderburgh,2018,365,200,162,3,0,0,0,143,64,48,0,0,122,243,0
Indiana,Vigo,2018,365,188,174,3,0,0,0,115,67,50,0,0,132,233,0
Indiana,Wabash,2018,362,315,42,5,0,0,0,129,54,35,0,0,362,0,0
Indiana,Warrick,2018,365,324,38,3,0,0,0,126,51,35,0,0,365,0,0
Indiana,Whitley,2018,348,235,113,0,0,0,0,84,59,41,0,0,0,348,0
Iowa,Black Hawk,2018,365,140,225,0,0,0,0,84,66,53,0,0,0,365,0
Iowa,Bremer,2018,245,224,19,2,0,0,0,112,50,37,0,0,245,0,0
Iowa,Cerro Gordo,2018,115,115,0,0,0,0,0,46,31,16,0,0,0,0,115
Iowa,Clinton,2018,365,168,197,0,0,0,0,100,68,52,0,0,88,277,0
Iowa,Harrison,2018,245,213,30,2,0,0,0,101,58,39,0,0,245,0,0
Iowa,Johnson,2018,362,186,176,0,0,0,0,93,61,50,0,0,0,362,0
Iowa,Lee,2018,121,70,51,0,0,0,0,78,61,45,0,0,0,121,0
Iowa,Linn,2018,365,185,176,4,0,0,0,129,67,50,0,0,96,269,0
Iowa,Montgomery,2018,365,219,146,0,0,0,0,93,63,46,0,0,92,273,0
Iowa,Muscatine,2018,365,154,211,0,0,0,0,95,66,52,0,0,0,365,0
Iowa,Palo Alto,2018,365,188,175,2,0,0,0,115,66,49,0,0,104,261,0
Iowa,Polk,2018,365,225,138,2,0,0,0,112,62,46,0,2,147,216,0
Iowa,Pottawattamie,2018,124,80,43,1,0,0,0,102,61,42,0,0,0,119,5
Iowa,Scott,2018,365,100,261,4,0,0,0,108,72,56,0,0,33,274,58
Iowa,Van Buren,2018,359,230,129,0,0,0,0,100,61,43,0,0,110,248,1
Iowa,Woodbury,2018,122,81,41,0,0,0,0,93,58,44,0,0,0,122,0
Kansas,Chase,2018,116,96,20,0,0,0,0,67,53,30,0,0,0,116,0
Kansas,Ford,2018,354,325,28,1,0,0,0,129,41,17,0,0,0,0,354
Kansas,Johnson,2018,363,277,86,0,0,0,0,92,61,40,0,0,222,141,0
Kansas,Leavenworth,2018,362,325,37,0,0,0,0,100,51,33,0,0,362,0,0
Kansas,Neosho,2018,359,285,74,0,0,0,0,87,57,40,0,0,285,68,6
Kansas,Sedgwick,2018,365,238,127,0,0,0,0,100,64,44,0,10,194,110,51
Kansas,Shawnee,2018,365,194,171,0,0,0,0,99,67,50,0,0,98,267,0
Kansas,Sherman,2018,350,344,6,0,0,0,0,91,31,14,0,0,0,0,350
Kansas,Sumner,2018,365,293,72,0,0,0,0,90,58,38,0,1,282,67,15
Kansas,Trego,2018,364,287,76,1,0,0,0,130,61,39,0,1,289,73,1
Kansas,Wyandotte,2018,365,200,162,2,1,0,0,172,71,48,0,8,139,217,1
Kentucky,Bell,2018,256,224,32,0,0,0,0,84,52,39,0,0,215,41,0
Kentucky,Boone,2018,243,218,23,1,1,0,0,151,51,38,0,0,243,0,0
Kentucky,Boyd,2018,364,245,118,1,0,0,0,119,59,44,0,10,113,241,0
Kentucky,Bullitt,2018,233,196,35,2,0,0,0,150,58,38,0,0,233,0,0
Kentucky,Campbell,2018,350,206,143,1,0,0,0,101,60,45,0,12,83,255,0
Kentucky,Carter,2018,281,248,33,0,0,0,0,80,52,35,0,0,195,86,0
Kentucky,Christian,2018,280,217,63,0,0,0,0,90,58,41,0,0,193,87,0
Kentucky,Daviess,2018,357,206,150,1,0,0,0,112,63,46,0,16,86,255,0
Kentucky,Edmonson,2018,365,234,131,0,0,0,0,100,61,43,2,0,109,254,0
Kentucky,Fayette,2018,364,202,162,0,0,0,0,87,62,48,0,10,65,288,1
Kentucky,Greenup,2018,238,218,19,1,0,0,0,119,50,36,0,0,238,0,0
Kentucky,Hancock,2018,125,115,10,0,0,0,0,97,48,38,0,0,125,0,0
Kentucky,Hardin,2018,361,191,170,0,0,0,0,100,64,49,0,0,66,295,0
Kentucky,Henderson,2018,360,188,170,2,0,0,0,108,66,49,0,0,79,281,0
Kentucky,Jefferson,2018,365,125,232,6,2,0,0,166,77,54,0,4,84,277,0
Kentucky,Jessamine,2018,237,207,30,0,0,0,0,90,54,39,0,0,237,0,0
Kentucky,Livingston,2018,257,226,31,0,0,0,0,97,54,39,0,0,240,0,17
Kentucky,McCracken,2018,364,183,181,0,0,0,0,100,64,50,0,0,68,296,0
Kentucky,Morgan,2018,364,337,27,0,0,0,0,80,48,34,0,0,364,0,0
Kentucky,Oldham,2018,243,214,28,1,0,0,0,108,54,38,0,0,243,0,0
Kentucky,Perry,2018,364,205,159,0,0,0,0,80,61,48,0,0,63,301,0
Kentucky,Pike,2018,359,272,87,0,0,0,0,84,57,41,0,0,96,263,0
Kentucky,Pulaski,2018,282,224,58,0,0,0,0,74,57,39,0,0,195,87,0
Kentucky,Simpson,2018,243,212,31,0,0,0,0,93,51,38,0,0,243,0,0
Kentucky,Trigg,2018,348,324,24,0,0,0,0,87,48,35,0,0,348,0,0
Kentucky,Warren,2018,352,202,150,0,0,0,0,95,62,48,0,0,39,313,0
Kentucky,Washington,2018,359,326,33,0,0,0,0,77,50,35,0,0,359,0,0
Louisiana,Ascension,2018,364,325,36,3,0,0,0,122,51,31,0,7,357,0,0
Louisiana,Bossier,2018,365,280,85,0,0,0,0,96,63,38,0,0,218,144,3
Louisiana,Caddo,2018,361,267,92,2,0,0,0,128,64,39,0,0,270,91,0
Louisiana,Calcasieu,2018,365,145,214,6,0,0,0,108,69,53,0,1,41,323,0
Louisiana,East Baton Rouge,2018,365,170,184,11,0,0,0,126,71,51,0,1,79,285,0
Louisiana,Iberville,2018,365,279,78,7,1,0,0,153,66,38,0,1,297,67,0
Louisiana,Jefferson,2018,365,207,157,1,0,0,0,101,67,47,0,1,87,277,0
Louisiana,Lafayette,2018,365,210,155,0,0,0,0,97,65,47,0,0,114,251,0
Louisiana,Lafourche,2018,362,280,82,0,0,0,0,90,56,39,0,0,207,155,0
Louisiana,Livingston,2018,365,212,153,0,0,0,0,100,62,46,0,0,111,254,0
Louisiana,Orleans,2018,365,209,156,0,0,0,0,87,63,46,0,22,0,338,5
Louisiana,Ouachita,2018,363,323,40,0,0,0,0,100,51,34,0,0,285,78,0
Louisiana,Pointe Coupee,2018,356,324,32,0,0,0,0,97,48,31,0,0,356,0,0
Louisiana,Rapides,2018,119,84,35,0,0,0,0,92,61,41,0,0,0,119,0
Louisiana,St. Bernard,2018,365,188,174,3,0,0,0,112,66,49,0,0,109,255,1
Louisiana,St. James,2018,364,350,14,0,0,0,0,93,44,27,0,0,364,0,0
Louisiana,St. John the Baptist,2018,359,336,22,1,0,0,0,108,48,31,0,0,359,0,0
Louisiana,St. Martin,2018,352,321,31,0,0,0,0,97,50,33,0,0,352,0,0
Louisiana,St. Tammany,2018,365,280,84,1,0,0,0,101,61,38,0,0,200,165,0
Louisiana,Tangipahoa,2018,125,89,36,0,0,0,0,81,58,37,0,0,0,125,0
Louisiana,Terrebonne,2018,119,95,24,0,0,0,0,73,56,36,0,0,0,119,0
Louisiana,West Baton Rouge,2018,365,218,144,3,0,0,0,129,66,46,0,3,90,272,0
Maine,Androscoggin,2018,361,309,52,0,0,0,0,84,54,34,0,0,160,199,2
Maine,Aroostook,2018,365,262,101,0,1,1,0,216,60,42,0,0,135,230,0
Maine,Cumberland,2018,365,280,85,0,0,0,0,100,58,41,0,4,183,176,2
Maine,Hancock,2018,365,331,33,1,0,0,0,122,50,37,0,0,329,36,0
Maine,Kennebec,2018,360,339,21,0,0,0,0,90,47,30,0,115,210,33,2
Maine,Knox,2018,219,209,9,1,0,0,0,112,45,36,0,0,219,0,0
Maine,Oxford,2018,354,290,64,0,0,0,0,98,58,39,0,0,144,210,0
Maine,Penobscot,2018,365,309,56,0,0,0,0,97,54,37,0,0,155,209,1
Maine,Washington,2018,339,327,11,1,0,0,0,122,46,36,0,0,324,15,0
Maine,York,2018,227,207,18,2,0,0,0,119,49,40,0,0,227,0,0
Maryland,Anne Arundel,2018,261,193,59,9,0,0,0,140,77,42,0,0,240,0,21
Maryland,Baltimore,2018,365,218,142,5,0,0,0,115,69,46,0,11,162,192,0
Maryland,Baltimore (City),2018,364,182,174,8,0,0,0,129,74,51,0,14,108,242,0
Maryland,Calvert,2018,243,209,33,1,0,0,0,147,58,39,0,0,243,0,0
Maryland,Carroll,2018,240,199,41,0,0,0,0,97,61,41,0,0,240,0,0
Maryland,Cecil,2018,358,207,144,7,0,0,0,129,63,47,0,0,133,225,0
Maryland,Charles,2018,235,202,32,1,0,0,0,133,54,39,0,0,235,0,0
Maryland,Dorchester,2018,365,283,80,1,1,0,0,151,61,40,0,0,256,109,0
Maryland,Frederick,2018,245,204,41,0,0,0,0,100,61,41,0,0,245,0,0
Maryland,Garrett,2018,362,298,64,0,0,0,0,97,56,39,0,0,259,103,0
Maryland,Harford,2018,358,247,101,10,0,0,0,150,66,42,0,0,178,180,0
Maryland,Howard,2018,365,205,160,0,0,0,0,78,61,47,0,41,0,324,0
Maryland,Kent,2018,361,262,96,3,0,0,0,119,62,42,0,0,192,169,0
Maryland,Montgomery,2018,347,208,138,1,0,0,0,112,63,46,0,0,158,189,0
Maryland,Prince George's,2018,365,248,109,7,1,0,0,166,71,42,0,2,246,117,0
Maryland,Washington,2018,356,253,103,0,0,0,0,93,63,43,0,0,151,205,0
Massachusetts,Barnstable,2018,360,335,21,4,0,0,0,133,47,36,0,0,344,16,0
Massachusetts,Berkshire,2018,365,232,132,1,0,0,0,122,63,42,0,0,57,308,0
Massachusetts,Bristol,2018,365,258,97,10,0,0,0,133,59,44,0,0,217,148,0
Massachusetts,Dukes,2018,360,323,34,3,0,0,0,108,51,37,0,0,343,17,0
Massachusetts,Essex,2018,365,263,98,4,0,0,0,115,59,42,0,2,180,183,0
Massachusetts,Franklin,2018,365,289,76,0,0,0,0,100,57,38,0,0,236,129,0
Massachusetts,Hampden,2018,365,248,115,2,0,0,0,126,62,41,0,11,179,175,0
Massachusetts,Hampshire,2018,363,282,79,2,0,0,0,122,58,40,0,4,222,137,0
Massachusetts,Middlesex,2018,365,308,57,0,0,0,0,97,54,38,0,1,212,152,0
Massachusetts,Norfolk,2018,353,337,15,1,0,0,0,105,45,32,0,19,334,0,0
Massachusetts,Plymouth,2018,364,279,82,3,0,0,0,126,56,39,0,0,213,151,0
Massachusetts,Suffolk,2018,365,119,245,1,0,0,0,108,65,53,0,6,18,341,0
Massachusetts,Worcester,2018,365,265,96,4,0,0,0,129,61,40,0,4,209,152,0
Michigan,Allegan,2018,286,218,60,8,0,0,0,150,67,40,0,0,213,73,0
Michigan,Bay,2018,356,266,90,0,0,0,0,85,56,37,0,0,0,356,0
Michigan,Benzie,2018,250,218,30,1,1,0,0,154,54,38,0,0,250,0,0
Michigan,Berrien,2018,245,208,29,8,0,0,0,126,61,40,0,0,245,0,0
Michigan,Cass,2018,240,202,31,7,0,0,0,126,64,40,0,0,240,0,0
Michigan,Chippewa,2018,271,167,104,0,0,0,0,73,59,43,0,0,95,176,0
Michigan,Clinton,2018,244,213,27,4,0,0,0,143,64,39,0,0,244,0,0
Michigan,Genesee,2018,362,255,104,3,0,0,0,122,64,43,0,0,179,183,0
Michigan,Huron,2018,241,212,26,3,0,0,0,122,54,38,0,0,241,0,0
Michigan,Ingham,2018,342,231,109,2,0,0,0,147,61,43,0,0,111,231,0
Michigan,Kalamazoo,2018,356,217,135,4,0,0,0,115,65,44,0,0,115,241,0
Michigan,Kent,2018,365,244,117,4,0,0,0,115,64,43,0,0,162,203,0
Michigan,Keweenaw,2018,114,108,6,0,0,0,0,66,37,12,0,0,0,114,0
Michigan,Lenawee,2018,344,246,94,4,0,0,0,115,68,43,0,0,187,157,0
Michigan,Macomb,2018,299,229,60,10,0,0,0,143,71,39,0,0,237,62,0
Michigan,Manistee,2018,265,222,42,1,0,0,0,112,57,34,0,0,189,76,0
Michigan,Mason,2018,252,226,25,1,0,0,0,133,51,37,0,0,252,0,0
Michigan,Missaukee,2018,365,316,49,0,0,0,0,97,54,37,0,2,311,52,0
Michigan,Monroe,2018,61,60,1,0,0,0,0,59,31,13,0,0,0,0,61
Michigan,Muskegon,2018,240,203,31,3,3,0,0,174,67,40,0,0,240,0,0
Michigan,Oakland,2018,278,200,69,8,1,0,0,151,68,41,0,0,209,69,0
Michigan,Ottawa,2018,289,224,61,4,0,0,0,115,64,40,0,0,219,68,2
Michigan,Schoolcraft,2018,351,309,40,2,0,0,0,105,52,33,0,0,229,122,0
Michigan,St. Clair,2018,310,200,103,6,1,0,0,151,64,44,0,0,130,180,0
Michigan,Tuscola,2018,356,324,31,1,0,0,0,105,50,35,0,0,356,0,0
Michigan,Washtenaw,2018,365,238,121,6,0,0,0,150,67,46,0,0,161,204,0
Michigan,Wayne,2018,365,105,253,7,0,0,0,133,78,57,0,1,50,294,20
Michigan,Wexford,2018,356,330,24,2,0,0,0,122,49,35,0,0,356,0,0
Minnesota,Anoka,2018,365,223,141,1,0,0,0,115,66,44,0,3,158,204,0
Minnesota,Becker,2018,358,301,57,0,0,0,0,100,55,35,0,0,175,183,0
Minnesota,Beltrami,2018,352,309,42,1,0,0,0,106,52,31,0,0,0,352,0
Minnesota,Carlton,2018,354,319,35,0,0,0,0,94,50,30,0,0,146,208,0
Minnesota,Cass,2018,320,268,52,0,0,0,0,100,55,31,0,0,0,320,0
Minnesota,Cook,2018,353,330,23,0,0,0,0,69,42,23,0,0,0,353,0
Minnesota,Crow Wing,2018,348,292,55,1,0,0,0,107,57,32,0,0,142,206,0
Minnesota,Dakota,2018,365,257,108,0,0,0,0,92,59,41,0,32,0,333,0
Minnesota,Goodhue,2018,231,206,24,1,0,0,0,133,51,38,0,0,231,0,0
Minnesota,Hennepin,2018,365,175,189,1,0,0,0,104,68,51,4,5,38,216,102
Minnesota,Lake,2018,365,310,55,0,0,0,0,96,56,34,0,0,149,108,108
Minnesota,Lyon,2018,365,308,57,0,0,0,0,86,55,36,0,0,125,240,0
Minnesota,Mille Lacs,2018,126,114,12,0,0,0,0,74,49,30,0,0,126,0,0
Minnesota,Olmsted,2018,361,222,139,0,0,0,0,98,61,44,0,0,84,277,0
Minnesota,Ramsey,2018,365,217,147,1,0,0,0,111,64,44,0,0,0,341,24
Minnesota,Saint Louis,2018,365,284,79,2,0,0,0,109,61,39,0,0,223,132,10
Minnesota,Scott,2018,357,306,49,2,0,0,0,112,56,37,0,0,279,78,0
Minnesota,Stearns,2018,365,283,81,1,0,0,0,101,61,38,0,0,158,207,0
Minnesota,Washington,2018,365,158,207,0,0,0,0,100,68,53,0,0,46,270,49
Minnesota,Winona,2018,113,96,17,0,0,0,0,80,54,26,0,0,0,113,0
Minnesota,Wright,2018,365,271,91,3,0,0,0,122,63,42,0,0,168,197,0
Mississippi,Bolivar,2018,312,182,128,2,0,0,0,129,67,47,0,0,100,212,0
Mississippi,DeSoto,2018,365,199,163,2,1,0,0,159,63,49,0,0,65,300,0
Mississippi,Forrest,2018,359,195,163,1,0,0,0,119,62,49,0,0,0,359,0
Mississippi,Grenada,2018,105,77,28,0,0,0,0,82,55,36,0,0,0,105,0
Mississippi,Hancock,2018,363,257,105,1,0,0,0,102,59,41,0,0,113,250,0
Mississippi,Harrison,2018,364,223,138,3,0,0,0,115,63,45,0,0,109,255,0
Mississippi,Hinds,2018,365,165,199,1,0,0,0,112,71,52,0,0,66,299,0
Mississippi,Jackson,2018,362,219,141,2,0,0,0,105,62,47,0,0,96,266,0
Mississippi,Lauderdale,2018,230,200,30,0,0,0,0,87,54,37,0,0,230,0,0
Mississippi,Lee,2018,243,226,17,0,0,0,0,80,49,36,0,0,243,0,0
Mississippi,Yalobusha,2018,325,318,7,0,0,0,0,71,44,29,0,0,325,0,0
Missouri,Andrew,2018,245,186,58,1,0,0,0,112,74,42,0,0,245,0,0
Missouri,Boone,2018,245,208,36,1,0,0,0,105,54,40,0,0,245,0,0
Missouri,Buchanan,2018,363,201,162,0,0,0,0,77,60,47,0,0,0,348,15
Missouri,Callaway,2018,245,210,35,0,0,0,0,90,58,40,0,0,245,0,0
Missouri,Cass,2018,364,266,98,0,0,0,0,97,61,41,0,0,183,181,0
Missouri,Cedar,2018,363,236,127,0,0,0,0,84,62,43,0,0,142,221,0
Missouri,Clay,2018,363,251,101,11,0,0,0,147,68,42,0,0,192,171,0
Missouri,Clinton,2018,245,192,51,2,0,0,0,143,71,42,0,0,245,0,0
Missouri,Greene,2018,365,242,123,0,0,0,0,93,59,44,0,0,144,216,5
Missouri,Jackson,2018,365,223,142,0,0,0,0,77,59,44,0,22,0,322,21
Missouri,Jasper,2018,365,304,61,0,0,0,0,95,54,36,0,0,226,0,139
Missouri,Jefferson,2018,351,255,90,6,0,0,0,119,63,42,0,0,151,166,34
Missouri,Lincoln,2018,245,209,33,3,0,0,0,143,67,41,0,0,245,0,0
Missouri,Monroe,2018,365,336,28,1,0,0,0,105,49,35,0,0,365,0,0
Missouri,Perry,2018,245,208,36,1,0,0,0,126,61,39,0,0,245,0,0
Missouri,Saint Charles,2018,245,190,47,8,0,0,0,147,71,42,0,0,245,0,0
Missouri,Saint Louis,2018,365,178,181,6,0,0,0,119,71,51,0,18,126,221,0
Missouri,Sainte Genevieve,2018,245,210,35,0,0,0,0,97,58,40,0,0,245,0,0
Missouri,St. Louis City,2018,365,129,226,9,1,0,0,182,73,55,0,5,75,278,7
Missouri,Stoddard,2018,117,92,25,0,0,0,0,71,55,32,0,0,0,117,0
Missouri,Taney,2018,119,101,18,0,0,0,0,78,55,28,0,0,0,119,0
Montana,Cascade,2018,360,303,51,5,1,0,0,166,56,33,0,0,0,360,0
Montana,Fergus,2018,365,313,46,5,1,0,0,161,54,40,0,0,306,58,1
Montana,Flathead,2018,365,222,127,11,5,0,0,193,70,45,0,0,144,206,15
Montana,Gallatin,2018,365,289,70,5,1,0,0,154,57,32,0,4,0,361,0
Montana,Lake,2018,118,107,8,3,0,0,0,117,48,11,0,0,0,118,0
Montana,Lewis and Clark,2018,365,238,117,7,3,0,0,169,67,46,0,0,207,158,0
Montana,Lincoln,2018,365,139,206,8,12,0,0,186,80,55,0,0,0,362,3
Montana,Missoula,2018,365,146,215,3,1,0,0,154,80,54,0,0,68,297,0
Montana,Phillips,2018,360,309,47,3,1,0,0,160,54,37,0,1,262,97,0
Montana,Powder River,2018,362,272,86,4,0,0,0,117,67,41,0,0,231,121,10
Montana,Powell,2018,113,104,9,0,0,0,0,93,45,12,0,0,0,113,0
Montana,Ravalli,2018,351,280,71,0,0,0,0,90,62,24,0,0,0,351,0
Montana,Richland,2018,364,298,65,1,0,0,0,139,58,41,0,0,287,77,0
Montana,Roosevelt,2018,105,93,10,2,0,0,0,134,52,17,0,0,0,105,0
Montana,Rosebud,2018,365,302,61,2,0,0,0,133,57,38,0,0,266,77,22
Montana,Sanders,2018,365,256,95,14,0,0,0,148,73,37,0,0,0,353,12
Montana,Sheridan,2018,112,99,12,1,0,0,0,118,52,20,0,0,0,112,0
Montana,Silver Bow,2018,363,284,78,1,0,0,0,120,61,25,0,0,0,242,121
Montana,Yellowstone,2018,345,251,91,2,1,0,0,155,60,37,0,0,0,345,0
Nebraska,Cass,2018,337,332,5,0,0,0,0,57,31,15,0,0,0,0,337
Nebraska,Douglas,2018,365,198,163,4,0,0,0,108,67,47,0,0,155,199,11
Nebraska,Hall,2018,111,92,19,0,0,0,0,72,54,30,0,0,0,111,0
Nebraska,Knox,2018,357,329,28,0,0,0,0,93,48,34,0,0,357,0,0
Nebraska,Lancaster,2018,289,239,50,0,0,0,0,80,55,36,0,0,217,72,0
Nebraska,Sarpy,2018,349,205,144,0,0,0,0,94,61,46,0,0,0,349,0
Nebraska,Scotts Bluff,2018,116,91,25,0,0,0,0,74,54,29,0,0,0,116,0
Nebraska,Thomas,2018,114,104,10,0,0,0,0,79,47,21,0,0,0,114,0
Nebraska,Washington,2018,116,86,30,0,0,0,0,95,58,39,0,0,0,116,0
Nevada,Carson City,2018,365,243,114,5,3,0,0,163,64,46,0,0,284,81,0
Nevada,Churchill,2018,332,256,71,5,0,0,0,129,67,44,0,0,332,0,0
Nevada,Clark,2018,365,104,212,48,1,0,0,155,108,63,0,34,216,103,12
Nevada,Douglas,2018,362,291,61,6,2,2,0,229,60,21,0,0,0,362,0
Nevada,Elko,2018,346,296,46,4,0,0,0,126,61,19,0,0,77,24,245
Nevada,Lyon,2018,362,304,50,8,0,0,0,133,58,40,0,0,362,0,0
Nevada,Nye,2018,365,350,15,0,0,0,0,99,32,18,0,0,0,0,365
Nevada,Washoe,2018,365,177,169,19,0,0,0,146,80,51,0,2,240,107,16
Nevada,White Pine,2018,355,259,90,6,0,0,0,108,71,44,0,0,348,7,0
New Hampshire,Belknap,2018,285,259,26,0,0,0,0,80,49,33,0,0,202,83,0
New Hampshire,Cheshire,2018,365,300,65,0,0,0,0,86,55,36,0,0,224,141,0
New Hampshire,Coos,2018,271,222,46,3,0,0,0,115,64,44,0,0,224,47,0
New Hampshire,Grafton,2018,365,294,71,0,0,0,0,90,55,39,0,0,184,181,0
New Hampshire,Hillsborough,2018,365,327,38,0,0,0,0,97,51,37,1,0,335,29,0
New Hampshire,Merrimack,2018,213,203,10,0,0,0,0,87,47,38,0,0,213,0,0
New Hampshire,Rockingham,2018,365,309,53,3,0,0,0,115,55,39,0,0,248,117,0
New Jersey,Atlantic,2018,365,277,87,1,0,0,0,112,56,41,0,0,183,182,0
New Jersey,Bergen,2018,365,153,198,12,2,0,0,164,76,53,1,42,56,266,0
New Jersey,Camden,2018,365,166,194,5,0,0,0,140,71,52,1,6,94,264,0
New Jersey,Cumberland,2018,365,241,124,0,0,0,0,93,60,43,0,14,107,244,0
New Jersey,Essex,2018,364,219,141,3,1,0,0,177,67,43,2,24,121,217,0
New Jersey,Gloucester,2018,276,212,57,7,0,0,0,147,67,40,0,0,215,61,0
New Jersey,Hudson,2018,365,190,166,7,2,0,0,174,69,49,0,50,90,225,0
New Jersey,Hunterdon,2018,352,236,111,3,2,0,0,179,65,43,0,0,161,191,0
New Jersey,Mercer,2018,365,229,129,6,1,0,0,187,67,43,0,0,158,207,0
New Jersey,Middlesex,2018,365,239,120,6,0,0,0,133,65,42,0,9,153,203,0
New Jersey,Monmouth,2018,245,220,25,0,0,0,0,100,51,33,0,0,245,0,0
New Jersey,Morris,2018,365,319,41,5,0,0,0,136,56,35,0,12,315,38,0
New Jersey,Ocean,2018,349,264,77,8,0,0,0,143,61,39,0,0,171,178,0
New Jersey,Passaic,2018,277,220,54,3,0,0,0,150,64,39,0,0,200,77,0
New Jersey,Union,2018,365,156,209,0,0,0,0,96,64,52,0,18,0,347,0
New Jersey,Warren,2018,357,250,106,1,0,0,0,112,64,40,0,19,102,236,0
New Mexico,Bernalillo,2018,365,137,209,18,1,0,0,165,90,57,0,0,223,103,39
New Mexico,Catron,2018,117,117,0,0,0,0,0,49,28,11,0,0,0,117,0
New Mexico,Chaves,2018,118,102,16,0,0,0,0,62,52,28,0,0,0,118,0
New Mexico,Dona Ana,2018,365,121,212,28,4,0,0,187,100,58,0,2,241,81,41
New Mexico,Eddy,2018,365,210,135,17,3,0,0,185,90,48,0,7,349,9,0
New Mexico,Lea,2018,365,193,166,6,0,0,0,143,80,50,0,1,244,120,0
New Mexico,Lincoln,2018,116,113,3,0,0,0,0,58,30,15,0,0,0,116,0
New Mexico,Los Alamos,2018,120,120,0,0,0,0,0,43,31,13,0,0,0,120,0
New Mexico,Luna,2018,357,343,11,3,0,0,0,137,32,16,0,0,0,0,357
New Mexico,Rio Arriba,2018,362,246,113,3,0,0,0,126,77,46,0,0,360,2,0
New Mexico,San Juan,2018,365,213,136,16,0,0,0,129,93,47,0,2,363,0,0
New Mexico,Sandoval,2018,354,223,119,12,0,0,0,119,84,45,0,0,348,3,3
New Mexico,Santa Fe,2018,365,276,86,3,0,0,0,122,67,44,0,0,343,22,0
New Mexico,Socorro,2018,112,107,5,0,0,0,0,61,39,18,0,0,0,112,0
New Mexico,Taos,2018,365,319,46,0,0,0,0,69,52,30,0,0,0,365,0
New Mexico,Valencia,2018,359,238,116,5,0,0,0,108,80,45,0,0,359,0,0
New York,Albany,2018,365,250,113,2,0,0,0,112,63,42,0,0,142,223,0
New York,Bronx,2018,365,229,127,9,0,0,0,150,65,44,0,51,142,172,0
New York,Chautauqua,2018,358,300,54,4,0,0,0,126,61,37,0,0,323,35,0
New York,Dutchess,2018,349,327,20,1,1,0,0,156,46,31,0,0,349,0,0
New York,Erie,2018,365,220,143,2,0,0,0,112,67,45,0,5,124,236,0
New York,Essex,2018,365,317,46,2,0,0,0,108,54,41,0,0,348,17,0
New York,Hamilton,2018,352,341,11,0,0,0,0,97,45,33,0,0,352,0,0
New York,Herkimer,2018,245,233,12,0,0,0,0,93,48,36,0,0,245,0,0
New York,Jefferson,2018,329,307,20,2,0,0,0,105,47,33,0,0,329,0,0
New York,Kings,2018,365,271,94,0,0,0,0,82,56,34,0,0,0,365,0
New York,Monroe,2018,365,248,113,4,0,0,0,108,61,42,0,1,142,222,0
New York,Nassau,2018,365,305,60,0,0,0,0,93,54,28,0,0,0,365,0
New York,New York,2018,365,176,178,10,1,0,0,151,70,51,0,0,85,280,0
New York,Niagara,2018,320,294,25,1,0,0,0,101,50,34,0,0,320,0,0
New York,Oneida,2018,364,311,53,0,0,0,0,74,53,24,0,0,0,364,0
New York,Onondaga,2018,364,297,65,2,0,0,0,115,58,37,0,0,259,105,0
New York,Orange,2018,365,279,85,1,0,0,0,147,57,39,0,0,207,158,0
New York,Oswego,2018,350,324,25,1,0,0,0,112,47,32,0,0,350,0,0
New York,Putnam,2018,337,317,18,1,1,0,0,151,45,31,0,0,337,0,0
New York,Queens,2018,365,229,128,8,0,0,0,140,64,45,0,35,121,209,0
New York,Richmond,2018,363,229,128,6,0,0,0,136,64,42,0,0,101,262,0
New York,Rockland,2018,365,301,58,5,0,1,0,210,57,38,0,0,252,113,0
New York,Saratoga,2018,361,341,19,1,0,0,0,119,45,31,0,0,361,0,0
New York,Steuben,2018,363,313,50,0,0,0,0,87,52,34,3,0,263,97,0
New York,Suffolk,2018,365,254,100,10,1,0,0,172,62,43,0,0,222,143,0
New York,Tompkins,2018,360,332,27,1,0,0,0,101,47,33,0,0,360,0,0
New York,Wayne,2018,239,210,25,4,0,0,0,115,58,38,0,0,239,0,0
New York,Westchester,2018,365,295,58,11,1,0,0,169,61,38,0,0,255,110,0
North Carolina,Alexander,2018,233,198,35,0,0,0,0,100,58,40,0,0,233,0,0
North Carolina,Avery,2018,357,319,38,0,0,0,0,87,51,38,0,0,329,28,0
North Carolina,Buncombe,2018,364,261,103,0,0,0,0,93,58,40,0,0,134,230,0
North Carolina,Caldwell,2018,244,209,35,0,0,0,0,93,58,39,0,0,244,0,0
North Carolina,Carteret,2018,222,202,20,0,0,0,0,77,49,38,0,0,222,0,0
North Carolina,Caswell,2018,232,198,34,0,0,0,0,97,58,40,0,0,232,0,0
North Carolina,Catawba,2018,352,226,126,0,0,0,0,80,60,43,0,0,0,352,0
North Carolina,Cumberland,2018,349,240,109,0,0,0,0,100,60,42,0,0,137,207,5
North Carolina,Davidson,2018,353,185,168,0,0,0,0,79,61,49,0,0,0,353,0
North Carolina,Durham,2018,358,191,167,0,0,0,0,100,62,48,0,0,94,264,0
North Carolina,Edgecombe,2018,354,286,68,0,0,0,0,80,55,36,0,0,133,221,0
North Carolina,Forsyth,2018,365,189,174,2,0,0,0,101,68,50,0,1,118,246,0
North Carolina,Graham,2018,195,165,30,0,0,0,0,93,64,43,0,0,195,0,0
North Carolina,Granville,2018,233,193,40,0,0,0,0,93,61,42,0,0,233,0,0
North Carolina,Guilford,2018,355,238,116,1,0,0,0,105,64,44,0,0,151,191,13
North Carolina,Haywood,2018,280,221,58,1,0,0,0,105,67,44,0,0,240,40,0
North Carolina,Hyde,2018,109,103,6,0,0,0,0,59,42,26,0,0,0,109,0
North Carolina,Jackson,2018,237,175,61,1,0,0,0,108,67,43,0,0,146,91,0
North Carolina,Johnston,2018,354,228,126,0,0,0,0,90,59,44,0,0,87,267,0
North Carolina,Lee,2018,210,95,115,0,0,0,0,85,63,52,0,0,76,134,0
North Carolina,Lenoir,2018,278,249,28,1,0,0,0,108,51,36,0,0,222,0,56
North Carolina,Lincoln,2018,225,184,41,0,0,0,0,90,58,41,0,0,225,0,0
North Carolina,Macon,2018,356,340,16,0,0,0,0,93,45,31,0,0,356,0,0
North Carolina,Martin,2018,289,261,28,0,0,0,0,80,50,34,0,0,224,0,65
North Carolina,Mecklenburg,2018,360,173,182,5,0,0,0,108,71,51,1,2,124,233,0
North Carolina,Mitchell,2018,355,287,68,0,0,0,0,80,54,27,0,0,0,355,0
North Carolina,Montgomery,2018,363,282,81,0,0,0,0,98,55,39,0,0,172,191,0
North Carolina,New Hanover,2018,329,302,27,0,0,0,0,77,50,31,0,0,188,141,0
North Carolina,Person,2018,233,206,27,0,0,0,0,97,54,40,0,0,233,0,0
North Carolina,Pitt,2018,345,259,86,0,0,0,0,87,56,41,0,0,120,225,0
North Carolina,Rockingham,2018,233,190,43,0,0,0,0,90,58,42,0,0,233,0,0
North Carolina,Rowan,2018,336,322,14,0,0,0,0,74,48,35,0,0,336,0,0
North Carolina,Swain,2018,363,255,108,0,0,0,0,81,58,42,0,0,119,244,0
North Carolina,Union,2018,189,143,43,3,0,0,0,122,67,44,0,0,189,0,0
North Carolina,Wake,2018,361,152,209,0,0,0,0,90,65,52,1,0,77,283,0
North Carolina,Yancey,2018,230,184,46,0,0,0,0,84,64,44,0,0,230,0,0
North Dakota,Billings,2018,361,311,50,0,0,0,0,90,54,38,0,0,282,79,0
North Dakota,Burke,2018,361,311,49,1,0,0,0,108,54,34,0,0,298,62,1
North Dakota,Burleigh,2018,365,247,114,2,2,0,0,153,61,41,4,4,116,240,1
North Dakota,Cass,2018,360,271,88,1,0,0,0,121,58,39,0,3,183,169,5
North Dakota,Dunn,2018,349,297,52,0,0,0,0,90,54,35,0,0,262,86,1
North Dakota,McKenzie,2018,355,293,62,0,0,0,0,93,57,38,0,0,255,99,1
North Dakota,Mercer,2018,365,305,58,2,0,0,0,111,58,38,0,6,248,111,0
North Dakota,Oliver,2018,360,286,71,3,0,0,0,122,61,39,0,0,254,104,2
North Dakota,Ward,2018,360,316,41,3,0,0,0,112,54,34,0,0,171,178,11
North Dakota,Williams,2018,360,291,69,0,0,0,0,100,59,38,0,0,208,150,2
Ohio,Adams,2018,333,288,45,0,0,0,0,70,53,31,0,0,0,333,0
Ohio,Allen,2018,356,260,91,5,0,0,0,119,61,42,0,0,186,170,0
Ohio,Ashtabula,2018,244,208,33,3,0,0,0,129,61,39,0,0,244,0,0
Ohio,Athens,2018,94,75,19,0,0,0,0,62,55,37,0,0,0,94,0
Ohio,Belmont,2018,365,331,34,0,0,0,0,72,48,18,2,251,0,110,2
Ohio,Butler,2018,365,241,118,6,0,0,0,140,71,42,0,0,272,90,3
Ohio,Clark,2018,362,170,188,4,0,0,0,140,69,52,0,0,105,257,0
Ohio,Clermont,2018,356,245,109,2,0,0,0,101,64,44,0,0,171,185,0
Ohio,Clinton,2018,245,202,42,1,0,0,0,112,64,41,0,0,245,0,0
Ohio,Columbiana,2018,63,63,0,0,0,0,0,30,21,12,0,0,0,0,63
Ohio,Cuyahoga,2018,365,165,189,11,0,0,0,133,77,53,0,5,143,210,7
Ohio,Delaware,2018,244,212,32,0,0,0,0,100,54,39,0,0,244,0,0
Ohio,Fayette,2018,364,337,27,0,0,0,0,80,49,35,0,0,364,0,0
Ohio,Franklin,2018,365,210,153,2,0,0,0,122,66,47,0,11,128,224,2
Ohio,Geauga,2018,245,196,40,9,0,0,0,129,77,42,0,0,245,0,0
Ohio,Greene,2018,363,210,152,1,0,0,0,122,64,47,0,0,121,242,0
Ohio,Hamilton,2018,365,97,260,7,1,0,0,159,76,57,0,6,91,268,0
Ohio,Harrison,2018,145,134,11,0,0,0,0,65,41,3,103,0,0,40,2
Ohio,Jefferson,2018,344,96,246,2,0,0,0,108,70,55,0,0,44,300,0
Ohio,Knox,2018,245,208,36,1,0,0,0,115,64,40,0,0,245,0,0
Ohio,Lake,2018,365,258,98,9,0,0,0,126,66,42,0,0,164,201,0
Ohio,Lawrence,2018,365,271,92,2,0,0,0,119,58,42,0,0,115,250,0
Ohio,Licking,2018,245,210,35,0,0,0,0,100,54,40,0,0,245,0,0
Ohio,Lorain,2018,365,255,109,1,0,0,0,101,61,41,0,0,126,239,0
Ohio,Lucas,2018,348,215,123,9,1,0,0,151,66,45,0,0,153,195,0
Ohio,Madison,2018,244,209,34,1,0,0,0,101,58,41,0,0,244,0,0
Ohio,Mahoning,2018,365,242,123,0,0,0,0,90,59,43,0,0,79,286,0
Ohio,Medina,2018,365,240,125,0,0,0,0,100,63,42,0,0,139,226,0
Ohio,Miami,2018,245,207,37,1,0,0,0,140,61,40,0,0,245,0,0
Ohio,Montgomery,2018,363,193,166,4,0,0,0,129,66,49,4,0,139,220,0
Ohio,Noble,2018,343,309,34,0,0,0,0,97,50,36,0,0,295,48,0
Ohio,Portage,2018,279,214,65,0,0,0,0,100,63,39,0,0,211,68,0
Ohio,Preble,2018,365,186,178,1,0,0,0,107,64,50,0,0,116,249,0
Ohio,Scioto,2018,365,338,27,0,0,0,0,84,43,13,0,0,0,114,251
Ohio,Stark,2018,365,176,186,3,0,0,0,108,71,51,0,0,117,248,0
Ohio,Summit,2018,365,200,164,1,0,0,0,105,67,48,0,0,104,261,0
Ohio,Trumbull,2018,353,254,95,4,0,0,0,108,64,42,0,0,195,158,0
Ohio,Warren,2018,358,201,152,5,0,0,0,136,67,48,0,0,140,218,0
Ohio,Washington,2018,245,216,26,3,0,0,0,105,54,39,0,0,245,0,0
Ohio,Wood,2018,245,213,30,2,0,0,0,115,61,38,0,0,245,0,0
Oklahoma,Adair,2018,365,263,100,2,0,0,0,145,61,42,0,0,183,178,4
Oklahoma,Bryan,2018,301,257,41,3,0,0,0,119,58,38,0,0,301,0,0
Oklahoma,Canadian,2018,360,300,54,6,0,0,0,150,64,36,0,0,360,0,0
Oklahoma,Carter,2018,356,227,127,2,0,0,0,128,60,41,0,0,0,356,0
Oklahoma,Choctaw,2018,272,254,18,0,0,0,0,93,49,37,0,0,272,0,0
Oklahoma,Cleveland,2018,365,159,200,6,0,0,0,121,71,52,0,0,112,253,0
Oklahoma,Comanche,2018,365,240,121,4,0,0,0,122,67,44,0,0,231,134,0
Oklahoma,Creek,2018,344,303,40,1,0,0,0,115,51,36,0,0,344,0,0
Oklahoma,Custer,2018,364,355,8,1,0,0,0,104,31,16,0,0,0,0,364
Oklahoma,Dewey,2018,362,212,143,7,0,0,0,115,74,47,0,0,179,183,0
Oklahoma,Jefferson,2018,267,198,64,4,1,0,0,151,71,43,0,0,267,0,0
Oklahoma,Kay,2018,365,181,182,2,0,0,0,114,64,51,0,0,56,309,0
Oklahoma,Le Flore,2018,34,30,4,0,0,0,0,62,52,34,0,0,0,34,0
Oklahoma,Love,2018,272,205,60,7,0,0,0,129,74,43,0,0,272,0,0
Oklahoma,Mayes,2018,261,228,32,1,0,0,0,140,54,37,0,0,261,0,0
Oklahoma,McClain,2018,321,264,54,3,0,0,0,119,61,38,0,0,321,0,0
Oklahoma,Muskogee,2018,347,315,30,1,1,0,0,196,49,19,0,0,0,0,347
Oklahoma,Nowata,2018,354,186,168,0,0,0,0,97,66,48,0,0,116,238,0
Oklahoma,Oklahoma,2018,365,160,196,9,0,0,0,147,75,52,0,3,118,242,2
Oklahoma,Osage,2018,359,303,49,7,0,0,0,143,64,36,0,0,359,0,0
Oklahoma,Ottawa,2018,365,156,208,1,0,0,0,107,66,52,0,0,60,304,1
Oklahoma,Pittsburg,2018,363,232,130,1,0,0,0,108,68,46,0,0,158,205,0
Oklahoma,Sequoyah,2018,363,259,104,0,0,0,0,90,59,41,0,3,159,201,0
Oklahoma,Tulsa,2018,365,117,240,7,1,0,0,192,77,56,0,1,74,290,0
Oklahoma,Washington,2018,8,4,4,0,0,0,0,65,65,53,0,0,2,6,0
Oregon,Baker,2018,347,273,72,1,1,0,0,172,57,32,0,0,0,347,0
Oregon,Benton,2018,362,313,47,2,0,0,0,119,53,22,0,0,0,362,0
Oregon,Clackamas,2018,212,174,32,5,1,0,0,170,71,37,0,0,95,117,0
Oregon,Columbia,2018,363,330,29,4,0,0,0,136,49,28,0,0,104,259,0
Oregon,Crook,2018,363,251,105,5,2,0,0,169,70,34,0,0,0,363,0
Oregon,Deschutes,2018,363,273,76,9,4,1,0,205,66,27,0,0,0,363,0
Oregon,Douglas,2018,336,256,78,2,0,0,0,135,61,29,0,0,0,336,0
Oregon,Grant,2018,362,206,153,1,2,0,0,176,66,45,0,0,0,362,0
Oregon,Harney,2018,362,220,136,4,2,0,0,174,70,39,0,0,0,362,0
Oregon,Jackson,2018,364,190,132,11,25,6,0,258,121,48,0,0,76,288,0
Oregon,Jefferson,2018,184,96,82,5,1,0,0,156,72,49,0,0,0,184,0
Oregon,Josephine,2018,363,195,129,17,21,1,0,210,112,47,0,0,0,363,0
Oregon,Klamath,2018,360,184,136,12,20,8,0,249,114,49,0,0,0,360,0
Oregon,Lake,2018,358,244,92,13,9,0,0,191,82,34,0,0,0,358,0
Oregon,Lane,2018,365,213,144,7,1,0,0,156,74,44,0,0,72,292,1
Oregon,Linn,2018,365,254,106,5,0,0,0,122,66,36,0,0,0,365,0
Oregon,Marion,2018,361,271,84,6,0,0,0,125,61,35,0,0,122,239,0
Oregon,Multnomah,2018,365,272,84,8,1,0,0,152,63,37,0,12,178,175,0
Oregon,Umatilla,2018,333,257,68,5,2,1,0,254,64,36,0,0,88,245,0
Oregon,Union,2018,362,282,74,5,1,0,0,192,59,32,0,0,0,361,1
Oregon,Wallowa,2018,329,251,76,2,0,0,0,118,60,28,0,0,0,329,0
Oregon,Wasco,2018,334,256,73,4,1,0,0,156,59,37,0,0,47,284,3
Oregon,Washington,2018,365,260,98,7,0,0,0,150,64,36,0,25,102,238,0
Pennsylvania,Adams,2018,365,243,120,2,0,0,0,105,64,44,0,0,191,174,0
Pennsylvania,Allegheny,2018,365,92,260,12,1,0,0,154,84,58,0,0,58,307,0
Pennsylvania,Armstrong,2018,360,245,114,1,0,0,0,143,61,42,0,0,157,203,0
Pennsylvania,Beaver,2018,365,169,190,6,0,0,0,136,73,52,0,1,134,230,0
Pennsylvania,Berks,2018,365,226,134,5,0,0,0,117,70,44,0,0,173,192,0
Pennsylvania,Blair,2018,359,244,114,1,0,0,0,132,63,42,0,0,186,173,0
Pennsylvania,Bradford,2018,356,273,83,0,0,0,0,97,58,37,0,2,203,151,0
Pennsylvania,Bucks,2018,333,288,33,9,3,0,0,164,64,33,0,0,333,0,0
Pennsylvania,Cambria,2018,363,230,133,0,0,0,0,93,61,44,0,0,116,245,2
Pennsylvania,Centre,2018,365,225,138,2,0,0,0,122,63,44,0,1,162,202,0
Pennsylvania,Chester,2018,359,220,138,1,0,0,0,112,66,44,0,0,152,207,0
Pennsylvania,Clearfield,2018,343,320,22,1,0,0,0,101,46,33,0,0,343,0,0
Pennsylvania,Cumberland,2018,365,187,178,0,0,0,0,97,65,48,0,0,0,365,0
Pennsylvania,Dauphin,2018,365,222,142,1,0,0,0,108,69,44,0,0,130,234,1
Pennsylvania,Delaware,2018,365,95,264,6,0,0,0,143,76,56,0,1,42,322,0
Pennsylvania,Elk,2018,351,325,26,0,0,0,0,97,48,34,0,0,351,0,0
Pennsylvania,Erie,2018,365,224,141,0,0,0,0,84,63,44,0,5,148,212,0
Pennsylvania,Fayette,2018,228,155,72,1,0,0,0,105,60,42,0,1,105,122,0
Pennsylvania,Franklin,2018,353,343,10,0,0,0,0,74,44,32,0,0,353,0,0
Pennsylvania,Greene,2018,360,288,72,0,0,0,0,100,55,39,0,0,205,155,0
Pennsylvania,Indiana,2018,355,322,32,1,0,0,0,105,50,35,0,0,355,0,0
Pennsylvania,Lackawanna,2018,365,248,117,0,0,0,0,96,64,41,0,17,150,198,0
Pennsylvania,Lancaster,2018,365,167,193,5,0,0,0,126,75,52,0,0,107,258,0
Pennsylvania,Lawrence,2018,358,329,29,0,0,0,0,97,50,32,0,0,358,0,0
Pennsylvania,Lebanon,2018,365,206,157,2,0,0,0,101,69,47,0,0,119,246,0
Pennsylvania,Lehigh,2018,365,221,142,2,0,0,0,126,71,43,0,0,160,203,2
Pennsylvania,Luzerne,2018,365,340,24,1,0,0,0,101,48,32,0,0,354,0,11
Pennsylvania,Lycoming,2018,345,327,18,0,0,0,0,97,44,31,0,0,344,0,1
Pennsylvania,Mercer,2018,365,240,122,3,0,0,0,115,66,43,0,0,213,152,0
Pennsylvania,Monroe,2018,355,309,44,2,0,0,0,108,54,36,0,0,318,37,0
Pennsylvania,Montgomery,2018,352,242,103,7,0,0,0,129,67,41,0,0,163,189,0
Pennsylvania,Northampton,2018,365,194,166,5,0,0,0,136,77,48,0,0,138,227,0
Pennsylvania,Philadelphia,2018,365,152,203,9,1,0,0,156,74,54,0,2,71,292,0
Pennsylvania,Somerset,2018,357,330,27,0,0,0,0,90,47,33,0,0,357,0,0
Pennsylvania,Susquehanna,2018,88,71,17,0,0,0,0,67,55,32,0,0,0,88,0
Pennsylvania,Tioga,2018,347,286,61,0,0,0,0,97,55,37,0,1,239,107,0
Pennsylvania,Washington,2018,365,163,200,2,0,0,0,105,67,52,0,0,110,255,0
Pennsylvania,Westmoreland,2018,364,281,81,2,0,0,0,122,57,40,0,0,192,172,0
Pennsylvania,York,2018,365,206,158,1,0,0,0,101,64,45,0,8,174,183,0
Puerto Rico,Adjuntas,2018,27,27,0,0,0,0,0,42,30,19,0,0,0,27,0
Puerto Rico,Bayamon,2018,264,76,175,7,6,0,0,172,83,56,10,0,0,254,0
Puerto Rico,Caguas,2018,201,199,2,0,0,0,0,54,23,9,175,0,0,26,0
Puerto Rico,Catano,2018,286,158,126,2,0,0,0,116,63,47,0,0,39,245,2
Puerto Rico,Fajardo,2018,24,22,2,0,0,0,0,54,39,26,0,0,0,24,0
Puerto Rico,Guaynabo,2018,302,281,18,2,1,0,0,176,44,10,100,111,0,91,0
Puerto Rico,Ponce,2018,357,146,206,5,0,0,0,118,74,55,8,0,0,310,39
Rhode Island,Kent,2018,354,294,54,6,0,0,0,140,56,36,0,0,134,220,0
Rhode Island,Providence,2018,365,212,145,8,0,0,0,147,64,47,0,7,124,233,1
Rhode Island,Washington,2018,361,311,45,5,0,0,0,115,54,35,0,0,169,192,0
South Carolina,Aiken,2018,110,92,18,0,0,0,0,93,61,42,0,0,110,0,0
South Carolina,Anderson,2018,148,147,1,0,0,0,0,51,46,35,0,0,148,0,0
South Carolina,Berkeley,2018,152,143,9,0,0,0,0,67,47,33,0,0,152,0,0
South Carolina,Charleston,2018,359,269,90,0,0,0,0,79,55,41,0,2,63,294,0
South Carolina,Chesterfield,2018,338,266,71,1,0,0,0,104,56,36,0,0,104,231,3
South Carolina,Colleton,2018,359,294,65,0,0,0,0,79,54,36,0,0,85,274,0
South Carolina,Darlington,2018,142,133,9,0,0,0,0,87,48,40,0,0,142,0,0
South Carolina,Edgefield,2018,330,250,80,0,0,0,0,90,56,39,0,0,96,234,0
South Carolina,Florence,2018,359,270,89,0,0,0,0,76,57,39,0,0,0,359,0
South Carolina,Georgetown,2018,326,326,0,0,0,0,0,44,27,15,0,0,0,0,326
South Carolina,Greenville,2018,365,237,128,0,0,0,0,77,59,44,0,13,76,275,1
South Carolina,Horry,2018,180,164,16,0,0,0,0,87,50,37,0,0,180,0,0
South Carolina,Lexington,2018,362,234,128,0,0,0,0,93,58,43,0,0,0,353,9
South Carolina,Oconee,2018,348,273,75,0,0,0,0,97,56,35,0,0,144,204,0
South Carolina,Pickens,2018,152,132,20,0,0,0,0,84,54,40,0,0,152,0,0
South Carolina,Richland,2018,365,266,98,1,0,0,0,101,58,41,2,3,107,253,0
South Carolina,Spartanburg,2018,365,223,142,0,0,0,0,77,60,44,0,0,70,295,0
South Carolina,York,2018,354,271,80,3,0,0,0,115,58,39,0,0,219,135,0
South Dakota,Brookings,2018,365,297,67,1,0,0,0,101,57,38,0,0,258,91,16
South Dakota,Brown,2018,121,104,15,1,0,0,1,421,53,32,0,0,0,118,3
South Dakota,Codington,2018,365,260,104,1,0,0,0,103,57,39,0,0,0,310,55
South Dakota,Custer,2018,365,311,54,0,0,0,0,89,54,41,0,0,332,33,0
South Dakota,Hughes,2018,354,327,26,1,0,0,0,108,43,18,0,0,0,354,0
South Dakota,Jackson,2018,365,305,59,1,0,0,0,123,55,42,0,0,286,77,2
South Dakota,Meade,2018,362,361,1,0,0,0,0,53,37,29,0,0,311,0,51
South Dakota,Minnehaha,2018,365,275,87,3,0,0,0,115,62,40,0,7,225,131,2
South Dakota,Pennington,2018,365,263,100,2,0,0,0,118,61,36,0,16,0,233,116
South Dakota,Union,2018,365,256,106,3,0,0,0,112,62,43,0,0,192,141,32
Tennessee,Anderson,2018,229,196,33,0,0,0,0,90,61,40,0,0,229,0,0
Tennessee,Blount,2018,365,205,159,1,0,0,0,108,64,48,0,0,155,210,0
Tennessee,Claiborne,2018,355,335,20,0,0,0,0,87,47,34,0,0,355,0,0
Tennessee,Davidson,2018,365,164,196,4,1,0,0,151,67,52,0,8,62,295,0
Tennessee,DeKalb,2018,348,331,17,0,0,0,0,87,46,33,0,0,348,0,0
Tennessee,Dyer,2018,356,257,99,0,0,0,0,83,56,38,0,0,0,356,0
Tennessee,Hamilton,2018,365,193,171,1,0,0,0,101,65,48,0,0,112,253,0
Tennessee,Jefferson,2018,244,202,42,0,0,0,0,100,61,42,0,0,244,0,0
Tennessee,Knox,2018,364,186,177,1,0,0,0,112,65,50,0,0,98,266,0
Tennessee,Lawrence,2018,352,276,76,0,0,0,0,70,55,36,0,0,0,352,0
Tennessee,Loudon,2018,365,273,91,1,0,0,0,133,58,39,0,0,150,215,0
Tennessee,Madison,2018,351,275,76,0,0,0,0,81,56,35,0,0,0,351,0
Tennessee,Maury,2018,331,250,81,0,0,0,0,70,55,36,0,0,0,331,0
Tennessee,McMinn,2018,356,246,110,0,0,0,0,71,57,39,0,0,0,356,0
Tennessee,Montgomery,2018,354,241,113,0,0,0,0,80,58,40,0,0,0,354,0
Tennessee,Putnam,2018,352,268,84,0,0,0,0,68,56,36,0,0,0,352,0
Tennessee,Roane,2018,355,267,88,0,0,0,0,66,56,36,0,0,0,355,0
Tennessee,Sevier,2018,364,306,54,4,0,0,0,115,64,43,0,0,364,0,0
Tennessee,Shelby,2018,365,223,134,8,0,0,0,133,71,46,0,4,132,229,0
Tennessee,Sullivan,2018,364,259,104,1,0,0,0,105,61,43,0,0,152,212,0
Tennessee,Sumner,2018,346,253,91,2,0,0,0,133,61,41,0,0,161,185,0
Tennessee,Williamson,2018,245,212,32,1,0,0,0,108,58,39,0,0,245,0,0
Tennessee,Wilson,2018,191,158,31,2,0,0,0,119,61,38,0,0,191,0,0
Texas,Bell,2018,365,320,40,5,0,0,0,136,54,36,0,0,365,0,0
Texas,Bexar,2018,365,187,167,10,1,0,0,166,71,49,0,2,139,223,1
Texas,Bowie,2018,297,175,121,1,0,0,0,106,61,47,0,0,0,297,0
Texas,Brazoria,2018,365,329,31,4,1,0,0,166,50,31,0,12,353,0,0
Texas,Brewster,2018,363,274,89,0,0,0,0,97,58,40,0,0,263,100,0
Texas,Cameron,2018,365,178,187,0,0,0,0,99,67,51,0,0,62,303,0
Texas,Collin,2018,361,296,49,16,0,0,0,150,71,37,0,0,361,0,0
Texas,Culberson,2018,115,89,26,0,0,0,0,81,54,31,0,0,0,115,0
Texas,Dallas,2018,365,171,175,16,3,0,0,161,77,52,0,13,113,238,1
Texas,Denton,2018,365,254,97,13,1,0,0,151,74,42,0,11,243,111,0
Texas,Ector,2018,337,229,108,0,0,0,0,92,58,40,0,0,0,337,0
Texas,El Paso,2018,365,91,257,15,2,0,0,164,84,59,0,11,133,219,2
Texas,Ellis,2018,365,229,128,8,0,0,0,120,67,45,0,4,120,241,0
Texas,Fayette,2018,330,262,68,0,0,0,0,96,58,34,0,0,0,330,0
Texas,Galveston,2018,364,306,48,9,0,1,0,202,59,34,0,5,271,87,1
Texas,Gregg,2018,364,329,35,0,0,0,0,97,50,32,0,3,361,0,0
Texas,Harris,2018,365,102,236,19,7,1,0,204,87,56,0,12,83,270,0
Texas,Harrison,2018,364,263,100,1,0,0,0,111,59,41,0,1,110,253,0
Texas,Hidalgo,2018,363,173,186,4,0,0,0,115,71,51,0,0,64,299,0
Texas,Hood,2018,362,316,41,5,0,0,0,133,54,33,0,0,362,0,0
Texas,Hunt,2018,365,329,32,3,1,0,0,154,50,32,0,3,362,0,0
Texas,Jefferson,2018,365,161,196,7,1,0,0,154,75,53,0,0,101,264,0
Texas,Johnson,2018,354,302,44,7,1,0,0,156,61,35,0,0,354,0,0
Texas,Kaufman,2018,365,268,96,1,0,0,0,122,61,41,0,1,172,192,0
Texas,Kleberg,2018,342,188,150,3,1,0,0,164,69,47,0,0,0,342,0
Texas,Lubbock,2018,303,239,63,1,0,0,0,134,56,33,0,0,0,303,0
Texas,Maverick,2018,342,252,90,0,0,0,0,100,60,37,0,0,0,342,0
Texas,McLennan,2018,312,248,64,0,0,0,0,98,58,38,1,0,223,88,0
Texas,Montgomery,2018,365,231,123,10,1,0,0,156,74,44,0,0,181,184,0
Texas,Navarro,2018,364,266,94,4,0,0,0,117,68,41,0,3,203,158,0
Texas,Nueces,2018,365,214,151,0,0,0,0,99,67,44,0,0,104,261,0
Texas,Orange,2018,365,173,186,6,0,0,0,122,69,52,0,0,82,283,0
Texas,Parker,2018,359,319,34,5,1,0,0,164,51,35,0,0,359,0,0
Texas,Polk,2018,365,347,18,0,0,0,0,97,45,31,0,0,365,0,0
Texas,Potter,2018,353,316,36,1,0,0,0,134,51,30,0,0,0,353,0
Texas,Randall,2018,362,266,87,9,0,0,0,112,74,43,0,0,362,0,0
Texas,Rockwall,2018,304,281,18,5,0,0,0,136,49,31,0,0,304,0,0
Texas,Smith,2018,364,324,38,2,0,0,0,112,54,33,0,3,361,0,0
Texas,Tarrant,2018,365,156,190,16,3,0,0,166,84,53,0,3,129,233,0
Texas,Travis,2018,365,168,188,9,0,0,0,115,69,52,0,9,96,259,1
Texas,Victoria,2018,279,270,7,2,0,0,0,112,38,28,0,0,279,0,0
Texas,Webb,2018,313,190,121,2,0,0,0,107,67,44,0,0,104,208,1
Utah,Box Elder,2018,365,201,155,8,1,0,0,151,84,48,0,1,253,111,0
Utah,Cache,2018,365,205,153,7,0,0,0,133,77,48,0,0,226,139,0
Utah,Carbon,2018,364,231,128,5,0,0,0,115,77,46,0,3,361,0,0
Utah,Davis,2018,365,194,158,12,1,0,0,151,87,49,0,24,240,100,1
Utah,Duchesne,2018,365,209,145,11,0,0,0,129,84,47,0,0,307,58,0
Utah,Garfield,2018,365,259,104,2,0,0,0,122,74,44,0,0,364,1,0
Utah,Iron,2018,365,257,108,0,0,0,0,90,71,44,0,0,311,54,0
Utah,Salt Lake,2018,365,117,207,39,2,0,0,169,101,61,0,33,221,110,1
Utah,San Juan,2018,356,245,104,7,0,0,0,119,77,44,0,0,352,4,0
Utah,Tooele,2018,365,204,151,10,0,0,0,138,81,47,0,0,238,127,0
Utah,Uintah,2018,365,181,173,10,1,0,0,156,87,51,0,0,334,31,0
Utah,Utah,2018,365,190,143,25,7,0,0,166,93,50,0,10,241,113,1
Utah,Washington,2018,365,223,141,1,0,0,0,108,74,44,0,1,317,47,0
Utah,Wayne,2018,117,111,6,0,0,0,0,70,28,13,0,0,0,117,0
Utah,Weber,2018,365,181,167,15,2,0,0,159,90,51,0,35,226,99,5
Vermont,Bennington,2018,365,300,64,1,0,0,0,101,55,37,0,0,207,158,0
Vermont,Chittenden,2018,365,295,70,0,0,0,0,90,56,40,0,0,218,147,0
Vermont,Rutland,2018,365,264,101,0,0,0,0,90,62,39,1,0,162,202,0
Vermont,Windham,2018,117,112,5,0,0,0,0,57,35,12,0,0,0,117,0
Virgin Islands,St Croix,2018,22,16,6,0,0,0,0,77,60,29,0,0,0,22,0
Virgin Islands,St John,2018,2,2,0,0,0,0,0,32,32,32,0,0,0,2,0
Virgin Islands,St Thomas,2018,183,127,55,1,0,0,0,126,60,36,0,0,0,183,0
Virginia,Albemarle,2018,310,252,58,0,0,0,0,93,56,40,0,0,177,133,0
Virginia,Alexandria City,2018,78,78,0,0,0,0,0,11,10,6,0,0,0,0,78
Virginia,Arlington,2018,365,298,64,3,0,0,0,122,62,36,0,95,203,67,0
Virginia,Bristol City,2018,116,93,23,0,0,0,0,71,55,36,0,0,0,116,0
Virginia,Caroline,2018,241,219,22,0,0,0,0,84,49,36,0,0,241,0,0
Virginia,Carroll,2018,59,59,0,0,0,0,0,22,16,9,0,0,0,0,59
Virginia,Charles,2018,356,319,36,1,0,0,0,105,51,33,0,80,200,76,0
Virginia,Chesterfield,2018,275,238,37,0,0,0,0,77,53,36,0,0,191,84,0
Virginia,Fairfax,2018,365,203,161,1,0,0,0,101,66,48,0,16,86,263,0
Virginia,Fauquier,2018,244,232,12,0,0,0,0,80,48,32,0,0,244,0,0
Virginia,Frederick,2018,352,267,85,0,0,0,0,87,58,40,0,0,135,217,0
Virginia,Giles,2018,345,306,39,0,0,0,0,93,51,37,0,0,345,0,0
Virginia,Hampton City,2018,362,298,64,0,0,0,0,97,54,39,1,4,167,190,0
Virginia,Hanover,2018,238,209,29,0,0,0,0,97,54,40,0,0,238,0,0
Virginia,Henrico,2018,365,268,96,1,0,0,0,147,58,42,0,1,157,207,0
Virginia,Hopewell City,2018,61,61,0,0,0,0,0,19,14,10,0,0,0,0,61
Virginia,Loudoun,2018,365,313,52,0,0,0,0,93,54,35,0,82,219,64,0
Virginia,Lynchburg City,2018,112,88,24,0,0,0,0,60,55,34,0,0,0,112,0
Virginia,Madison,2018,356,304,52,0,0,0,0,90,54,39,0,0,305,51,0
Virginia,Norfolk City,2018,365,348,17,0,0,0,0,65,41,18,13,242,0,110,0
Virginia,Prince Edward,2018,347,328,19,0,0,0,0,93,45,31,0,0,347,0,0
Virginia,Prince William,2018,345,316,29,0,0,0,0,100,48,32,0,101,244,0,0
Virginia,Richmond City,2018,364,249,115,0,0,0,0,78,59,42,0,25,0,339,0
Virginia,Roanoke,2018,365,265,100,0,0,0,0,87,57,41,0,7,129,229,0
Virginia,Rockbridge,2018,268,243,25,0,0,0,0,90,50,32,0,0,192,76,0
Virginia,Rockingham,2018,365,324,41,0,0,0,0,82,51,33,0,89,209,67,0
Virginia,Salem City,2018,113,88,25,0,0,0,0,75,56,35,0,0,0,113,0
Virginia,Stafford,2018,264,240,23,1,0,0,0,112,50,35,0,0,245,0,19
Virginia,Suffolk City,2018,245,224,21,0,0,0,0,87,50,39,0,0,245,0,0
Virginia,Virginia Beach City,2018,107,89,18,0,0,0,0,69,56,33,0,0,0,107,0
Virginia,Winchester City,2018,60,60,0,0,0,0,0,20,16,8,0,0,0,0,60
Virginia,Wythe,2018,237,207,30,0,0,0,0,84,54,40,0,0,237,0,0
Washington,Adams,2018,350,295,47,4,4,0,0,195,58,17,0,0,0,350,0
Washington,Asotin,2018,325,214,103,6,2,0,0,200,72,36,0,0,0,325,0
Washington,Benton,2018,365,275,76,12,2,0,0,188,67,36,0,0,124,216,25
Washington,Chelan,2018,365,244,96,8,10,5,2,627,72,36,0,0,0,365,0
Washington,Clallam,2018,365,243,114,3,3,2,0,230,61,42,0,0,135,230,0
Washington,Clark,2018,365,272,87,6,0,0,0,135,59,35,0,0,109,256,0
Washington,Columbia,2018,307,250,50,6,1,0,0,192,59,22,0,0,0,307,0
Washington,Cowlitz,2018,365,310,51,2,2,0,0,153,54,27,0,0,0,365,0
Washington,Franklin,2018,360,300,53,5,2,0,0,182,57,23,0,0,0,360,0
Washington,Garfield,2018,364,310,50,3,1,0,0,172,55,20,0,0,0,364,0
Washington,Grant,2018,365,289,65,4,6,1,0,273,64,26,0,12,0,353,0
Washington,Grays Harbor,2018,365,324,37,1,3,0,0,168,51,29,0,0,0,365,0
Washington,Jefferson,2018,359,327,26,3,3,0,0,184,48,25,0,0,0,359,0
Washington,King,2018,365,212,139,8,4,2,0,210,71,46,0,42,67,256,0
Washington,Kitsap,2018,349,319,25,2,3,0,0,180,45,16,0,0,0,349,0
Washington,Kittitas,2018,358,290,56,5,6,1,0,221,62,26,0,0,0,358,0
Washington,Klickitat,2018,257,199,53,4,1,0,0,159,63,26,0,0,0,257,0
Washington,Lewis,2018,365,298,61,3,3,0,0,172,58,28,0,0,0,365,0
Washington,Mason,2018,365,304,55,4,2,0,0,168,56,28,0,0,0,365,0
Washington,Okanogan,2018,365,174,158,9,20,2,2,372,81,52,0,0,0,365,0
Washington,Pierce,2018,365,234,120,5,6,0,0,188,74,44,0,11,200,154,0
Washington,Skagit,2018,365,325,32,5,3,0,0,190,52,32,0,6,159,200,0
Washington,Snohomish,2018,365,260,96,5,4,0,0,186,68,33,0,0,0,365,0
Washington,Spokane,2018,365,238,115,6,4,2,0,281,74,41,0,0,88,253,24
Washington,Stevens,2018,365,200,148,8,8,1,0,220,73,46,0,0,0,336,29
Washington,Thurston,2018,343,291,46,1,5,0,0,181,55,29,0,0,123,220,0
Washington,Walla Walla,2018,365,292,65,5,2,1,0,242,61,26,0,0,0,319,46
Washington,Whatcom,2018,361,319,33,6,3,0,0,193,52,29,0,0,144,217,0
Washington,Whitman,2018,365,303,55,5,2,0,0,187,58,22,0,0,0,365,0
Washington,Yakima,2018,365,173,176,7,7,2,0,239,82,52,0,0,0,363,2
West Virginia,Berkeley,2018,281,229,52,0,0,0,0,88,56,39,0,0,198,83,0
West Virginia,Brooke,2018,362,308,54,0,0,0,0,75,55,19,0,0,0,120,242
West Virginia,Cabell,2018,282,229,53,0,0,0,0,100,58,39,0,0,201,81,0
West Virginia,Gilmer,2018,360,346,14,0,0,0,0,90,44,29,0,0,360,0,0
West Virginia,Greenbrier,2018,232,222,10,0,0,0,0,84,48,38,0,0,232,0,0
West Virginia,Hancock,2018,363,308,54,1,0,0,0,105,56,35,0,0,187,84,92
West Virginia,Harrison,2018,117,88,29,0,0,0,0,65,58,36,0,0,0,117,0
West Virginia,Kanawha,2018,364,217,146,1,0,0,0,105,60,46,2,0,102,260,0
West Virginia,Marion,2018,117,79,38,0,0,0,0,67,57,38,0,0,0,117,0
West Virginia,Marshall,2018,229,99,130,0,0,0,0,94,65,52,0,0,0,229,0
West Virginia,Monongalia,2018,278,236,42,0,0,0,0,93,54,38,0,0,208,70,0
West Virginia,Ohio,2018,283,225,57,1,0,0,0,105,61,41,0,0,210,73,0
West Virginia,Tucker,2018,365,332,33,0,0,0,0,74,49,35,0,0,347,18,0
West Virginia,Wood,2018,285,243,42,0,0,0,0,77,54,37,0,0,198,87,0
Wisconsin,Ashland,2018,360,324,36,0,0,0,0,84,51,36,0,0,318,42,0
Wisconsin,Brown,2018,360,262,97,1,0,0,0,105,61,42,0,0,178,182,0
Wisconsin,Columbia,2018,246,217,28,1,0,0,0,122,51,39,0,0,246,0,0
Wisconsin,Dane,2018,365,215,148,2,0,0,0,112,67,46,0,0,119,246,0
Wisconsin,Dodge,2018,365,250,112,3,0,0,0,133,68,44,0,0,203,162,0
Wisconsin,Door,2018,224,199,21,4,0,0,0,133,51,40,0,0,224,0,0
Wisconsin,Eau Claire,2018,365,244,120,1,0,0,0,129,65,44,0,0,156,209,0
Wisconsin,Fond du Lac,2018,244,213,30,1,0,0,0,101,54,39,0,0,244,0,0
Wisconsin,Forest,2018,365,300,65,0,0,0,0,93,57,38,0,0,303,62,0
Wisconsin,Grant,2018,351,233,118,0,0,0,0,83,61,42,0,0,0,351,0
Wisconsin,Jefferson,2018,243,209,32,2,0,0,0,126,58,39,0,0,243,0,0
Wisconsin,Kenosha,2018,365,230,121,11,3,0,0,166,74,44,0,0,202,163,0
Wisconsin,Kewaunee,2018,240,200,35,4,1,0,0,151,64,42,0,0,240,0,0
Wisconsin,La Crosse,2018,365,256,109,0,0,0,0,97,63,43,0,0,134,231,0
Wisconsin,Manitowoc,2018,239,202,30,5,2,0,0,169,64,40,0,0,239,0,0
Wisconsin,Marathon,2018,232,205,27,0,0,0,0,97,54,39,0,0,232,0,0
Wisconsin,Milwaukee,2018,365,186,174,4,1,0,0,151,74,49,0,8,130,227,0
Wisconsin,Outagamie,2018,361,264,96,1,0,0,0,101,63,42,0,0,187,174,0
Wisconsin,Ozaukee,2018,363,254,102,5,2,0,0,169,68,43,0,0,201,162,0
Wisconsin,Racine,2018,236,187,38,9,2,0,0,161,77,42,0,0,236,0,0
Wisconsin,Rock,2018,246,217,28,1,0,0,0,133,54,39,0,0,246,0,0
Wisconsin,Sauk,2018,365,265,99,1,0,0,0,122,63,42,0,0,185,179,1
Wisconsin,Sheboygan,2018,239,186,42,9,2,0,0,185,84,43,0,0,239,0,0
Wisconsin,Taylor,2018,365,274,91,0,0,0,0,93,61,42,0,0,220,145,0
Wisconsin,Vilas,2018,360,298,62,0,0,0,0,100,57,39,0,0,180,180,0
Wisconsin,Walworth,2018,237,202,33,2,0,0,0,126,58,40,0,0,237,0,0
Wisconsin,Waukesha,2018,365,213,149,3,0,0,0,122,67,46,0,0,120,245,0
Wyoming,Albany,2018,365,218,144,3,0,0,0,115,74,48,0,0,292,16,57
Wyoming,Big Horn,2018,348,311,37,0,0,0,0,84,51,39,0,0,348,0,0
Wyoming,Campbell,2018,365,256,105,2,2,0,0,169,64,43,0,1,221,38,105
Wyoming,Carbon,2018,365,292,73,0,0,0,0,90,61,42,0,22,343,0,0
Wyoming,Converse,2018,365,310,54,1,0,0,0,102,55,41,0,2,326,9,28
Wyoming,Fremont,2018,365,250,115,0,0,0,0,97,67,46,0,0,321,44,0
Wyoming,Johnson,2018,228,190,38,0,0,0,0,90,57,39,0,1,215,0,12
Wyoming,Laramie,2018,365,288,76,1,0,0,0,109,61,43,0,5,318,38,4
Wyoming,Lincoln,2018,365,343,22,0,0,0,0,82,44,16,0,0,0,0,365
Wyoming,Natrona,2018,365,286,79,0,0,0,0,90,58,42,0,11,336,18,0
Wyoming,Park,2018,212,194,16,2,0,0,0,136,47,31,0,0,113,84,15
Wyoming,Platte,2018,61,58,3,0,0,0,0,55,36,15,0,0,0,0,61
Wyoming,Sheridan,2018,365,241,121,3,0,0,0,123,68,46,0,0,280,80,5
Wyoming,Sublette,2018,365,230,135,0,0,0,0,97,71,47,0,0,329,35,1
Wyoming,Sweetwater,2018,365,210,147,7,1,0,0,163,74,48,0,3,290,11,61
Wyoming,Teton,2018,365,273,91,1,0,0,0,106,64,44,0,0,319,45,1
Wyoming,Uinta,2018,365,287,77,1,0,0,0,108,61,44,0,2,354,0,9
Wyoming,Weston,2018,340,291,48,1,0,0,0,101,54,42,0,0,340,0,0
Alabama,Baldwin,2019,271,221,50,0,0,0,0,80,55,40,0,0,198,73,0
Alabama,Clay,2019,107,75,32,0,0,0,0,71,56,41,0,0,0,107,0
Alabama,Colbert,2019,263,238,25,0,0,0,0,65,50,38,0,0,219,44,0
Alabama,DeKalb,2019,361,303,58,0,0,0,0,90,54,39,0,0,306,55,0
Alabama,Elmore,2019,228,208,20,0,0,0,0,100,50,39,0,0,228,0,0
Alabama,Etowah,2019,279,201,78,0,0,0,0,90,58,44,0,0,201,78,0
Alabama,Houston,2019,280,230,50,0,0,0,0,77,55,38,0,0,181,99,0
Alabama,Jefferson,2019,365,85,267,13,0,0,0,150,80,58,0,0,75,289,1
Alabama,Lawrence,2019,112,98,14,0,0,0,0,58,51,32,0,0,0,112,0
Alabama,Madison,2019,361,189,172,0,0,0,0,93,62,49,0,0,99,255,7
Alabama,Mobile,2019,354,169,185,0,0,0,0,82,64,52,0,0,73,281,0
Alabama,Montgomery,2019,365,84,280,1,0,0,0,122,71,57,0,0,18,346,1
Alabama,Morgan,2019,365,247,118,0,0,0,0,93,58,45,0,0,145,220,0
Alabama,Russell,2019,363,195,168,0,0,0,0,84,63,48,0,0,64,299,0
Alabama,Shelby,2019,244,202,39,3,0,0,0,119,61,42,0,0,244,0,0
Alabama,Sumter,2019,354,287,67,0,0,0,0,67,54,38,0,0,115,239,0
Alabama,Tuscaloosa,2019,264,217,47,0,0,0,0,87,54,39,0,0,173,91,0
Alaska,Aleutians East ,2019,121,119,2,0,0,0,0,55,29,14,0,0,0,121,0
Alaska,Anchorage ,2019,365,254,102,5,4,0,0,163,67,32,5,0,0,285,75
Alaska,Bethel ,2019,317,302,13,1,1,0,0,185,34,13,0,0,0,212,105
Alaska,Denali ,2019,360,355,5,0,0,0,0,82,44,36,0,0,348,12,0
Alaska,Fairbanks North Star ,2019,365,205,121,18,16,1,4,503,103,44,0,6,98,258,3
Alaska,Juneau ,2019,362,280,79,3,0,0,0,145,60,27,0,0,0,340,22
Alaska,Kenai Peninsula ,2019,118,111,6,1,0,0,0,140,28,11,0,0,0,118,0
Alaska,Matanuska-Susitna ,2019,361,262,96,3,0,0,0,127,66,25,0,0,0,313,48
Alaska,North Slope ,2019,110,108,2,0,0,0,0,69,15,6,0,0,0,110,0
Arizona,Apache,2019,359,357,2,0,0,0,0,64,21,11,0,0,0,62,297
Arizona,Cochise,2019,365,253,112,0,0,0,0,97,64,46,0,0,305,45,15
Arizona,Coconino,2019,365,280,85,0,0,0,0,80,61,45,0,0,349,16,0
Arizona,Gila,2019,365,210,139,16,0,0,0,146,87,48,0,0,349,1,15
Arizona,La Paz,2019,364,303,61,0,0,0,0,77,58,44,0,0,357,6,1
Arizona,Maricopa,2019,365,50,277,38,0,0,0,147,101,67,0,2,204,92,67
Arizona,Mohave,2019,365,358,7,0,0,0,0,69,29,14,0,0,0,52,313
Arizona,Navajo,2019,365,294,70,1,0,0,0,112,58,44,0,0,357,1,7
Arizona,Pima,2019,365,207,156,2,0,0,0,103,71,49,0,0,237,51,77
Arizona,Pinal,2019,365,104,228,21,2,3,7,929,100,63,0,0,148,66,151
Arizona,Santa Cruz,2019,362,250,110,2,0,0,0,120,67,39,0,0,0,323,39
Arizona,Yavapai,2019,357,298,59,0,0,0,0,87,54,43,0,0,355,2,0
Arizona,Yuma,2019,365,226,136,3,0,0,0,129,67,47,0,0,214,120,31
Arkansas,Arkansas,2019,118,77,41,0,0,0,0,80,58,41,0,0,0,118,0
Arkansas,Ashley,2019,120,72,48,0,0,0,0,71,58,43,0,0,0,120,0
Arkansas,Benton,2019,146,79,67,0,0,0,0,85,61,47,0,0,0,146,0
Arkansas,Clark,2019,355,347,8,0,0,0,0,67,46,32,0,0,355,0,0
Arkansas,Craighead,2019,49,35,14,0,0,0,0,65,58,41,0,0,0,49,0
Arkansas,Crittenden,2019,365,212,152,1,0,0,0,101,60,47,0,0,107,258,0
Arkansas,Garland,2019,121,61,60,0,0,0,0,77,60,50,0,0,0,121,0
Arkansas,Jackson,2019,117,76,41,0,0,0,0,77,59,45,0,0,0,117,0
Arkansas,Newton,2019,365,344,21,0,0,0,0,90,48,36,0,0,342,23,0
Arkansas,Polk,2019,361,291,69,1,0,0,0,119,58,40,0,0,287,74,0
Arkansas,Pulaski,2019,365,145,220,0,0,0,0,81,64,53,0,2,88,275,0
Arkansas,Union,2019,241,135,106,0,0,0,0,99,59,46,0,0,0,241,0
Arkansas,Washington,2019,365,193,172,0,0,0,0,97,61,48,0,0,118,247,0
California,Alameda,2019,365,183,174,8,0,0,0,150,67,50,0,11,94,260,0
California,Amador,2019,355,308,45,2,0,0,0,115,51,39,0,0,355,0,0
California,Butte,2019,365,171,189,3,2,0,0,180,71,51,0,0,121,243,1
California,Calaveras,2019,360,288,71,1,0,0,0,108,60,43,0,0,297,62,1
California,Colusa,2019,365,260,105,0,0,0,0,85,61,41,0,0,152,173,40
California,Contra Costa,2019,365,238,123,4,0,0,0,129,64,43,0,3,171,190,1
California,Del Norte,2019,248,210,38,0,0,0,0,74,53,26,0,0,0,248,0
California,El Dorado,2019,365,273,86,6,0,0,0,122,74,43,0,0,353,3,9
California,Fresno,2019,365,113,186,64,2,0,0,187,115,63,0,1,229,118,17
California,Glenn,2019,362,274,88,0,0,0,0,86,58,42,0,0,232,119,11
California,Humboldt,2019,363,340,23,0,0,0,0,69,44,28,2,1,253,70,37
California,Imperial,2019,365,94,250,19,2,0,0,185,93,61,0,0,185,128,52
California,Inyo,2019,365,226,127,6,2,1,3,653,84,47,0,0,313,23,29
California,Kern,2019,365,91,179,87,6,1,1,553,122,69,0,1,228,108,28
California,Kings,2019,365,123,201,37,2,0,2,508,105,58,0,0,166,130,69
California,Lake,2019,360,360,0,0,0,0,0,50,42,31,0,0,351,8,1
California,Los Angeles,2019,365,34,245,57,28,1,0,201,136,72,0,24,166,170,5
California,Madera,2019,365,167,185,13,0,0,0,140,84,52,0,0,225,103,37
California,Marin,2019,363,291,71,1,0,0,0,133,55,37,0,10,151,202,0
California,Mariposa,2019,365,192,159,9,5,0,0,185,84,50,0,0,247,118,0
California,Mendocino,2019,361,290,71,0,0,0,0,80,54,36,0,0,155,199,7
California,Merced,2019,365,176,182,7,0,0,0,119,80,51,0,0,202,161,2
California,Mono,2019,365,242,108,6,0,0,9,4227,83,34,0,0,0,322,43
California,Monterey,2019,365,303,61,1,0,0,0,144,54,39,2,0,228,127,8
California,Napa,2019,363,295,66,2,0,0,0,119,54,37,2,0,211,150,0
California,Nevada,2019,361,251,105,5,0,0,0,122,71,45,0,0,272,89,0
California,Orange,2019,365,157,192,15,1,0,0,172,87,53,0,7,188,164,6
California,Placer,2019,365,198,158,9,0,0,0,136,77,49,0,0,218,145,2
California,Plumas,2019,341,220,116,5,0,0,0,138,71,34,0,0,0,341,0
California,Riverside,2019,365,53,192,91,29,0,0,185,147,77,0,0,219,102,44
California,Sacramento,2019,365,175,180,10,0,0,0,140,84,52,0,1,188,169,7
California,San Benito,2019,365,318,47,0,0,0,0,90,52,39,0,0,308,51,6
California,San Bernardino,2019,365,29,203,71,54,8,0,213,172,81,0,4,214,140,7
California,San Diego,2019,365,38,302,23,2,0,0,169,93,66,0,1,133,228,3
California,San Francisco,2019,365,251,113,1,0,0,0,108,58,39,0,15,119,231,0
California,San Joaquin,2019,365,202,151,11,1,0,0,190,82,47,0,1,201,149,14
California,San Luis Obispo,2019,365,196,166,3,0,0,0,108,74,49,0,0,239,109,17
California,San Mateo,2019,365,276,87,2,0,0,0,122,57,39,0,14,135,216,0
California,Santa Barbara,2019,365,242,122,1,0,0,0,105,63,45,0,0,228,128,9
California,Santa Clara,2019,365,205,156,4,0,0,0,136,68,48,0,1,134,229,1
California,Santa Cruz,2019,365,291,74,0,0,0,0,74,54,39,0,0,166,199,0
California,Shasta,2019,364,306,58,0,0,0,0,100,54,42,0,0,349,13,2
California,Siskiyou,2019,365,302,59,2,2,0,0,164,54,38,0,0,239,126,0
California,Solano,2019,365,226,138,1,0,0,0,119,64,45,0,1,129,235,0
California,Sonoma,2019,365,318,47,0,0,0,0,87,52,36,0,1,202,155,7
California,Stanislaus,2019,365,168,174,22,1,0,0,177,92,52,0,0,208,147,10
California,Sutter,2019,365,200,163,2,0,0,0,110,71,48,0,0,200,159,6
California,Tehama,2019,365,263,102,0,0,0,0,93,64,43,0,0,299,66,0
California,Trinity,2019,269,225,42,2,0,0,0,113,56,23,0,0,0,269,0
California,Tulare,2019,365,98,186,78,2,1,0,280,122,67,0,0,210,136,19
California,Tuolumne,2019,358,273,83,2,0,0,0,108,67,43,0,0,358,0,0
California,Ventura,2019,365,175,181,9,0,0,0,126,77,51,0,3,226,127,9
California,Yolo,2019,365,252,112,1,0,0,0,136,63,43,0,1,249,114,1
Colorado,Adams,2019,365,183,181,1,0,0,0,132,67,50,0,30,129,152,54
Colorado,Alamosa,2019,107,107,0,0,0,0,0,28,23,12,0,0,0,107,0
Colorado,Arapahoe,2019,365,222,137,6,0,0,0,140,80,47,0,0,348,17,0
Colorado,Archuleta,2019,363,331,30,2,0,0,0,124,50,31,0,3,186,0,174
Colorado,Boulder,2019,365,192,168,5,0,0,0,119,74,50,0,0,234,131,0
Colorado,Chaffee,2019,144,80,63,1,0,0,0,108,77,50,0,0,144,0,0
Colorado,Clear Creek,2019,294,183,109,2,0,0,0,126,74,47,0,0,294,0,0
Colorado,Delta,2019,365,338,27,0,0,0,0,80,50,41,0,0,340,25,0
Colorado,Denver,2019,365,139,223,2,1,0,0,153,77,54,0,80,133,152,0
Colorado,Douglas,2019,361,220,130,10,1,0,0,154,79,47,0,0,289,72,0
Colorado,El Paso,2019,365,249,116,0,0,0,0,100,67,46,0,0,320,45,0
Colorado,Fremont,2019,32,32,0,0,0,0,0,29,23,13,0,0,0,0,32
Colorado,Garfield,2019,365,248,115,2,0,0,0,105,74,48,0,0,364,1,0
Colorado,Gilpin,2019,143,117,25,1,0,0,0,115,58,45,0,0,143,0,0
Colorado,Grand,2019,118,95,23,0,0,0,0,80,58,45,0,0,118,0,0
Colorado,Gunnison,2019,362,264,96,2,0,0,0,101,67,46,0,0,362,0,0
Colorado,Jackson,2019,102,102,0,0,0,0,0,34,17,8,0,0,0,102,0
Colorado,Jefferson,2019,365,238,111,16,0,0,0,129,87,46,0,2,363,0,0
Colorado,La Plata,2019,365,267,98,0,0,0,0,87,61,44,0,3,317,45,0
Colorado,Larimer,2019,365,183,176,6,0,0,0,129,77,50,0,0,307,58,0
Colorado,Mesa,2019,364,238,125,1,0,0,0,101,67,47,2,0,283,78,1
Colorado,Montezuma,2019,365,279,86,0,0,0,0,97,61,46,0,0,365,0,0
Colorado,Park,2019,312,160,150,2,0,0,0,101,80,50,0,0,312,0,0
Colorado,Pitkin,2019,121,121,0,0,0,0,0,46,19,11,0,0,0,33,88
Colorado,Prowers,2019,346,343,3,0,0,0,0,76,28,14,0,0,0,0,346
Colorado,Pueblo,2019,126,125,1,0,0,0,0,68,40,26,0,0,0,102,24
Colorado,Rio Blanco,2019,365,252,113,0,0,0,0,100,55,47,0,0,194,171,0
Colorado,Routt,2019,356,353,2,1,0,0,0,137,27,13,0,0,0,0,356
Colorado,San Juan,2019,116,116,0,0,0,0,0,32,19,9,0,0,0,116,0
Colorado,San Miguel,2019,241,189,52,0,0,0,0,87,58,45,0,0,185,0,56
Colorado,Weld,2019,365,152,205,8,0,0,0,129,77,53,0,0,228,137,0
Connecticut,Fairfield,2019,365,221,123,18,3,0,0,161,77,46,0,2,159,204,0
Connecticut,Hartford,2019,365,252,108,5,0,0,0,122,59,43,0,12,163,190,0
Connecticut,Litchfield,2019,365,327,38,0,0,0,0,97,51,37,0,0,311,54,0
Connecticut,Middlesex,2019,205,175,23,6,1,0,0,154,61,41,0,0,205,0,0
Connecticut,New Haven,2019,365,228,123,12,2,0,0,159,70,44,0,3,181,180,1
Connecticut,New London,2019,364,295,62,7,0,0,0,129,56,40,0,0,161,203,0
Connecticut,Tolland,2019,212,187,20,5,0,0,0,126,54,42,0,0,212,0,0
Connecticut,Windham,2019,360,344,15,1,0,0,0,105,46,36,0,0,360,0,0
Country Of Mexico,BAJA CALIFORNIA NORTE,2019,32,5,19,8,0,0,0,144,117,72,0,0,0,0,32
Country Of Mexico,SONORA,2019,358,288,65,5,0,0,0,126,61,43,0,0,358,0,0
Delaware,Kent,2019,365,248,117,0,0,0,0,85,61,44,0,0,198,167,0
Delaware,New Castle,2019,365,207,155,3,0,0,0,136,71,47,0,3,178,184,0
Delaware,Sussex,2019,365,251,114,0,0,0,0,93,61,44,0,0,205,160,0
District Of Columbia,District of Columbia,2019,365,195,165,4,1,0,0,159,73,49,0,16,160,189,0
Florida,Alachua,2019,364,289,75,0,0,0,0,80,55,39,0,0,158,206,0
Florida,Baker,2019,361,341,20,0,0,0,0,77,48,33,0,0,361,0,0
Florida,Bay,2019,357,240,117,0,0,0,0,87,59,44,0,0,108,249,0
Florida,Brevard,2019,351,308,43,0,0,0,0,90,51,39,0,0,223,128,0
Florida,Broward,2019,363,213,150,0,0,0,0,90,58,47,2,1,55,305,0
Florida,Citrus,2019,357,257,100,0,0,0,0,82,55,40,0,0,0,357,0
Florida,Collier,2019,362,291,71,0,0,0,0,90,54,40,0,0,111,251,0
Florida,Columbia,2019,363,229,134,0,0,0,0,90,61,46,0,0,102,261,0
Florida,Duval,2019,361,164,196,1,0,0,0,114,67,51,0,0,72,289,0
Florida,Escambia,2019,365,248,116,1,0,0,0,101,61,44,0,0,193,172,0
Florida,Flagler,2019,270,265,5,0,0,0,0,74,45,34,0,0,270,0,0
Florida,Hamilton,2019,316,214,102,0,0,0,0,81,58,44,0,0,0,316,0
Florida,Highlands,2019,233,224,9,0,0,0,0,84,46,36,0,0,233,0,0
Florida,Hillsborough,2019,365,202,158,5,0,0,0,126,67,49,0,0,104,261,0
Florida,Holmes,2019,362,207,155,0,0,0,0,84,61,47,0,0,106,256,0
Florida,Indian River,2019,335,324,11,0,0,0,0,90,47,36,0,0,335,0,0
Florida,Lake,2019,330,301,28,1,0,0,0,101,50,35,0,0,330,0,0
Florida,Lee,2019,365,289,75,1,0,0,0,108,55,40,0,0,155,206,4
Florida,Leon,2019,360,215,144,1,0,0,0,119,63,46,0,0,80,280,0
Florida,Liberty,2019,351,339,12,0,0,0,0,74,45,33,0,0,351,0,0
Florida,Manatee,2019,365,333,30,2,0,0,0,108,49,36,0,0,365,0,0
Florida,Marion,2019,365,244,121,0,0,0,0,88,58,44,0,0,111,254,0
Florida,Martin,2019,352,288,64,0,0,0,0,85,54,41,0,0,115,237,0
Florida,Miami-Dade,2019,363,245,116,2,0,0,0,146,57,44,1,1,59,301,1
Florida,Nassau,2019,270,203,67,0,0,0,0,74,55,41,0,0,0,270,0
Florida,Okaloosa,2019,363,335,28,0,0,0,0,84,48,36,0,0,342,0,21
Florida,Orange,2019,360,293,67,0,0,0,0,93,55,39,1,1,210,148,0
Florida,Osceola,2019,364,338,22,4,0,0,0,122,48,34,0,0,364,0,0
Florida,Palm Beach,2019,357,273,84,0,0,0,0,94,56,40,0,0,108,249,0
Florida,Pasco,2019,365,336,29,0,0,0,0,97,49,36,0,0,365,0,0
Florida,Pinellas,2019,365,223,142,0,0,0,0,100,61,47,0,0,99,265,1
Florida,Polk,2019,365,268,97,0,0,0,0,100,58,42,0,0,138,227,0
Florida,Putnam,2019,351,346,5,0,0,0,0,54,29,17,0,0,0,0,351
Florida,Santa Rosa,2019,364,229,135,0,0,0,0,93,60,44,0,0,119,245,0
Florida,Sarasota,2019,365,268,97,0,0,0,0,100,57,43,0,0,114,251,0
Florida,Seminole,2019,365,296,68,1,0,0,0,110,56,39,0,0,192,172,1
Florida,St. Lucie,2019,352,342,10,0,0,0,0,77,46,34,0,0,352,0,0
Florida,Volusia,2019,350,274,76,0,0,0,0,80,55,41,0,0,149,201,0
Florida,Wakulla,2019,361,275,86,0,0,0,0,84,58,39,0,0,154,207,0
Georgia,Bibb,2019,362,216,143,3,0,0,0,137,64,46,0,0,92,270,0
Georgia,Charlton,2019,103,97,6,0,0,0,0,65,48,26,0,0,0,103,0
Georgia,Chatham,2019,335,204,131,0,0,0,0,87,60,46,0,0,70,265,0
Georgia,Chattooga,2019,244,231,13,0,0,0,0,71,48,40,0,0,244,0,0
Georgia,Clarke,2019,365,171,194,0,0,0,0,87,65,52,0,0,69,296,0
Georgia,Clayton,2019,119,66,53,0,0,0,0,73,59,48,0,0,0,119,0
Georgia,Cobb,2019,282,191,90,1,0,0,0,119,61,44,0,0,191,91,0
Georgia,Coffee,2019,121,94,27,0,0,0,0,70,58,34,0,0,0,121,0
Georgia,Columbia,2019,245,229,16,0,0,0,0,74,49,39,0,0,245,0,0
Georgia,Dawson,2019,244,225,18,1,0,0,0,126,48,37,0,0,244,0,0
Georgia,DeKalb,2019,365,173,188,3,1,0,0,159,67,52,0,20,94,251,0
Georgia,Dougherty,2019,356,163,191,2,0,0,0,107,68,52,0,0,0,356,0
Georgia,Douglas,2019,245,212,28,5,0,0,0,126,58,40,0,0,245,0,0
Georgia,Floyd,2019,363,140,223,0,0,0,0,90,66,54,0,0,0,363,0
Georgia,Fulton,2019,365,122,236,6,1,0,0,172,74,55,0,5,77,283,0
Georgia,Glynn,2019,279,235,44,0,0,0,0,80,54,37,0,0,203,76,0
Georgia,Gwinnett,2019,355,154,199,2,0,0,0,112,71,52,0,0,91,264,0
Georgia,Hall,2019,340,181,159,0,0,0,0,90,62,49,0,0,0,340,0
Georgia,Henry,2019,363,234,122,7,0,0,0,150,64,43,0,0,119,244,0
Georgia,Houston,2019,354,173,179,1,1,0,0,153,65,51,0,0,0,354,0
Georgia,Lowndes,2019,310,177,133,0,0,0,0,71,60,47,0,0,0,310,0
Georgia,Murray,2019,269,225,44,0,0,0,0,93,54,42,0,0,230,39,0
Georgia,Muscogee,2019,364,209,155,0,0,0,0,90,62,47,0,0,91,273,0
Georgia,Pike,2019,353,307,43,3,0,0,0,147,58,37,0,0,353,0,0
Georgia,Richmond,2019,364,159,203,2,0,0,0,101,67,52,0,0,67,279,18
Georgia,Rockdale,2019,241,186,50,5,0,0,0,129,67,43,0,0,241,0,0
Georgia,Sumter,2019,238,211,27,0,0,0,0,97,54,39,0,0,238,0,0
Georgia,Walker,2019,356,185,171,0,0,0,0,84,62,49,0,0,0,356,0
Georgia,Washington,2019,211,138,72,1,0,0,0,116,59,39,0,0,0,211,0
Hawaii,Hawaii,2019,365,357,8,0,0,0,0,81,34,21,0,0,0,365,0
Hawaii,Honolulu,2019,365,360,5,0,0,0,0,62,41,28,0,5,266,93,1
Hawaii,Kauai,2019,363,361,2,0,0,0,0,70,31,16,0,104,0,259,0
Hawaii,Maui,2019,362,339,19,3,1,0,0,171,39,20,0,0,0,362,0
Idaho,Ada,2019,365,266,99,0,0,0,0,100,58,41,0,3,183,179,0
Idaho,Bannock,2019,365,330,35,0,0,0,0,64,50,24,0,0,0,265,100
Idaho,Benewah,2019,364,188,165,9,2,0,0,155,77,49,0,0,0,364,0
Idaho,Blaine,2019,314,307,7,0,0,0,0,57,33,20,0,0,0,314,0
Idaho,Boise,2019,365,223,139,2,1,0,0,170,65,44,0,0,0,365,0
Idaho,Bonner,2019,365,291,73,1,0,0,0,115,60,27,0,0,0,298,67
Idaho,Bonneville,2019,357,287,70,0,0,0,0,67,53,38,0,0,0,357,0
Idaho,Butte,2019,361,347,14,0,0,0,0,71,48,40,0,0,359,2,0
Idaho,Canyon,2019,365,285,80,0,0,0,0,95,58,32,0,0,0,319,46
Idaho,Custer,2019,96,95,1,0,0,0,0,51,23,8,0,0,0,96,0
Idaho,Franklin,2019,364,315,46,3,0,0,0,112,54,23,0,0,0,364,0
Idaho,Idaho,2019,365,236,129,0,0,0,0,89,60,44,0,0,135,230,0
Idaho,Jerome,2019,353,345,8,0,0,0,0,55,37,20,0,0,0,353,0
Idaho,Kootenai,2019,355,281,74,0,0,0,0,88,57,31,0,0,0,355,0
Idaho,Latah,2019,350,343,7,0,0,0,0,55,35,14,0,0,0,350,0
Idaho,Lemhi,2019,360,237,119,4,0,0,0,133,72,31,0,0,0,360,0
Idaho,Nez Perce,2019,360,272,88,0,0,0,0,90,61,32,0,0,0,360,0
Idaho,Shoshone,2019,365,225,137,3,0,0,0,117,75,38,0,0,0,359,6
Idaho,Twin Falls,2019,365,344,21,0,0,0,0,74,43,26,0,0,0,365,0
Idaho,Valley,2019,357,261,96,0,0,0,0,92,66,29,0,0,0,357,0
Illinois,Adams,2019,241,208,33,0,0,0,0,93,54,41,0,0,241,0,0
Illinois,Champaign,2019,365,225,140,0,0,0,0,100,64,45,0,0,179,186,0
Illinois,Clark,2019,327,314,13,0,0,0,0,74,47,34,0,0,327,0,0
Illinois,Cook,2019,365,80,276,9,0,0,0,133,79,58,0,8,58,295,4
Illinois,DuPage,2019,352,196,153,2,1,0,0,174,65,48,0,0,130,222,0
Illinois,Effingham,2019,245,224,21,0,0,0,0,84,50,40,0,0,245,0,0
Illinois,Hamilton,2019,344,204,139,1,0,0,0,105,61,47,0,0,137,207,0
Illinois,Jersey,2019,347,221,124,2,0,0,0,119,62,46,0,0,170,177,0
Illinois,Jo Daviess,2019,363,351,12,0,0,0,0,74,47,34,0,0,363,0,0
Illinois,Kane,2019,284,210,70,4,0,0,0,112,66,42,0,0,204,80,0
Illinois,Lake,2019,245,210,33,2,0,0,0,115,58,40,0,0,245,0,0
Illinois,Macon,2019,364,176,188,0,0,0,0,93,64,51,0,0,100,264,0
Illinois,Macoupin,2019,357,340,17,0,0,0,0,87,47,33,0,112,245,0,0
Illinois,Madison,2019,363,140,220,1,2,0,0,156,73,55,0,0,144,217,2
Illinois,McHenry,2019,340,161,177,2,0,0,0,126,65,52,0,0,88,252,0
Illinois,McLean,2019,364,187,177,0,0,0,0,100,65,49,0,0,116,248,0
Illinois,Peoria,2019,364,236,126,2,0,0,0,101,62,44,0,0,153,211,0
Illinois,Randolph,2019,324,234,90,0,0,0,0,97,58,43,0,0,184,140,0
Illinois,Rock Island,2019,361,221,138,2,0,0,0,115,63,45,0,0,134,227,0
Illinois,Saint Clair,2019,365,217,147,1,0,0,0,108,64,47,1,57,144,163,0
Illinois,Sangamon,2019,360,222,138,0,0,0,0,87,61,45,0,0,122,238,0
Illinois,Will,2019,365,179,186,0,0,0,0,84,66,51,0,0,75,290,0
Illinois,Winnebago,2019,341,182,158,1,0,0,0,102,66,49,0,0,108,233,0
Indiana,Allen,2019,365,200,164,1,0,0,0,101,64,49,0,0,163,202,0
Indiana,Bartholomew,2019,364,256,108,0,0,0,0,77,58,44,0,0,203,161,0
Indiana,Boone,2019,351,320,31,0,0,0,0,90,50,35,0,0,351,0,0
Indiana,Brown,2019,365,349,16,0,0,0,0,74,47,35,0,0,365,0,0
Indiana,Carroll,2019,358,333,25,0,0,0,0,84,49,35,0,0,358,0,0
Indiana,Clark,2019,365,225,139,1,0,0,0,101,62,45,0,0,194,171,0
Indiana,Delaware,2019,352,299,53,0,0,0,0,71,56,36,0,0,272,80,0
Indiana,Dubois,2019,120,76,44,0,0,0,0,73,59,43,0,0,0,119,1
Indiana,Elkhart,2019,365,251,114,0,0,0,0,83,61,41,0,0,166,199,0
Indiana,Floyd,2019,361,336,25,0,0,0,0,87,48,35,0,0,361,0,0
Indiana,Greene,2019,355,291,64,0,0,0,0,87,55,40,0,0,292,63,0
Indiana,Hamilton,2019,365,214,149,2,0,0,0,119,64,47,0,0,145,220,0
Indiana,Hendricks,2019,361,348,13,0,0,0,0,93,47,34,0,0,361,0,0
Indiana,Henry,2019,119,81,38,0,0,0,0,67,58,37,0,0,0,119,0
Indiana,Howard,2019,361,236,124,1,0,0,0,108,59,44,0,0,192,169,0
Indiana,Huntington,2019,355,345,10,0,0,0,0,84,44,31,0,0,355,0,0
Indiana,Jackson,2019,360,340,20,0,0,0,0,80,47,35,0,0,360,0,0
Indiana,Knox,2019,359,328,31,0,0,0,0,87,50,36,0,0,359,0,0
Indiana,LaPorte,2019,364,296,64,4,0,0,0,126,64,37,0,0,317,47,0
Indiana,Lake,2019,365,151,213,1,0,0,0,101,72,52,0,2,86,274,3
Indiana,Madison,2019,365,216,148,1,0,0,0,101,61,47,0,0,148,217,0
Indiana,Marion,2019,365,78,283,4,0,0,0,112,74,58,0,0,62,303,0
Indiana,Monroe,2019,346,220,126,0,0,0,0,72,58,43,0,0,0,346,0
Indiana,Morgan,2019,364,344,20,0,0,0,0,87,48,35,0,0,364,0,0
Indiana,Perry,2019,358,322,36,0,0,0,0,80,51,37,0,0,358,0,0
Indiana,Porter,2019,365,236,125,4,0,0,0,115,64,44,0,0,164,188,13
Indiana,Posey,2019,364,341,23,0,0,0,0,80,49,35,0,0,364,0,0
Indiana,Shelby,2019,365,338,27,0,0,0,0,84,49,36,0,0,365,0,0
Indiana,Spencer,2019,117,81,36,0,0,0,0,76,58,41,0,0,0,117,0
Indiana,St. Joseph,2019,365,217,148,0,0,0,0,100,66,46,0,0,178,187,0
Indiana,Sullivan,2019,116,73,43,0,0,0,0,81,58,41,0,0,0,116,0
Indiana,Tippecanoe,2019,351,210,141,0,0,0,0,78,61,43,0,0,0,351,0
Indiana,Vanderburgh,2019,365,229,136,0,0,0,0,90,59,46,0,0,155,210,0
Indiana,Vigo,2019,365,161,203,1,0,0,0,102,67,52,0,0,110,255,0
Indiana,Wabash,2019,351,319,32,0,0,0,0,97,50,37,0,0,351,0,0
Indiana,Warrick,2019,365,337,28,0,0,0,0,93,50,36,0,0,365,0,0
Indiana,Whitley,2019,352,213,139,0,0,0,0,91,60,43,0,0,0,352,0
Iowa,Black Hawk,2019,363,238,125,0,0,0,0,85,63,41,0,0,0,363,0
Iowa,Bremer,2019,243,228,15,0,0,0,0,90,46,37,0,0,243,0,0
Iowa,Cerro Gordo,2019,118,118,0,0,0,0,0,38,27,15,0,0,0,0,118
Iowa,Clinton,2019,364,192,172,0,0,0,0,91,65,49,0,0,94,270,0
Iowa,Harrison,2019,241,222,19,0,0,0,0,97,50,38,0,0,241,0,0
Iowa,Johnson,2019,364,210,154,0,0,0,0,92,64,46,0,0,0,364,0
Iowa,Lee,2019,120,80,40,0,0,0,0,73,62,39,0,0,0,120,0
Iowa,Linn,2019,365,223,142,0,0,0,0,86,64,43,0,0,116,249,0
Iowa,Montgomery,2019,364,267,97,0,0,0,0,77,58,41,0,0,156,208,0
Iowa,Muscatine,2019,365,238,127,0,0,0,0,93,61,42,0,0,0,365,0
Iowa,Palo Alto,2019,364,246,118,0,0,0,0,93,60,44,0,0,102,262,0
Iowa,Polk,2019,365,251,114,0,0,0,0,100,60,42,0,2,174,189,0
Iowa,Pottawattamie,2019,130,93,37,0,0,0,0,73,58,38,0,0,0,117,13
Iowa,Scott,2019,365,168,195,2,0,0,0,112,69,52,0,0,82,216,67
Iowa,Van Buren,2019,361,266,95,0,0,0,0,97,58,42,0,1,130,230,0
Iowa,Woodbury,2019,118,91,27,0,0,0,0,83,58,38,0,0,0,118,0
Kansas,Chase,2019,118,105,12,1,0,0,0,113,51,27,0,0,0,118,0
Kansas,Ford,2019,304,301,3,0,0,0,0,54,31,15,0,0,0,0,304
Kansas,Johnson,2019,362,308,54,0,0,0,0,77,53,38,0,0,246,116,0
Kansas,Leavenworth,2019,362,347,15,0,0,0,0,97,45,33,0,0,362,0,0
Kansas,Neosho,2019,365,219,145,1,0,0,0,119,62,45,0,0,122,242,1
Kansas,Sedgwick,2019,365,282,83,0,0,0,0,97,58,41,0,8,253,100,4
Kansas,Shawnee,2019,365,216,148,0,1,0,0,161,63,45,0,0,128,237,0
Kansas,Sherman,2019,358,354,4,0,0,0,0,58,31,12,0,0,0,0,358
Kansas,Sumner,2019,365,287,78,0,0,0,0,97,57,41,0,3,244,110,8
Kansas,Trego,2019,364,310,54,0,0,0,0,99,53,37,0,0,252,112,0
Kansas,Wyandotte,2019,365,239,125,1,0,0,0,137,63,43,0,24,155,185,1
Kentucky,Bell,2019,263,238,25,0,0,0,0,77,50,40,0,0,222,41,0
Kentucky,Boone,2019,239,222,17,0,0,0,0,80,49,39,0,0,239,0,0
Kentucky,Boyd,2019,365,259,106,0,0,0,0,74,58,44,0,4,124,236,1
Kentucky,Bullitt,2019,243,214,29,0,0,0,0,93,51,41,0,0,243,0,0
Kentucky,Campbell,2019,362,241,120,1,0,0,0,108,60,44,0,21,127,214,0
Kentucky,Carter,2019,285,266,19,0,0,0,0,67,49,37,0,0,215,69,1
Kentucky,Christian,2019,278,228,50,0,0,0,0,80,54,40,0,0,198,80,0
Kentucky,Daviess,2019,364,220,143,1,0,0,0,101,63,46,0,0,137,227,0
Kentucky,Edmonson,2019,365,225,140,0,0,0,0,77,60,46,0,0,134,231,0
Kentucky,Fayette,2019,364,231,133,0,0,0,0,80,58,46,0,5,127,232,0
Kentucky,Greenup,2019,242,237,5,0,0,0,0,58,45,37,0,0,242,0,0
Kentucky,Hancock,2019,245,208,37,0,0,0,0,84,54,42,0,0,245,0,0
Kentucky,Hardin,2019,363,261,102,0,0,0,0,72,57,44,0,0,128,235,0
Kentucky,Henderson,2019,59,29,30,0,0,0,0,71,65,53,0,0,0,59,0
Kentucky,Jefferson,2019,365,124,239,2,0,0,0,136,71,54,0,1,99,265,0
Kentucky,Jessamine,2019,245,221,24,0,0,0,0,67,50,43,0,0,245,0,0
Kentucky,Livingston,2019,261,237,24,0,0,0,0,77,50,41,0,0,242,0,19
Kentucky,McCracken,2019,361,186,175,0,0,0,0,97,63,50,0,2,101,257,1
Kentucky,Morgan,2019,356,341,15,0,0,0,0,80,47,36,0,0,356,0,0
Kentucky,Oldham,2019,242,203,38,1,0,0,0,105,58,42,0,0,242,0,0
Kentucky,Perry,2019,353,238,115,0,0,0,0,87,57,44,0,0,106,247,0
Kentucky,Pike,2019,361,286,75,0,0,0,0,68,55,41,0,0,111,250,0
Kentucky,Pulaski,2019,282,251,31,0,0,0,0,67,52,41,0,0,202,80,0
Kentucky,Simpson,2019,244,222,22,0,0,0,0,67,50,40,0,0,244,0,0
Kentucky,Trigg,2019,353,328,25,0,0,0,0,87,49,37,0,0,353,0,0
Kentucky,Warren,2019,348,237,111,0,0,0,0,76,58,44,0,0,98,250,0
Kentucky,Washington,2019,364,331,33,0,0,0,0,80,50,39,0,0,364,0,0
Louisiana,Ascension,2019,361,319,41,1,0,0,0,101,54,33,0,7,354,0,0
Louisiana,Bossier,2019,357,282,75,0,0,0,0,86,55,37,0,0,175,175,7
Louisiana,Caddo,2019,356,271,85,0,0,0,0,82,59,39,0,0,251,105,0
Louisiana,Calcasieu,2019,365,131,234,0,0,0,0,90,65,53,0,1,69,295,0
Louisiana,East Baton Rouge,2019,365,190,173,2,0,0,0,108,71,50,0,3,102,260,0
Louisiana,Iberville,2019,365,290,71,4,0,0,0,119,59,38,0,1,283,81,0
Louisiana,Jefferson,2019,365,269,96,0,0,0,0,84,58,42,0,2,204,159,0
Louisiana,Lafayette,2019,365,212,153,0,0,0,0,84,61,46,0,0,116,249,0
Louisiana,Lafourche,2019,360,173,185,2,0,0,0,126,63,51,0,0,81,279,0
Louisiana,Livingston,2019,365,198,167,0,0,0,0,97,63,48,0,0,103,262,0
Louisiana,Orleans,2019,365,292,73,0,0,0,0,90,57,36,0,52,0,307,6
Louisiana,Ouachita,2019,363,310,53,0,0,0,0,71,52,36,0,0,300,63,0
Louisiana,Pointe Coupee,2019,351,322,26,3,0,0,0,112,49,33,0,0,351,0,0
Louisiana,Rapides,2019,119,88,31,0,0,0,0,74,58,40,0,0,0,119,0
Louisiana,St. Bernard,2019,365,159,205,1,0,0,0,112,64,52,0,0,82,283,0
Louisiana,St. James,2019,359,344,15,0,0,0,0,97,46,29,0,0,359,0,0
Louisiana,St. John the Baptist,2019,364,334,30,0,0,0,0,93,48,33,0,0,364,0,0
Louisiana,St. Martin,2019,355,330,25,0,0,0,0,80,48,34,0,0,355,0,0
Louisiana,St. Tammany,2019,363,266,97,0,0,0,0,84,60,41,0,0,187,176,0
Louisiana,Tangipahoa,2019,117,84,33,0,0,0,0,68,58,40,0,0,0,117,0
Louisiana,Terrebonne,2019,120,93,27,0,0,0,0,73,57,37,0,0,0,120,0
Louisiana,West Baton Rouge,2019,364,202,162,0,0,0,0,100,62,47,0,8,93,263,0
Maine,Androscoggin,2019,361,327,34,0,0,0,0,76,49,33,0,0,162,198,1
Maine,Aroostook,2019,365,304,59,1,1,0,0,182,55,36,0,0,176,176,13
Maine,Cumberland,2019,365,208,157,0,0,0,0,100,59,47,0,0,65,297,3
Maine,Hancock,2019,365,339,25,1,0,0,0,105,49,37,2,0,320,42,1
Maine,Kennebec,2019,361,352,9,0,0,0,0,70,44,29,0,129,211,21,0
Maine,Knox,2019,213,204,9,0,0,0,0,84,47,36,0,0,213,0,0
Maine,Oxford,2019,334,305,29,0,0,0,0,72,49,33,0,0,148,186,0
Maine,Penobscot,2019,362,336,26,0,0,0,0,72,47,33,0,0,177,182,3
Maine,Washington,2019,363,360,3,0,0,0,0,71,45,34,0,0,362,1,0
Maine,York,2019,231,216,14,1,0,0,0,115,48,38,0,0,231,0,0
Maryland,Anne Arundel,2019,264,179,78,7,0,0,0,143,77,45,0,0,243,0,21
Maryland,Baltimore,2019,365,232,124,9,0,0,0,150,71,46,0,6,226,133,0
Maryland,Baltimore (City),2019,363,217,140,6,0,0,0,126,65,46,0,15,142,206,0
Maryland,Calvert,2019,232,214,18,0,0,0,0,71,49,39,0,0,232,0,0
Maryland,Carroll,2019,241,205,35,1,0,0,0,101,54,43,0,0,241,0,0
Maryland,Cecil,2019,361,265,93,3,0,0,0,150,61,42,0,0,203,158,0
Maryland,Charles,2019,221,202,19,0,0,0,0,77,50,40,0,0,221,0,0
Maryland,Dorchester,2019,365,281,81,3,0,0,0,126,58,43,0,0,280,85,0
Maryland,Frederick,2019,243,198,44,1,0,0,0,112,58,44,0,0,243,0,0
Maryland,Garrett,2019,365,311,54,0,0,0,0,71,53,39,2,0,238,125,0
Maryland,Harford,2019,359,229,121,9,0,0,0,133,71,45,0,0,210,149,0
Maryland,Howard,2019,365,267,98,0,0,0,0,81,58,39,0,77,0,288,0
Maryland,Kent,2019,360,272,87,1,0,0,0,101,61,42,0,0,215,145,0
Maryland,Montgomery,2019,361,284,77,0,0,0,0,88,57,41,0,0,190,171,0
Maryland,Prince George's,2019,365,234,125,6,0,0,0,122,64,45,0,0,247,118,0
Maryland,Washington,2019,360,279,81,0,0,0,0,93,58,42,0,0,173,187,0
Massachusetts,Barnstable,2019,359,346,13,0,0,0,0,93,45,36,0,0,353,6,0
Massachusetts,Berkshire,2019,364,266,98,0,0,0,0,87,57,41,0,0,151,213,0
Massachusetts,Bristol,2019,364,279,85,0,0,0,0,97,56,43,0,0,248,116,0
Massachusetts,Dukes,2019,352,329,19,4,0,0,0,126,48,39,0,0,341,11,0
Massachusetts,Essex,2019,364,288,75,1,0,0,0,122,55,41,0,2,193,169,0
Massachusetts,Franklin,2019,364,281,83,0,0,0,0,89,56,40,0,0,189,175,0
Massachusetts,Hampden,2019,364,260,104,0,0,0,0,93,58,43,0,6,157,201,0
Massachusetts,Hampshire,2019,364,296,68,0,0,0,0,93,54,41,0,1,231,132,0
Massachusetts,Middlesex,2019,364,289,75,0,0,0,0,80,54,41,0,7,168,189,0
Massachusetts,Norfolk,2019,362,352,10,0,0,0,0,100,44,34,0,13,349,0,0
Massachusetts,Plymouth,2019,363,289,74,0,0,0,0,90,54,40,0,0,193,170,0
Massachusetts,Suffolk,2019,365,224,141,0,0,0,0,87,58,46,1,6,61,297,0
Massachusetts,Worcester,2019,365,238,127,0,0,0,0,93,59,45,1,3,127,234,0
Michigan,Allegan,2019,276,224,48,4,0,0,0,115,62,39,0,0,231,45,0
Michigan,Bay,2019,316,252,64,0,0,0,0,85,55,34,0,0,0,316,0
Michigan,Benzie,2019,247,232,15,0,0,0,0,93,46,36,0,0,247,0,0
Michigan,Berrien,2019,260,232,26,2,0,0,0,112,51,39,0,0,260,0,0
Michigan,Cass,2019,255,229,26,0,0,0,0,90,51,39,0,0,255,0,0
Michigan,Chippewa,2019,58,42,16,0,0,0,0,66,56,43,0,0,0,58,0
Michigan,Clinton,2019,248,243,5,0,0,0,0,67,46,35,0,0,248,0,0
Michigan,Genesee,2019,340,225,115,0,0,0,0,75,60,42,0,0,145,195,0
Michigan,Huron,2019,259,250,9,0,0,0,0,90,46,36,0,0,259,0,0
Michigan,Ingham,2019,365,274,91,0,0,0,0,78,55,40,0,2,144,219,0
Michigan,Kalamazoo,2019,362,260,102,0,0,0,0,87,58,43,0,0,139,223,0
Michigan,Kent,2019,365,261,104,0,0,0,0,90,59,40,3,0,174,184,4
Michigan,Keweenaw,2019,117,114,3,0,0,0,0,73,28,12,0,0,0,117,0
Michigan,Lenawee,2019,358,233,125,0,0,0,0,91,61,44,0,0,122,236,0
Michigan,Macomb,2019,292,238,53,1,0,0,0,101,58,39,0,0,234,58,0
Michigan,Manistee,2019,269,243,25,1,0,0,0,101,50,36,0,0,233,36,0
Michigan,Mason,2019,254,244,10,0,0,0,0,64,46,35,0,0,254,0,0
Michigan,Missaukee,2019,363,306,57,0,0,0,0,74,54,36,0,0,252,111,0
Michigan,Monroe,2019,61,57,4,0,0,0,0,76,46,16,0,0,0,0,61
Michigan,Muskegon,2019,262,236,25,1,0,0,0,133,50,38,0,0,262,0,0
Michigan,Oakland,2019,293,233,58,2,0,0,0,122,60,39,0,0,228,65,0
Michigan,Ottawa,2019,360,300,60,0,0,0,0,100,61,37,0,78,216,63,3
Michigan,Schoolcraft,2019,364,339,25,0,0,0,0,90,46,31,0,0,222,142,0
Michigan,St. Clair,2019,365,266,96,3,0,0,0,108,60,41,0,0,138,227,0
Michigan,Tuscola,2019,355,345,10,0,0,0,0,77,46,33,0,0,355,0,0
Michigan,Washtenaw,2019,365,248,117,0,0,0,0,89,61,44,0,0,174,191,0
Michigan,Wayne,2019,365,81,275,9,0,0,0,142,77,58,0,4,28,325,8
Michigan,Wexford,2019,340,322,18,0,0,0,0,74,46,34,0,0,340,0,0
Minnesota,Anoka,2019,364,274,89,1,0,0,0,122,59,39,2,5,205,152,0
Minnesota,Becker,2019,360,325,34,1,0,0,0,105,50,31,0,0,170,190,0
Minnesota,Beltrami,2019,352,307,43,1,1,0,0,191,53,26,0,0,0,352,0
Minnesota,Carlton,2019,356,341,15,0,0,0,0,80,45,28,0,0,206,150,0
Minnesota,Cass,2019,350,321,28,1,0,0,0,125,44,18,0,0,0,350,0
Minnesota,Cook,2019,334,317,17,0,0,0,0,81,39,22,0,0,0,334,0
Minnesota,Crow Wing,2019,359,324,34,1,0,0,0,101,50,31,0,0,162,197,0
Minnesota,Dakota,2019,365,269,96,0,0,0,0,90,61,36,0,23,0,342,0
Minnesota,Goodhue,2019,216,203,13,0,0,0,0,97,48,37,0,0,216,0,0
Minnesota,Hennepin,2019,365,187,178,0,0,0,0,95,65,49,0,3,41,230,91
Minnesota,Lake,2019,363,333,30,0,0,0,0,83,48,31,0,0,117,213,33
Minnesota,Lyon,2019,362,306,56,0,0,0,0,87,54,34,0,0,163,199,0
Minnesota,Mille Lacs,2019,247,239,8,0,0,0,0,90,44,32,0,0,247,0,0
Minnesota,Olmsted,2019,364,271,93,0,0,0,0,86,60,40,0,0,137,227,0
Minnesota,Ramsey,2019,365,246,119,0,0,0,0,91,63,39,0,0,0,346,19
Minnesota,Saint Louis,2019,365,306,58,1,0,0,0,101,55,38,0,0,153,203,9
Minnesota,Scott,2019,365,273,92,0,0,0,0,93,58,38,0,0,192,173,0
Minnesota,Stearns,2019,344,290,54,0,0,0,0,94,55,34,0,0,194,150,0
Minnesota,Washington,2019,260,192,68,0,0,0,0,87,64,37,0,0,170,89,1
Minnesota,Winona,2019,115,102,13,0,0,0,0,65,52,21,0,0,0,115,0
Minnesota,Wright,2019,362,289,73,0,0,0,0,90,58,36,0,0,199,163,0
Mississippi,Bolivar,2019,364,197,167,0,0,0,0,96,64,49,0,0,95,269,0
Mississippi,DeSoto,2019,364,222,141,1,0,0,0,136,60,46,0,0,93,271,0
Mississippi,Forrest,2019,358,210,148,0,0,0,0,77,60,46,0,0,0,358,0
Mississippi,Hancock,2019,365,263,102,0,0,0,0,80,58,43,0,0,122,243,0
Mississippi,Harrison,2019,363,201,162,0,0,0,0,97,63,47,0,0,69,294,0
Mississippi,Hinds,2019,365,161,204,0,0,0,0,100,66,52,0,0,70,295,0
Mississippi,Jackson,2019,365,232,132,1,0,0,0,105,61,46,0,0,94,271,0
Mississippi,Lauderdale,2019,245,229,16,0,0,0,0,77,49,36,0,0,245,0,0
Mississippi,Lee,2019,241,222,19,0,0,0,0,84,49,39,0,0,241,0,0
Mississippi,Yalobusha,2019,348,334,14,0,0,0,0,71,45,33,0,0,348,0,0
Missouri,Andrew,2019,245,227,18,0,0,0,0,80,49,40,0,0,245,0,0
Missouri,Boone,2019,245,239,6,0,0,0,0,71,46,38,0,0,245,0,0
Missouri,Buchanan,2019,365,223,142,0,0,0,0,84,61,42,0,0,0,327,38
Missouri,Callaway,2019,245,238,7,0,0,0,0,71,47,39,0,0,245,0,0
Missouri,Cass,2019,365,289,76,0,0,0,0,93,57,42,0,0,173,192,0
Missouri,Cedar,2019,351,237,114,0,0,0,0,80,61,44,0,0,128,223,0
Missouri,Clay,2019,365,266,99,0,0,0,0,90,61,43,0,0,203,162,0
Missouri,Clinton,2019,245,213,32,0,0,0,0,87,54,42,0,0,245,0,0
Missouri,Greene,2019,365,262,103,0,0,0,0,77,57,43,0,0,143,208,14
Missouri,Jackson,2019,365,192,173,0,0,0,0,93,65,49,0,19,0,330,16
Missouri,Jasper,2019,365,324,40,1,0,0,0,108,51,37,0,0,220,0,145
Missouri,Jefferson,2019,361,252,107,2,0,0,0,105,62,42,0,0,182,167,12
Missouri,Lincoln,2019,245,223,22,0,0,0,0,100,50,40,0,0,245,0,0
Missouri,Monroe,2019,365,357,8,0,0,0,0,71,45,35,0,0,365,0,0
Missouri,Perry,2019,245,224,21,0,0,0,0,87,50,40,0,0,245,0,0
Missouri,Saint Charles,2019,244,202,38,3,1,0,0,151,58,42,0,0,244,0,0
Missouri,Saint Louis,2019,365,194,168,3,0,0,0,143,69,49,0,1,130,234,0
Missouri,Sainte Genevieve,2019,244,229,15,0,0,0,0,87,49,38,0,0,244,0,0
Missouri,St. Louis City,2019,365,135,225,5,0,0,0,129,72,54,0,4,91,264,6
Missouri,Stoddard,2019,107,89,18,0,0,0,0,61,53,31,0,0,0,107,0
Missouri,Taney,2019,120,112,8,0,0,0,0,59,46,26,0,0,0,120,0
Montana,Cascade,2019,363,326,36,1,0,0,0,106,51,28,0,0,0,363,0
Montana,Fergus,2019,365,343,22,0,0,0,0,86,48,38,0,0,313,50,2
Montana,Flathead,2019,365,267,97,1,0,0,0,103,61,39,0,0,198,143,24
Montana,Gallatin,2019,365,301,64,0,0,0,0,92,55,33,4,15,0,346,0
Montana,Lake,2019,93,92,1,0,0,0,0,53,26,10,0,0,0,93,0
Montana,Lewis and Clark,2019,365,251,112,2,0,0,0,144,68,43,0,0,200,165,0
Montana,Lincoln,2019,364,189,174,1,0,0,0,102,75,48,0,0,0,353,11
Montana,Missoula,2019,365,173,188,3,1,0,0,153,78,52,0,0,0,364,1
Montana,Phillips,2019,365,342,23,0,0,0,0,71,48,34,0,0,295,70,0
Montana,Powder River,2019,361,312,48,1,0,0,0,145,52,38,0,0,272,84,5
Montana,Powell,2019,109,105,4,0,0,0,0,84,33,12,0,0,0,109,0
Montana,Ravalli,2019,364,303,61,0,0,0,0,77,55,19,0,0,0,364,0
Montana,Richland,2019,365,322,43,0,0,0,0,93,51,37,0,0,275,85,5
Montana,Roosevelt,2019,93,89,4,0,0,0,0,54,29,13,0,0,0,93,0
Montana,Rosebud,2019,365,328,36,1,0,0,0,108,51,36,0,2,269,64,30
Montana,Sanders,2019,365,289,76,0,0,0,0,95,56,33,0,0,0,357,8
Montana,Sheridan,2019,104,101,3,0,0,0,0,57,36,16,0,0,0,104,0
Montana,Silver Bow,2019,363,293,70,0,0,0,0,92,60,24,0,0,0,236,127
Montana,Yellowstone,2019,292,271,20,0,1,0,0,159,47,31,0,0,0,292,0
Nebraska,Cass,2019,348,348,0,0,0,0,0,46,26,13,0,0,0,0,348
Nebraska,Douglas,2019,365,273,92,0,0,0,0,80,59,42,0,0,156,207,2
Nebraska,Hall,2019,97,87,10,0,0,0,0,64,51,25,0,0,0,97,0
Nebraska,Knox,2019,355,342,13,0,0,0,0,80,46,35,0,0,355,0,0
Nebraska,Lancaster,2019,288,249,39,0,0,0,0,70,52,36,0,0,214,74,0
Nebraska,Sarpy,2019,350,240,110,0,0,0,0,82,60,39,0,0,0,350,0
Nebraska,Scotts Bluff,2019,113,107,6,0,0,0,0,74,45,25,0,0,0,113,0
Nebraska,Thomas,2019,109,105,4,0,0,0,0,62,34,16,0,0,0,109,0
Nebraska,Washington,2019,116,95,21,0,0,0,0,78,55,34,0,0,0,116,0
Nevada,Carson City,2019,365,296,69,0,0,0,0,97,58,44,0,0,277,88,0
Nevada,Churchill,2019,353,323,30,0,0,0,0,80,50,41,0,0,353,0,0
Nevada,Clark,2019,365,128,232,5,0,0,0,122,87,58,1,10,236,110,8
Nevada,Douglas,2019,356,318,38,0,0,0,0,66,52,17,0,0,0,356,0
Nevada,Elko,2019,365,356,9,0,0,0,0,77,31,14,0,0,12,23,330
Nevada,Lyon,2019,356,344,12,0,0,0,0,71,47,38,0,0,346,0,10
Nevada,Nye,2019,365,352,12,1,0,0,0,146,31,15,0,0,0,0,365
Nevada,Washoe,2019,365,214,151,0,0,0,0,97,64,48,0,2,273,87,3
Nevada,White Pine,2019,362,294,67,1,0,0,0,101,61,44,0,0,361,1,0
New Hampshire,Belknap,2019,316,292,24,0,0,0,0,77,48,32,0,0,157,159,0
New Hampshire,Cheshire,2019,365,331,34,0,0,0,0,82,50,35,0,0,254,111,0
New Hampshire,Coos,2019,324,313,11,0,0,0,0,64,47,40,0,0,304,20,0
New Hampshire,Grafton,2019,365,332,33,0,0,0,0,65,50,35,0,0,248,117,0
New Hampshire,Hillsborough,2019,365,345,20,0,0,0,0,80,47,37,0,0,337,28,0
New Hampshire,Merrimack,2019,210,206,4,0,0,0,0,61,44,36,0,0,210,0,0
New Hampshire,Rockingham,2019,365,319,45,1,0,0,0,112,52,39,0,0,255,110,0
New Jersey,Atlantic,2019,365,270,94,1,0,0,0,105,55,42,0,0,178,187,0
New Jersey,Bergen,2019,365,149,211,5,0,0,0,150,73,53,0,32,56,277,0
New Jersey,Camden,2019,365,173,187,5,0,0,0,126,71,51,0,9,123,233,0
New Jersey,Cumberland,2019,361,254,104,3,0,0,0,105,61,44,0,1,204,156,0
New Jersey,Essex,2019,365,206,159,0,0,0,0,100,65,47,0,42,122,201,0
New Jersey,Gloucester,2019,280,229,50,1,0,0,0,133,57,37,0,0,207,73,0
New Jersey,Hudson,2019,365,211,154,0,0,0,0,93,64,47,0,57,78,230,0
New Jersey,Hunterdon,2019,362,256,105,1,0,0,0,108,62,43,0,0,178,184,0
New Jersey,Mercer,2019,365,232,131,2,0,0,0,136,64,45,0,0,196,169,0
New Jersey,Middlesex,2019,362,243,116,3,0,0,0,115,63,43,0,6,182,174,0
New Jersey,Monmouth,2019,240,217,23,0,0,0,0,100,50,37,0,0,240,0,0
New Jersey,Morris,2019,364,325,39,0,0,0,0,87,51,36,0,11,322,31,0
New Jersey,Ocean,2019,349,266,81,2,0,0,0,150,60,40,0,0,191,158,0
New Jersey,Passaic,2019,277,226,50,1,0,0,0,122,57,40,0,0,209,68,0
New Jersey,Union,2019,365,167,198,0,0,0,0,100,63,52,0,33,0,332,0
New Jersey,Warren,2019,364,279,84,1,0,0,0,103,57,39,0,26,121,217,0
New Mexico,Bernalillo,2019,365,134,227,4,0,0,0,108,77,55,0,1,218,110,36
New Mexico,Catron,2019,111,111,0,0,0,0,0,42,24,12,0,0,0,111,0
New Mexico,Chaves,2019,118,113,5,0,0,0,0,58,42,21,0,0,0,118,0
New Mexico,Dona Ana,2019,365,156,185,17,3,2,2,645,87,54,0,4,244,60,57
New Mexico,Eddy,2019,365,212,134,17,2,0,0,174,90,47,0,1,360,4,0
New Mexico,Lea,2019,365,210,151,4,0,0,0,140,71,48,0,4,252,109,0
New Mexico,Lincoln,2019,107,107,0,0,0,0,0,42,28,13,0,0,0,107,0
New Mexico,Los Alamos,2019,117,117,0,0,0,0,0,42,21,12,0,0,0,117,0
New Mexico,Luna,2019,361,349,10,1,0,0,1,630,29,12,0,0,0,0,361
New Mexico,Rio Arriba,2019,358,315,43,0,0,0,0,90,54,43,0,0,354,4,0
New Mexico,San Juan,2019,365,208,157,0,0,0,0,97,90,49,0,3,362,0,0
New Mexico,Sandoval,2019,363,275,88,0,0,0,0,97,61,44,0,0,350,11,2
New Mexico,Santa Fe,2019,362,273,88,1,0,0,0,101,67,44,0,0,349,13,0
New Mexico,Socorro,2019,92,92,0,0,0,0,0,41,26,14,0,0,0,92,0
New Mexico,Taos,2019,358,315,43,0,0,0,0,73,53,21,0,0,0,358,0
New Mexico,Valencia,2019,357,270,87,0,0,0,0,93,67,44,0,0,357,0,0
New York,Albany,2019,365,276,89,0,0,0,0,93,58,41,0,0,151,214,0
New York,Bronx,2019,365,212,150,3,0,0,0,115,66,46,0,28,114,223,0
New York,Chautauqua,2019,343,302,40,1,0,0,0,105,53,38,0,0,302,41,0
New York,Dutchess,2019,331,319,12,0,0,0,0,90,45,34,0,0,331,0,0
New York,Erie,2019,365,262,103,0,0,0,0,93,59,43,0,12,130,223,0
New York,Essex,2019,364,327,37,0,0,0,0,80,51,42,0,0,357,7,0
New York,Franklin,2019,177,177,0,0,0,0,0,49,42,31,0,0,177,0,0
New York,Hamilton,2019,323,321,2,0,0,0,0,54,44,35,0,0,323,0,0
New York,Herkimer,2019,185,185,0,0,0,0,0,45,37,29,0,0,185,0,0
New York,Jefferson,2019,205,198,7,0,0,0,0,64,46,35,0,0,205,0,0
New York,Kings,2019,365,280,85,0,0,0,0,78,55,36,0,0,0,365,0
New York,Monroe,2019,365,272,93,0,0,0,0,90,57,40,0,0,140,225,0
New York,Nassau,2019,360,308,52,0,0,0,0,72,53,29,0,0,0,360,0
New York,New York,2019,365,219,144,2,0,0,0,136,62,46,0,0,124,241,0
New York,Niagara,2019,352,339,13,0,0,0,0,80,44,35,0,0,352,0,0
New York,Oneida,2019,355,331,24,0,0,0,0,64,47,23,0,0,0,355,0
New York,Onondaga,2019,365,301,64,0,0,0,0,77,55,39,0,0,221,144,0
New York,Orange,2019,365,307,58,0,0,0,0,74,54,39,0,0,202,163,0
New York,Oswego,2019,321,316,5,0,0,0,0,67,45,34,0,0,321,0,0
New York,Putnam,2019,329,313,15,1,0,0,0,101,46,35,0,0,329,0,0
New York,Queens,2019,365,234,127,4,0,0,0,119,61,45,0,42,141,182,0
New York,Richmond,2019,365,275,90,0,0,0,0,97,60,41,0,0,177,188,0
New York,Rockland,2019,365,314,50,1,0,0,0,112,53,39,0,0,268,97,0
New York,Saratoga,2019,331,328,3,0,0,0,0,58,44,33,0,0,331,0,0
New York,Steuben,2019,365,315,50,0,0,0,0,69,53,37,0,0,208,157,0
New York,Suffolk,2019,365,276,80,9,0,0,0,150,64,43,0,0,261,104,0
New York,Tompkins,2019,356,349,7,0,0,0,0,61,45,35,0,0,356,0,0
New York,Wayne,2019,268,253,15,0,0,0,0,90,47,35,0,0,268,0,0
New York,Westchester,2019,365,309,55,1,0,0,0,105,55,38,0,0,262,103,0
North Carolina,Alexander,2019,305,274,31,0,0,0,0,80,51,39,0,0,245,0,60
North Carolina,Avery,2019,363,333,30,0,0,0,0,77,49,40,0,0,349,14,0
North Carolina,Buncombe,2019,365,277,88,0,0,0,0,84,55,42,0,0,146,219,0
North Carolina,Caldwell,2019,243,214,29,0,0,0,0,74,54,42,0,0,243,0,0
North Carolina,Carteret,2019,259,239,20,0,0,0,0,80,50,37,0,0,259,0,0
North Carolina,Caswell,2019,245,236,9,0,0,0,0,64,47,39,0,0,245,0,0
North Carolina,Catawba,2019,361,215,146,0,0,0,0,74,59,44,0,0,0,361,0
North Carolina,Cumberland,2019,363,236,127,0,0,0,0,84,61,44,0,0,156,204,3
North Carolina,Davidson,2019,350,199,151,0,0,0,0,92,61,47,0,0,0,350,0
North Carolina,Durham,2019,364,207,157,0,0,0,0,87,60,47,0,0,138,226,0
North Carolina,Edgecombe,2019,363,275,88,0,0,0,0,71,55,40,0,0,136,227,0
North Carolina,Forsyth,2019,365,175,190,0,0,0,0,97,66,51,0,6,114,245,0
North Carolina,Graham,2019,245,191,54,0,0,0,0,97,61,44,0,0,245,0,0
North Carolina,Granville,2019,240,195,45,0,0,0,0,87,64,44,0,0,240,0,0
North Carolina,Guilford,2019,365,244,121,0,0,0,0,90,61,44,0,0,180,166,19
North Carolina,Haywood,2019,276,211,65,0,0,0,0,97,64,45,0,0,244,32,0
North Carolina,Hyde,2019,102,98,4,0,0,0,0,63,42,24,0,0,0,102,0
North Carolina,Jackson,2019,103,85,18,0,0,0,0,66,54,34,0,0,0,103,0
North Carolina,Johnston,2019,363,224,139,0,0,0,0,87,60,46,0,0,106,257,0
North Carolina,Lenoir,2019,237,205,32,0,0,0,0,87,54,42,0,0,237,0,0
North Carolina,Lincoln,2019,243,178,65,0,0,0,0,97,64,44,0,0,243,0,0
North Carolina,Macon,2019,358,343,15,0,0,0,0,87,46,33,0,0,358,0,0
North Carolina,Martin,2019,295,261,34,0,0,0,0,74,51,40,0,0,237,0,58
North Carolina,Mecklenburg,2019,365,161,194,10,0,0,0,136,71,52,0,1,146,218,0
North Carolina,Mitchell,2019,333,290,43,0,0,0,0,63,52,29,0,0,0,333,0
North Carolina,Montgomery,2019,365,256,109,0,0,0,0,71,58,44,0,0,153,212,0
North Carolina,New Hanover,2019,348,305,43,0,0,0,0,80,53,37,0,0,209,139,0
North Carolina,Northampton,2019,153,102,51,0,0,0,0,74,56,43,0,11,0,142,0
North Carolina,Person,2019,244,200,44,0,0,0,0,80,58,44,0,0,244,0,0
North Carolina,Pitt,2019,352,271,81,0,0,0,0,87,55,41,0,0,156,196,0
North Carolina,Rockingham,2019,245,207,38,0,0,0,0,84,58,44,0,0,245,0,0
North Carolina,Rowan,2019,365,276,89,0,0,0,0,100,67,44,0,0,319,46,0
North Carolina,Swain,2019,362,259,103,0,0,0,0,90,56,42,0,0,121,241,0
North Carolina,Union,2019,235,175,57,3,0,0,0,105,64,45,0,0,235,0,0
North Carolina,Wake,2019,365,141,224,0,0,0,0,93,64,53,1,1,90,273,0
North Carolina,Yancey,2019,244,191,53,0,0,0,0,87,64,45,0,0,244,0,0
North Dakota,Billings,2019,365,346,19,0,0,0,0,84,46,34,0,0,310,55,0
North Dakota,Burke,2019,365,348,17,0,0,0,0,67,47,34,0,1,302,62,0
North Dakota,Burleigh,2019,365,299,66,0,0,0,0,90,55,36,0,5,155,205,0
North Dakota,Cass,2019,363,301,60,1,1,0,0,157,54,36,0,7,197,159,0
North Dakota,Dunn,2019,365,343,22,0,0,0,0,87,47,35,0,0,303,62,0
North Dakota,McKenzie,2019,365,343,22,0,0,0,0,77,49,35,0,1,309,55,0
North Dakota,Mercer,2019,365,301,64,0,0,0,0,72,53,38,0,0,204,161,0
North Dakota,Oliver,2019,365,330,35,0,0,0,0,84,50,36,0,0,301,64,0
North Dakota,Ward,2019,364,336,28,0,0,0,0,87,46,31,0,5,217,138,4
North Dakota,Williams,2019,362,324,38,0,0,0,0,77,51,34,0,0,263,97,2
Ohio,Adams,2019,327,294,33,0,0,0,0,66,51,28,0,0,0,327,0
Ohio,Allen,2019,332,229,103,0,0,0,0,97,61,44,0,0,167,165,0
Ohio,Ashtabula,2019,245,221,23,1,0,0,0,112,50,39,0,0,245,0,0
Ohio,Athens,2019,120,99,21,0,0,0,0,61,53,33,0,0,0,120,0
Ohio,Belmont,2019,365,327,38,0,0,0,0,69,51,15,15,250,0,91,9
Ohio,Butler,2019,364,236,126,2,0,0,0,101,70,44,0,0,267,92,5
Ohio,Clark,2019,362,147,213,2,0,0,0,105,67,53,0,0,102,260,0
Ohio,Clermont,2019,358,247,107,4,0,0,0,140,61,44,0,0,177,181,0
Ohio,Clinton,2019,244,203,41,0,0,0,0,100,58,43,0,0,244,0,0
Ohio,Columbiana,2019,62,62,0,0,0,0,0,26,22,12,0,0,0,0,62
Ohio,Cuyahoga,2019,365,116,245,4,0,0,0,108,74,56,0,0,78,277,10
Ohio,Delaware,2019,241,214,27,0,0,0,0,84,51,41,0,0,241,0,0
Ohio,Fayette,2019,355,332,23,0,0,0,0,74,48,38,0,0,355,0,0
Ohio,Franklin,2019,365,157,207,1,0,0,0,101,68,53,0,0,111,253,1
Ohio,Geauga,2019,230,189,39,2,0,0,0,119,61,42,0,0,230,0,0
Ohio,Greene,2019,243,213,30,0,0,0,0,90,54,41,0,0,243,0,0
Ohio,Hamilton,2019,365,99,260,6,0,0,0,119,77,57,0,4,88,273,0
Ohio,Harrison,2019,293,277,16,0,0,0,0,64,41,2,236,0,0,57,0
Ohio,Jefferson,2019,364,143,219,2,0,0,0,123,66,53,0,0,47,317,0
Ohio,Knox,2019,245,218,27,0,0,0,0,93,51,41,0,0,245,0,0
Ohio,Lake,2019,365,292,68,5,0,0,0,115,58,40,0,0,187,178,0
Ohio,Lawrence,2019,365,263,102,0,0,0,0,77,55,43,0,0,131,234,0
Ohio,Licking,2019,245,223,22,0,0,0,0,80,50,41,0,0,245,0,0
Ohio,Lorain,2019,362,260,102,0,0,0,0,75,58,41,0,0,153,209,0
Ohio,Lucas,2019,351,224,126,1,0,0,0,143,64,44,0,0,117,234,0
Ohio,Madison,2019,245,209,36,0,0,0,0,93,54,42,0,0,245,0,0
Ohio,Mahoning,2019,360,232,128,0,0,0,0,84,59,46,0,0,93,267,0
Ohio,Medina,2019,353,230,123,0,0,0,0,81,58,44,0,0,99,254,0
Ohio,Miami,2019,241,226,15,0,0,0,0,77,49,40,0,0,241,0,0
Ohio,Montgomery,2019,365,163,202,0,0,0,0,95,67,52,0,0,101,264,0
Ohio,Noble,2019,361,325,36,0,0,0,0,87,50,38,0,0,326,35,0
Ohio,Portage,2019,270,233,37,0,0,0,0,87,54,38,0,0,202,68,0
Ohio,Preble,2019,364,201,163,0,0,0,0,93,64,48,0,0,147,217,0
Ohio,Scioto,2019,365,337,28,0,0,0,0,78,44,14,0,0,0,111,254
Ohio,Stark,2019,365,157,208,0,0,0,0,100,71,52,0,0,115,250,0
Ohio,Summit,2019,363,199,161,3,0,0,0,115,65,48,0,0,117,246,0
Ohio,Trumbull,2019,362,249,113,0,0,0,0,100,60,44,0,0,162,200,0
Ohio,Warren,2019,360,210,147,3,0,0,0,122,64,47,0,0,148,212,0
Ohio,Washington,2019,245,219,26,0,0,0,0,87,51,41,0,0,245,0,0
Ohio,Wood,2019,244,225,19,0,0,0,0,87,49,38,0,0,244,0,0
Oklahoma,Adair,2019,365,295,70,0,0,0,0,88,54,40,1,0,215,148,1
Oklahoma,Canadian,2019,355,306,48,1,0,0,0,105,54,37,0,0,355,0,0
Oklahoma,Carter,2019,365,228,137,0,0,0,0,97,61,46,0,0,157,208,0
Oklahoma,Choctaw,2019,252,238,14,0,0,0,0,90,47,37,0,0,252,0,0
Oklahoma,Cleveland,2019,365,160,205,0,0,0,0,90,67,52,0,0,131,234,0
Oklahoma,Comanche,2019,365,220,145,0,0,0,0,97,64,47,0,0,155,210,0
Oklahoma,Creek,2019,356,331,24,1,0,0,0,101,48,36,0,0,356,0,0
Oklahoma,Custer,2019,236,235,1,0,0,0,0,58,26,14,0,0,0,0,236
Oklahoma,Dewey,2019,365,230,135,0,0,0,0,93,61,44,0,0,166,199,0
Oklahoma,Grant,2019,27,27,0,0,0,0,0,43,42,22,0,0,0,27,0
Oklahoma,Johnston,2019,141,128,13,0,0,0,0,67,50,40,0,0,141,0,0
Oklahoma,Kay,2019,365,206,158,1,0,0,0,106,61,47,0,0,69,296,0
Oklahoma,Le Flore,2019,38,31,7,0,0,0,0,82,56,36,0,0,0,36,2
Oklahoma,Mayes,2019,297,283,14,0,0,0,0,100,46,35,0,0,297,0,0
Oklahoma,Muskogee,2019,134,117,15,1,1,0,0,169,57,18,0,0,0,0,134
Oklahoma,Nowata,2019,365,228,136,1,0,0,0,118,61,45,0,0,152,213,0
Oklahoma,Oklahoma,2019,365,156,208,1,0,0,0,119,71,52,0,3,131,230,1
Oklahoma,Osage,2019,354,311,43,0,0,0,0,90,51,38,0,0,354,0,0
Oklahoma,Ottawa,2019,363,222,140,1,0,0,0,104,62,45,0,0,57,277,29
Oklahoma,Pittsburg,2019,365,220,143,2,0,0,0,105,62,46,0,0,183,182,0
Oklahoma,Sequoyah,2019,361,279,82,0,0,0,0,67,56,41,0,10,141,210,0
Oklahoma,Tulsa,2019,365,188,176,1,0,0,0,105,67,50,0,0,133,232,0
Oregon,Baker,2019,360,293,67,0,0,0,0,68,56,31,0,0,0,360,0
Oregon,Benton,2019,365,302,63,0,0,0,0,87,56,22,0,0,0,365,0
Oregon,Clackamas,2019,225,214,10,1,0,0,0,101,44,31,0,0,130,95,0
Oregon,Columbia,2019,363,342,21,0,0,0,0,84,46,27,0,0,128,235,0
Oregon,Coos,2019,107,99,8,0,0,0,0,63,47,25,0,0,0,107,0
Oregon,Crook,2019,365,266,98,1,0,0,0,103,63,30,0,0,0,365,0
Oregon,Deschutes,2019,365,309,51,4,1,0,0,154,53,26,0,0,0,365,0
Oregon,Douglas,2019,347,256,91,0,0,0,0,82,64,32,0,0,0,347,0
Oregon,Grant,2019,349,205,143,1,0,0,0,103,65,41,0,0,0,349,0
Oregon,Harney,2019,364,204,155,5,0,0,0,131,70,44,0,0,0,364,0
Oregon,Jackson,2019,365,249,109,3,4,0,0,190,64,41,0,0,123,242,0
Oregon,Jefferson,2019,365,261,102,2,0,0,0,122,66,29,0,0,0,365,0
Oregon,Josephine,2019,365,251,109,3,2,0,0,175,68,34,0,0,0,365,0
Oregon,Klamath,2019,365,230,129,6,0,0,0,126,78,39,0,0,0,365,0
Oregon,Lake,2019,363,288,74,1,0,0,0,106,61,25,0,0,0,363,0
Oregon,Lane,2019,365,216,141,8,0,0,0,117,78,44,0,0,50,308,7
Oregon,Linn,2019,365,233,130,2,0,0,0,104,66,37,0,0,0,365,0
Oregon,Marion,2019,356,262,94,0,0,0,0,93,63,37,0,0,108,248,0
Oregon,Multnomah,2019,365,283,82,0,0,0,0,91,58,36,0,3,168,194,0
Oregon,Umatilla,2019,365,267,97,1,0,0,0,104,63,40,0,0,142,223,0
Oregon,Union,2019,365,313,52,0,0,0,0,88,53,26,0,0,0,364,1
Oregon,Wallowa,2019,363,289,73,1,0,0,0,103,56,29,0,0,0,363,0
Oregon,Wasco,2019,350,262,88,0,0,0,0,89,62,31,0,0,0,350,0
Oregon,Washington,2019,365,268,96,1,0,0,0,102,62,37,0,8,96,260,1
Pennsylvania,Adams,2019,365,243,122,0,0,0,0,87,63,45,0,0,210,155,0
Pennsylvania,Allegheny,2019,365,67,287,7,4,0,0,165,80,59,0,0,39,326,0
Pennsylvania,Armstrong,2019,365,261,104,0,0,0,0,72,57,43,0,0,154,211,0
Pennsylvania,Beaver,2019,365,183,181,1,0,0,0,132,67,50,0,0,150,215,0
Pennsylvania,Berks,2019,365,230,129,5,1,0,0,170,67,44,0,0,167,198,0
Pennsylvania,Blair,2019,352,220,132,0,0,0,0,93,64,46,0,0,147,205,0
Pennsylvania,Bradford,2019,352,273,79,0,0,0,0,78,58,41,0,0,157,195,0
Pennsylvania,Bucks,2019,357,318,36,3,0,0,0,136,54,35,0,0,357,0,0
Pennsylvania,Cambria,2019,365,229,136,0,0,0,0,89,62,45,2,4,109,250,0
Pennsylvania,Centre,2019,365,192,173,0,0,0,0,99,66,49,0,0,120,245,0
Pennsylvania,Chester,2019,364,223,139,2,0,0,0,115,67,46,0,0,196,168,0
Pennsylvania,Clearfield,2019,359,357,2,0,0,0,0,61,44,33,0,0,359,0,0
Pennsylvania,Cumberland,2019,365,178,182,5,0,0,0,150,68,51,0,0,0,365,0
Pennsylvania,Dauphin,2019,365,232,129,3,1,0,0,161,67,44,0,0,162,202,1
Pennsylvania,Delaware,2019,365,180,178,7,0,0,0,133,74,51,0,1,136,228,0
Pennsylvania,Elk,2019,357,345,12,0,0,0,0,80,46,35,0,0,357,0,0
Pennsylvania,Erie,2019,364,271,93,0,0,0,0,93,56,39,2,4,172,186,0
Pennsylvania,Fayette,2019,360,273,87,0,0,0,0,75,57,42,0,0,192,168,0
Pennsylvania,Franklin,2019,341,324,17,0,0,0,0,80,48,36,0,0,341,0,0
Pennsylvania,Greene,2019,349,294,55,0,0,0,0,71,54,38,0,0,190,159,0
Pennsylvania,Indiana,2019,350,324,26,0,0,0,0,93,49,38,0,0,350,0,0
Pennsylvania,Lackawanna,2019,365,309,56,0,0,0,0,82,53,39,0,11,234,120,0
Pennsylvania,Lancaster,2019,365,160,195,9,1,0,0,159,76,52,0,0,104,261,0
Pennsylvania,Lawrence,2019,361,356,5,0,0,0,0,74,43,31,0,0,361,0,0
Pennsylvania,Lebanon,2019,360,219,137,4,0,0,0,142,66,46,0,0,135,225,0
Pennsylvania,Lehigh,2019,360,254,103,3,0,0,0,119,64,43,0,0,159,199,2
Pennsylvania,Luzerne,2019,361,350,11,0,0,0,0,77,45,34,0,0,352,0,9
Pennsylvania,Lycoming,2019,361,322,39,0,0,0,0,77,51,37,0,0,269,92,0
Pennsylvania,Mercer,2019,365,240,125,0,0,0,0,96,61,44,0,0,181,184,0
Pennsylvania,Monroe,2019,349,340,9,0,0,0,0,80,45,34,0,0,349,0,0
Pennsylvania,Montgomery,2019,362,262,99,1,0,0,0,129,61,40,0,0,163,199,0
Pennsylvania,Northampton,2019,363,238,122,3,0,0,0,114,66,44,0,1,165,197,0
Pennsylvania,Philadelphia,2019,365,193,166,6,0,0,0,140,72,49,0,12,131,222,0
Pennsylvania,Somerset,2019,359,340,19,0,0,0,0,80,48,36,0,0,359,0,0
Pennsylvania,Susquehanna,2019,352,292,60,0,0,0,0,79,55,32,0,0,0,352,0
Pennsylvania,Tioga,2019,361,317,44,0,0,0,0,77,52,37,0,3,238,120,0
Pennsylvania,Washington,2019,365,177,188,0,0,0,0,95,66,51,0,0,110,255,0
Pennsylvania,Westmoreland,2019,354,276,78,0,0,0,0,93,55,41,0,0,195,159,0
Pennsylvania,Wyoming,2019,27,18,9,0,0,0,0,87,67,38,0,0,0,27,0
Pennsylvania,York,2019,365,232,133,0,0,0,0,94,60,44,0,17,160,188,0
Puerto Rico,Adjuntas,2019,117,98,19,0,0,0,0,70,54,24,0,0,0,117,0
Puerto Rico,Bayamon,2019,278,239,39,0,0,0,0,79,53,20,30,0,108,140,0
Puerto Rico,Caguas,2019,354,322,28,4,0,0,0,114,47,10,119,121,0,114,0
Puerto Rico,Catano,2019,347,194,142,10,1,0,0,173,89,45,0,0,62,242,43
Puerto Rico,Fajardo,2019,119,93,26,0,0,0,0,85,58,29,0,0,0,119,0
Puerto Rico,Guayama,2019,2,2,0,0,0,0,0,29,29,29,0,0,0,0,2
Puerto Rico,Guaynabo,2019,362,312,46,4,0,0,0,110,56,22,23,223,0,112,4
Puerto Rico,Mayagnez,2019,202,136,66,0,0,0,0,87,63,33,0,0,7,195,0
Puerto Rico,Ponce,2019,351,204,141,6,0,0,0,136,69,43,9,0,0,274,68
Puerto Rico,San Juan,2019,277,277,0,0,0,0,0,35,17,14,277,0,0,0,0
Rhode Island,Kent,2019,351,325,26,0,0,0,0,93,49,34,0,0,196,155,0
Rhode Island,Providence,2019,365,222,143,0,0,0,0,90,61,46,0,2,157,206,0
Rhode Island,Washington,2019,352,317,33,2,0,0,0,126,50,38,0,0,202,150,0
South Carolina,Aiken,2019,113,103,10,0,0,0,0,97,50,37,0,0,113,0,0
South Carolina,Anderson,2019,85,66,18,1,0,0,0,108,67,42,0,0,85,0,0
South Carolina,Berkeley,2019,79,79,0,0,0,0,0,47,40,31,0,0,79,0,0
South Carolina,Charleston,2019,357,262,95,0,0,0,0,76,56,42,0,0,41,315,1
South Carolina,Chesterfield,2019,364,284,80,0,0,0,0,77,56,34,0,0,119,245,0
South Carolina,Colleton,2019,7,7,0,0,0,0,0,41,41,26,0,0,0,7,0
South Carolina,Darlington,2019,122,110,12,0,0,0,0,90,50,38,0,0,122,0,0
South Carolina,Edgefield,2019,361,234,127,0,0,0,0,90,57,43,0,0,47,314,0
South Carolina,Florence,2019,361,243,118,0,0,0,0,73,57,41,0,0,0,361,0
South Carolina,Georgetown,2019,92,91,1,0,0,0,0,52,25,14,0,0,0,0,92
South Carolina,Greenville,2019,365,211,154,0,0,0,0,97,63,46,0,12,57,288,8
South Carolina,Horry,2019,101,99,2,0,0,0,0,77,44,35,0,0,101,0,0
South Carolina,Lexington,2019,365,230,135,0,0,0,0,69,58,44,0,0,0,360,5
South Carolina,Oconee,2019,307,241,66,0,0,0,0,74,55,37,0,0,69,238,0
South Carolina,Pickens,2019,99,77,22,0,0,0,0,84,64,44,0,0,99,0,0
South Carolina,Richland,2019,365,245,120,0,0,0,0,93,58,42,1,16,81,267,0
South Carolina,Spartanburg,2019,348,206,140,2,0,0,0,105,61,45,0,0,63,285,0
South Carolina,York,2019,365,210,148,7,0,0,0,133,64,47,0,0,146,219,0
South Dakota,Brookings,2019,365,273,87,5,0,0,0,126,66,43,0,0,311,44,10
South Dakota,Brown,2019,122,104,18,0,0,0,0,80,53,25,0,0,0,119,3
South Dakota,Codington,2019,361,295,66,0,0,0,0,83,55,32,0,0,0,316,45
South Dakota,Custer,2019,362,352,10,0,0,0,0,84,48,40,0,0,340,22,0
South Dakota,Hughes,2019,356,338,18,0,0,0,0,69,37,14,0,0,0,356,0
South Dakota,Jackson,2019,365,343,22,0,0,0,0,63,49,38,0,2,328,35,0
South Dakota,Meade,2019,365,358,7,0,0,0,0,80,44,36,0,0,361,0,4
South Dakota,Minnehaha,2019,365,301,63,1,0,0,0,105,55,37,0,7,265,91,2
South Dakota,Pennington,2019,361,267,90,4,0,0,0,117,61,33,0,10,0,175,176
South Dakota,Union,2019,364,306,58,0,0,0,0,97,56,37,0,2,233,121,8
Tennessee,Anderson,2019,234,177,55,2,0,0,0,105,71,44,0,0,234,0,0
Tennessee,Blount,2019,365,223,140,2,0,0,0,115,61,46,0,0,180,185,0
Tennessee,Claiborne,2019,346,325,21,0,0,0,0,80,47,35,0,0,346,0,0
Tennessee,Davidson,2019,365,151,213,1,0,0,0,101,64,52,0,10,63,292,0
Tennessee,DeKalb,2019,363,335,28,0,0,0,0,80,49,37,0,0,363,0,0
Tennessee,Dyer,2019,360,275,85,0,0,0,0,66,54,35,0,0,0,360,0
Tennessee,Hamilton,2019,365,181,184,0,0,0,0,97,67,51,0,0,127,238,0
Tennessee,Jefferson,2019,234,197,37,0,0,0,0,93,58,44,0,0,234,0,0
Tennessee,Knox,2019,364,214,150,0,0,0,0,84,62,46,0,0,128,232,4
Tennessee,Lawrence,2019,330,244,86,0,0,0,0,66,55,36,0,0,0,330,0
Tennessee,Loudon,2019,365,251,114,0,0,0,0,93,58,43,0,0,120,245,0
Tennessee,Madison,2019,362,262,100,0,0,0,0,65,56,36,0,0,0,362,0
Tennessee,Maury,2019,362,301,61,0,0,0,0,66,53,31,0,0,0,362,0
Tennessee,McMinn,2019,357,239,118,0,0,0,0,69,57,41,0,0,0,357,0
Tennessee,Montgomery,2019,362,278,84,0,0,0,0,67,55,35,0,0,0,362,0
Tennessee,Putnam,2019,360,291,69,0,0,0,0,67,54,33,0,0,0,360,0
Tennessee,Roane,2019,356,251,105,0,0,0,0,75,55,37,0,0,0,356,0
Tennessee,Sevier,2019,364,287,77,0,0,0,0,90,61,44,0,0,364,0,0
Tennessee,Shelby,2019,365,152,209,4,0,0,0,148,67,52,0,3,118,243,1
Tennessee,Sullivan,2019,362,240,121,1,0,0,0,119,59,44,0,0,158,204,0
Tennessee,Sumner,2019,357,240,117,0,0,0,0,93,61,44,0,0,160,197,0
Tennessee,Williamson,2019,245,215,30,0,0,0,0,84,51,42,0,0,245,0,0
Tennessee,Wilson,2019,231,205,26,0,0,0,0,80,51,40,0,0,231,0,0
Texas,Bell,2019,365,237,126,2,0,0,0,105,62,45,0,1,211,153,0
Texas,Bexar,2019,365,117,242,5,1,0,0,175,74,55,0,0,93,271,1
Texas,Bowie,2019,349,171,177,1,0,0,0,109,62,51,0,0,0,349,0
Texas,Brazoria,2019,365,325,33,6,1,0,0,161,51,33,0,5,360,0,0
Texas,Brewster,2019,362,278,84,0,0,0,0,93,57,42,0,0,257,105,0
Texas,Cameron,2019,365,172,193,0,0,0,0,91,67,52,0,0,83,282,0
Texas,Collin,2019,365,309,48,7,1,0,0,156,58,40,0,0,365,0,0
Texas,Culberson,2019,176,153,21,2,0,0,0,108,52,36,0,0,102,74,0
Texas,Dallas,2019,365,156,203,6,0,0,0,143,74,52,0,6,137,222,0
Texas,Denton,2019,365,239,114,12,0,0,0,133,67,44,0,1,236,128,0
Texas,Ector,2019,354,251,103,0,0,0,0,82,56,38,0,0,0,354,0
Texas,El Paso,2019,365,100,252,11,2,0,0,159,84,57,0,6,142,214,3
Texas,Ellis,2019,365,250,115,0,0,0,0,97,58,44,0,5,188,172,0
Texas,Galveston,2019,362,247,107,8,0,0,0,136,63,43,0,3,215,143,1
Texas,Gregg,2019,362,328,33,1,0,0,0,112,50,35,0,3,359,0,0
Texas,Harris,2019,365,91,247,22,4,1,0,202,93,56,0,7,106,252,0
Texas,Harrison,2019,358,242,116,0,0,0,0,90,58,44,0,0,131,227,0
Texas,Hidalgo,2019,365,184,179,2,0,0,0,106,69,50,0,0,76,289,0
Texas,Hood,2019,357,325,31,1,0,0,0,133,50,35,0,0,357,0,0
Texas,Hunt,2019,364,345,19,0,0,0,0,97,47,35,0,3,361,0,0
Texas,Jefferson,2019,365,194,165,6,0,0,0,150,67,49,0,0,142,223,0
Texas,Johnson,2019,352,298,47,7,0,0,0,143,61,38,0,0,352,0,0
Texas,Kaufman,2019,365,278,87,0,0,0,0,93,57,42,0,0,209,156,0
Texas,Kleberg,2019,284,182,102,0,0,0,0,89,61,41,0,0,0,284,0
Texas,Lubbock,2019,330,281,48,1,0,0,0,103,53,34,0,0,0,330,0
Texas,Maverick,2019,339,246,92,1,0,0,0,104,59,34,0,0,0,339,0
Texas,McLennan,2019,365,313,52,0,0,0,0,87,54,39,1,0,276,88,0
Texas,Montgomery,2019,365,261,99,5,0,0,0,143,61,44,0,2,226,137,0
Texas,Navarro,2019,362,275,87,0,0,0,0,100,57,42,0,0,211,151,0
Texas,Nueces,2019,365,198,166,1,0,0,0,107,66,49,0,0,113,252,0
Texas,Orange,2019,365,233,132,0,0,0,0,100,60,44,0,0,125,240,0
Texas,Parker,2019,363,317,46,0,0,0,0,100,54,37,0,0,363,0,0
Texas,Polk,2019,344,334,10,0,0,0,0,74,44,31,0,0,344,0,0
Texas,Potter,2019,340,304,36,0,0,0,0,65,51,25,0,0,0,340,0
Texas,Randall,2019,354,280,72,2,0,0,0,112,61,41,0,0,354,0,0
Texas,Rockwall,2019,323,305,16,2,0,0,0,105,47,34,0,0,323,0,0
Texas,Smith,2019,364,326,37,1,0,0,0,133,51,36,0,4,360,0,0
Texas,Tarrant,2019,365,176,175,14,0,0,0,147,74,51,0,6,157,202,0
Texas,Travis,2019,365,169,194,2,0,0,0,115,67,52,0,5,105,255,0
Texas,Victoria,2019,341,319,22,0,0,0,0,87,48,31,0,0,341,0,0
Texas,Webb,2019,365,187,177,1,0,0,0,109,71,50,0,0,74,290,1
Utah,Box Elder,2019,364,300,62,2,0,0,0,121,54,41,0,61,261,42,0
Utah,Cache,2019,365,247,104,14,0,0,0,147,69,46,0,0,259,106,0
Utah,Carbon,2019,365,265,99,1,0,0,0,108,64,46,0,4,361,0,0
Utah,Davis,2019,365,239,120,6,0,0,0,119,74,45,0,25,263,77,0
Utah,Duchesne,2019,365,226,128,7,4,0,0,177,72,48,0,0,312,53,0
Utah,Garfield,2019,299,258,41,0,0,0,0,80,51,41,0,0,268,31,0
Utah,Iron,2019,365,320,45,0,0,0,0,84,52,43,0,14,301,50,0
Utah,Salt Lake,2019,365,132,216,17,0,0,0,136,90,58,0,24,228,109,4
Utah,San Juan,2019,363,286,70,3,1,3,0,268,58,44,0,0,363,0,0
Utah,Tooele,2019,365,286,77,2,0,0,0,117,61,44,0,1,285,79,0
Utah,Uintah,2019,365,157,186,17,4,1,0,205,87,54,0,0,342,23,0
Utah,Utah,2019,365,217,147,1,0,0,0,107,70,48,0,4,267,93,1
Utah,Washington,2019,365,283,82,0,0,0,0,93,61,45,0,0,332,33,0
Utah,Wayne,2019,109,109,0,0,0,0,0,27,21,12,0,0,0,109,0
Utah,Weber,2019,308,224,82,2,0,0,0,108,66,44,0,20,208,80,0
Vermont,Bennington,2019,365,329,36,0,0,0,0,95,50,37,0,0,247,118,0
Vermont,Chittenden,2019,365,306,59,0,0,0,0,82,54,39,0,0,205,160,0
Vermont,Rutland,2019,365,281,84,0,0,0,0,89,58,40,0,1,160,203,1
Vermont,Windham,2019,104,103,1,0,0,0,0,52,26,11,0,0,0,104,0
Virgin Islands,St Croix,2019,57,47,10,0,0,0,0,74,63,27,0,0,0,57,0
Virgin Islands,St John,2019,101,86,15,0,0,0,0,77,54,21,0,0,0,101,0
Virgin Islands,St Thomas,2019,268,195,73,0,0,0,0,92,62,37,0,0,0,268,0
Virginia,Albemarle,2019,282,251,31,0,0,0,0,67,51,41,0,0,218,64,0
Virginia,Alexandria City,2019,109,109,0,0,0,0,0,16,8,5,0,0,0,0,109
Virginia,Arlington,2019,365,294,70,1,0,0,0,112,61,40,1,90,216,58,0
Virginia,Bristol City,2019,117,94,23,0,0,0,0,72,54,34,0,0,0,117,0
Virginia,Caroline,2019,239,229,10,0,0,0,0,84,48,39,0,0,239,0,0
Virginia,Carroll,2019,61,61,0,0,0,0,0,18,15,9,0,0,0,0,61
Virginia,Charles,2019,356,321,35,0,0,0,0,90,50,36,0,86,200,70,0
Virginia,Chesterfield,2019,280,235,45,0,0,0,0,87,54,40,0,0,209,71,0
Virginia,Fairfax,2019,365,192,171,2,0,0,0,105,64,49,0,12,104,249,0
Virginia,Fauquier,2019,233,229,4,0,0,0,0,64,45,37,0,0,233,0,0
Virginia,Frederick,2019,365,277,88,0,0,0,0,96,55,42,0,0,136,229,0
Virginia,Giles,2019,344,315,29,0,0,0,0,84,50,40,0,0,344,0,0
Virginia,Hampton City,2019,364,283,81,0,0,0,0,84,55,42,1,2,179,182,0
Virginia,Hanover,2019,243,216,27,0,0,0,0,90,54,41,0,0,243,0,0
Virginia,Henrico,2019,363,310,53,0,0,0,0,100,54,38,4,17,278,64,0
Virginia,Hopewell City,2019,57,57,0,0,0,0,0,19,15,8,0,0,0,0,57
Virginia,Loudoun,2019,337,286,50,1,0,0,0,112,54,38,0,78,202,57,0
Virginia,Lynchburg City,2019,108,91,17,0,0,0,0,61,53,34,0,0,0,108,0
Virginia,Madison,2019,362,326,36,0,0,0,0,67,50,41,0,0,326,36,0
Virginia,Norfolk City,2019,364,341,23,0,0,0,0,72,47,20,12,240,0,111,1
Virginia,Prince Edward,2019,358,351,7,0,0,0,0,67,44,35,0,0,358,0,0
Virginia,Prince William,2019,364,347,17,0,0,0,0,100,48,36,0,119,245,0,0
Virginia,Richmond City,2019,362,236,126,0,0,0,0,96,58,43,2,60,0,300,0
Virginia,Roanoke,2019,365,286,79,0,0,0,0,71,55,42,0,48,145,172,0
Virginia,Rockbridge,2019,274,259,15,0,0,0,0,71,47,38,0,0,227,47,0
Virginia,Rockingham,2019,365,333,32,0,0,0,0,69,50,38,0,91,213,61,0
Virginia,Salem City,2019,118,90,28,0,0,0,0,65,54,34,0,0,0,118,0
Virginia,Stafford,2019,260,244,16,0,0,0,0,93,49,39,0,0,240,0,20
Virginia,Suffolk City,2019,245,223,22,0,0,0,0,97,50,41,0,0,245,0,0
Virginia,Virginia Beach City,2019,115,94,21,0,0,0,0,70,56,34,0,0,0,115,0
Virginia,Winchester City,2019,57,57,0,0,0,0,0,24,14,8,0,0,0,0,57
Virginia,Wythe,2019,242,232,10,0,0,0,0,71,48,41,0,0,242,0,0
Washington,Adams,2019,360,339,21,0,0,0,0,89,42,17,0,0,0,360,0
Washington,Asotin,2019,357,250,106,1,0,0,0,125,65,36,0,0,0,357,0
Washington,Benton,2019,364,273,91,0,0,0,0,80,59,39,0,0,152,199,13
Washington,Chelan,2019,365,258,106,1,0,0,0,102,61,32,0,0,0,365,0
Washington,Clallam,2019,365,285,80,0,0,0,0,73,56,38,0,0,166,199,0
Washington,Clark,2019,364,277,86,1,0,0,0,128,63,34,0,0,127,237,0
Washington,Columbia,2019,365,322,43,0,0,0,0,72,53,22,0,0,0,365,0
Washington,Cowlitz,2019,360,301,59,0,0,0,0,79,54,24,0,0,0,360,0
Washington,Franklin,2019,333,288,45,0,0,0,0,74,53,21,0,0,0,333,0
Washington,Garfield,2019,358,330,28,0,0,0,0,67,48,23,0,0,0,358,0
Washington,Grant,2019,365,306,59,0,0,0,0,71,54,24,0,0,0,365,0
Washington,Grays Harbor,2019,352,327,25,0,0,0,0,62,47,27,0,0,0,352,0
Washington,Jefferson,2019,365,344,21,0,0,0,0,57,42,26,0,0,0,365,0
Washington,King,2019,365,208,157,0,0,0,0,90,64,48,0,19,44,302,0
Washington,Kitsap,2019,340,313,27,0,0,0,0,77,47,24,0,0,0,340,0
Washington,Kittitas,2019,365,268,97,0,0,0,0,96,61,31,0,0,0,365,0
Washington,Klickitat,2019,365,300,65,0,0,0,0,97,54,27,0,0,0,365,0
Washington,Lewis,2019,365,308,57,0,0,0,0,66,54,27,0,0,0,365,0
Washington,Mason,2019,361,305,56,0,0,0,0,75,53,28,0,0,0,361,0
Washington,Okanogan,2019,365,209,156,0,0,0,0,91,68,42,0,0,0,365,0
Washington,Pierce,2019,365,234,129,2,0,0,0,142,67,44,0,6,133,226,0
Washington,San Juan,2019,112,111,1,0,0,0,0,52,31,21,0,0,0,112,0
Washington,Skagit,2019,365,340,25,0,0,0,0,59,46,29,0,0,63,302,0
Washington,Snohomish,2019,364,227,136,1,0,0,0,114,71,40,0,0,0,364,0
Washington,Spokane,2019,365,258,106,1,0,0,0,107,64,42,0,0,131,218,16
Washington,Stevens,2019,365,223,141,1,0,0,0,146,67,36,0,0,0,335,30
Washington,Thurston,2019,365,290,75,0,0,0,0,74,58,33,0,0,134,231,0
Washington,Walla Walla,2019,365,299,66,0,0,0,0,94,56,23,0,0,0,235,130
Washington,Whatcom,2019,363,334,29,0,0,0,0,66,47,29,0,0,127,236,0
Washington,Whitman,2019,365,324,41,0,0,0,0,71,51,24,0,0,0,365,0
Washington,Yakima,2019,365,178,177,10,0,0,0,127,79,51,0,0,0,363,2
West Virginia,Berkeley,2019,278,233,43,2,0,0,0,127,54,40,0,0,201,77,0
West Virginia,Brooke,2019,360,287,72,1,0,0,0,112,56,19,0,0,0,119,241
West Virginia,Cabell,2019,275,233,42,0,0,0,0,71,53,40,0,0,199,76,0
West Virginia,Gilmer,2019,336,333,3,0,0,0,0,58,44,32,0,0,336,0,0
West Virginia,Greenbrier,2019,242,222,20,0,0,0,0,84,50,42,0,0,242,0,0
West Virginia,Hancock,2019,303,257,46,0,0,0,0,93,54,40,0,0,216,48,39
West Virginia,Harrison,2019,111,84,27,0,0,0,0,64,56,41,0,0,0,111,0
West Virginia,Kanawha,2019,365,262,103,0,0,0,0,93,58,44,21,0,201,143,0
West Virginia,Marion,2019,99,70,29,0,0,0,0,66,59,41,0,0,0,99,0
West Virginia,Marshall,2019,118,68,50,0,0,0,0,80,63,46,0,0,0,118,0
West Virginia,Monongalia,2019,277,237,40,0,0,0,0,74,54,41,0,0,200,77,0
West Virginia,Ohio,2019,283,226,57,0,0,0,0,71,57,42,0,0,211,72,0
West Virginia,Tucker,2019,362,343,19,0,0,0,0,61,47,35,0,0,350,12,0
West Virginia,Wood,2019,277,231,46,0,0,0,0,87,56,40,0,0,211,66,0
Wisconsin,Ashland,2019,364,332,32,0,0,0,0,81,50,35,0,0,263,101,0
Wisconsin,Brown,2019,361,265,96,0,0,0,0,97,58,40,0,0,120,241,0
Wisconsin,Columbia,2019,192,184,8,0,0,0,0,71,46,37,0,0,192,0,0
Wisconsin,Dane,2019,365,239,126,0,0,0,0,93,64,43,0,0,111,254,0
Wisconsin,Dodge,2019,365,257,107,1,0,0,0,122,61,42,0,0,209,156,0
Wisconsin,Door,2019,201,191,9,1,0,0,0,112,47,35,0,0,201,0,0
Wisconsin,Eau Claire,2019,363,268,95,0,0,0,0,90,60,39,0,0,121,242,0
Wisconsin,Fond du Lac,2019,202,195,7,0,0,0,0,100,47,36,0,0,202,0,0
Wisconsin,Forest,2019,363,308,55,0,0,0,0,97,53,36,0,0,252,111,0
Wisconsin,Grant,2019,365,255,109,1,0,0,0,104,62,39,0,0,0,365,0
Wisconsin,Jefferson,2019,203,191,12,0,0,0,0,100,48,37,0,0,203,0,0
Wisconsin,Kenosha,2019,365,248,115,2,0,0,0,119,65,44,0,0,190,175,0
Wisconsin,Kewaunee,2019,210,199,11,0,0,0,0,90,45,36,0,0,210,0,0
Wisconsin,La Crosse,2019,365,274,91,0,0,0,0,85,62,39,0,0,147,218,0
Wisconsin,Manitowoc,2019,202,187,15,0,0,0,0,100,48,36,0,0,202,0,0
Wisconsin,Marathon,2019,205,196,9,0,0,0,0,84,47,34,0,0,205,0,0
Wisconsin,Milwaukee,2019,365,205,157,3,0,0,0,105,68,47,0,5,119,239,2
Wisconsin,Outagamie,2019,365,258,105,2,0,0,0,119,63,41,0,0,115,250,0
Wisconsin,Ozaukee,2019,363,271,89,3,0,0,0,108,61,40,0,0,173,190,0
Wisconsin,Racine,2019,203,174,28,1,0,0,0,115,58,39,0,0,203,0,0
Wisconsin,Rock,2019,203,185,18,0,0,0,0,77,50,38,0,0,203,0,0
Wisconsin,Sauk,2019,365,281,83,1,0,0,0,107,59,39,0,0,124,241,0
Wisconsin,Sheboygan,2019,206,180,24,2,0,0,0,108,61,38,0,0,206,0,0
Wisconsin,Taylor,2019,365,294,71,0,0,0,0,87,57,38,0,0,222,143,0
Wisconsin,Vilas,2019,362,320,42,0,0,0,0,91,52,31,0,0,156,206,0
Wisconsin,Walworth,2019,205,189,15,1,0,0,0,112,49,37,0,0,205,0,0
Wisconsin,Waukesha,2019,365,211,153,1,0,0,0,115,64,45,0,0,81,284,0
Wyoming,Albany,2019,365,245,120,0,0,0,0,90,61,47,0,0,327,4,34
Wyoming,Big Horn,2019,356,344,12,0,0,0,0,77,46,36,0,0,356,0,0
Wyoming,Campbell,2019,365,301,63,1,0,0,0,111,56,41,0,1,215,21,128
Wyoming,Carbon,2019,364,325,38,1,0,0,0,112,51,43,0,13,351,0,0
Wyoming,Converse,2019,365,314,50,1,0,0,0,101,53,41,0,3,312,10,40
Wyoming,Fremont,2019,365,291,73,1,0,0,0,122,60,45,0,0,335,30,0
Wyoming,Johnson,2019,364,345,19,0,0,0,0,80,49,40,0,1,356,0,7
Wyoming,Laramie,2019,365,296,69,0,0,0,0,74,58,43,0,4,320,25,16
Wyoming,Lincoln,2019,365,364,1,0,0,0,0,56,27,12,0,0,0,0,365
Wyoming,Natrona,2019,364,327,37,0,0,0,0,74,51,42,0,1,357,6,0
Wyoming,Park,2019,307,292,15,0,0,0,0,80,47,38,0,3,261,40,3
Wyoming,Platte,2019,60,56,3,1,0,0,0,108,37,14,0,0,0,0,60
Wyoming,Sheridan,2019,365,315,50,0,0,0,0,90,54,39,0,0,299,39,27
Wyoming,Sublette,2019,365,265,89,8,3,0,0,200,71,46,0,0,358,7,0
Wyoming,Sweetwater,2019,365,258,104,3,0,0,0,133,64,46,0,3,318,9,35
Wyoming,Teton,2019,365,323,42,0,0,0,0,87,51,44,0,0,353,11,1
Wyoming,Uinta,2019,365,315,49,1,0,0,0,101,58,44,0,1,360,0,4
Wyoming,Weston,2019,360,335,25,0,0,0,0,71,49,40,0,0,360,0,0
Alabama,Baldwin,2020,269,223,46,0,0,0,0,74,54,38,0,0,178,91,0
Alabama,Clay,2020,105,83,22,0,0,0,0,88,56,34,0,0,0,105,0
Alabama,DeKalb,2020,364,332,32,0,0,0,0,91,49,37,0,0,309,55,0
Alabama,Elmore,2020,197,197,0,0,0,0,0,47,41,31,0,0,197,0,0
Alabama,Etowah,2020,276,239,37,0,0,0,0,93,53,36,0,0,191,85,0
Alabama,Jefferson,2020,366,119,244,3,0,0,0,129,70,54,0,0,58,308,0
Alabama,Lawrence,2020,90,84,6,0,0,0,0,78,48,24,0,0,0,90,0
Alabama,Madison,2020,364,210,154,0,0,0,0,89,59,47,0,0,72,288,4
Alabama,Mobile,2020,348,188,160,0,0,0,0,78,62,49,0,0,84,264,0
Alabama,Montgomery,2020,361,70,289,2,0,0,0,116,70,58,0,0,18,343,0
Alabama,Morgan,2020,355,251,104,0,0,0,0,75,58,41,0,0,96,259,0
Alabama,Russell,2020,365,236,129,0,0,0,0,99,61,44,0,0,49,316,0
Alabama,Shelby,2020,241,232,9,0,0,0,0,67,46,34,0,0,241,0,0
Alabama,Sumter,2020,355,314,41,0,0,0,0,74,51,33,0,0,139,216,0
Alabama,Tuscaloosa,2020,278,247,31,0,0,0,0,97,52,34,0,0,186,92,0
Alaska,Aleutians East ,2020,121,121,0,0,0,0,0,41,29,11,0,0,0,121,0
Alaska,Anchorage ,2020,366,294,72,0,0,0,0,92,55,27,6,0,0,267,93
Alaska,Bethel ,2020,167,165,2,0,0,0,0,56,24,7,0,0,0,30,137
Alaska,Denali ,2020,358,356,2,0,0,0,0,54,42,33,0,0,353,5,0
Alaska,Fairbanks North Star ,2020,366,231,98,17,20,0,0,177,106,39,0,0,76,287,3
Alaska,Juneau ,2020,361,320,40,1,0,0,0,101,52,19,0,0,0,336,25
Alaska,Kenai Peninsula ,2020,122,120,2,0,0,0,0,53,19,10,0,0,0,122,0
Alaska,Matanuska-Susitna ,2020,359,317,41,1,0,0,0,103,53,17,0,0,0,303,56
Alaska,North Slope ,2020,112,111,1,0,0,0,0,54,16,6,0,0,0,112,0
Arizona,Apache,2020,364,356,8,0,0,0,0,63,30,14,0,0,0,53,311
Arizona,Cochise,2020,366,271,93,2,0,0,0,108,61,45,0,0,301,4,61
Arizona,Coconino,2020,366,302,64,0,0,0,0,93,58,44,0,0,345,21,0
Arizona,Gila,2020,366,256,99,8,3,0,0,174,74,44,0,0,338,1,27
Arizona,La Paz,2020,366,292,72,2,0,0,0,125,58,44,0,0,350,9,7
Arizona,Maricopa,2020,366,11,154,60,66,75,0,282,216,112,0,0,271,63,32
Arizona,Mohave,2020,358,348,9,1,0,0,0,116,36,19,0,0,0,51,307
Arizona,Navajo,2020,366,314,50,2,0,0,0,136,54,43,0,0,359,4,3
Arizona,Pima,2020,366,124,229,12,0,1,0,277,77,55,0,0,169,99,98
Arizona,Pinal,2020,366,86,196,74,8,0,2,1194,121,73,0,0,123,60,183
Arizona,Santa Cruz,2020,360,208,147,4,1,0,0,170,71,44,0,0,0,303,57
Arizona,Yavapai,2020,331,265,65,1,0,0,0,119,61,45,0,0,331,0,0
Arizona,Yuma,2020,366,206,157,2,0,0,1,319,70,49,0,0,174,152,40
Arkansas,Arkansas,2020,119,84,35,0,0,0,0,84,56,36,0,0,0,119,0
Arkansas,Ashley,2020,122,91,31,0,0,0,0,91,56,37,0,0,0,122,0
Arkansas,Clark,2020,342,341,1,0,0,0,0,67,40,29,0,0,342,0,0
Arkansas,Crittenden,2020,366,244,119,3,0,0,0,115,60,45,0,3,104,259,0
Arkansas,Garland,2020,121,79,42,0,0,0,0,85,58,39,0,0,0,121,0
Arkansas,Jackson,2020,122,92,30,0,0,0,0,79,57,34,0,0,0,122,0
Arkansas,Newton,2020,364,352,12,0,0,0,0,84,46,35,0,0,343,21,0
Arkansas,Polk,2020,359,322,37,0,0,0,0,84,51,37,0,0,299,60,0
Arkansas,Pulaski,2020,366,186,178,2,0,0,0,132,64,50,0,3,68,295,0
Arkansas,Union,2020,121,74,47,0,0,0,0,90,57,45,0,0,0,121,0
Arkansas,Washington,2020,366,251,114,1,0,0,0,150,58,44,0,0,129,237,0
California,Alameda,2020,366,169,177,8,11,1,0,243,81,52,0,6,87,273,0
California,Amador,2020,359,327,29,2,1,0,0,156,50,37,0,0,359,0,0
California,Butte,2020,366,149,178,18,16,3,2,508,110,54,0,0,159,204,3
California,Calaveras,2020,364,206,135,10,12,1,0,210,79,48,0,0,182,177,5
California,Colusa,2020,366,218,116,9,22,1,0,221,87,42,0,0,148,190,28
California,Contra Costa,2020,366,192,156,7,10,1,0,221,75,49,0,2,107,257,0
California,Del Norte,2020,292,193,90,4,3,2,0,245,61,42,0,0,0,292,0
California,El Dorado,2020,366,256,87,17,6,0,0,190,90,43,0,0,346,13,7
California,Fresno,2020,366,75,192,59,31,8,1,346,154,76,0,0,149,204,13
California,Glenn,2020,364,200,135,7,19,3,0,221,84,46,0,0,151,202,11
California,Humboldt,2020,366,318,45,3,0,0,0,109,53,29,0,0,225,80,61
California,Imperial,2020,366,94,244,26,2,0,0,166,97,60,0,1,153,146,66
California,Inyo,2020,366,158,153,23,16,8,8,705,130,57,0,0,218,128,20
California,Kern,2020,366,56,180,98,28,4,0,267,140,83,0,0,184,166,16
California,Kings,2020,366,76,220,54,13,2,1,548,124,70,0,0,118,199,49
California,Lake,2020,351,341,6,1,3,0,0,190,44,32,0,0,324,25,2
California,Los Angeles,2020,366,35,194,77,43,17,0,250,166,85,0,9,180,175,2
California,Madera,2020,366,104,209,34,15,4,0,275,113,64,0,0,173,174,19
California,Marin,2020,366,272,85,4,4,1,0,231,62,36,0,8,148,210,0
California,Mariposa,2020,366,195,123,27,10,6,5,1073,111,49,0,0,275,84,7
California,Mendocino,2020,366,240,103,10,10,0,3,716,79,40,0,0,112,252,2
California,Merced,2020,366,131,203,17,15,0,0,194,96,57,0,0,164,201,1
California,Mono,2020,366,183,117,13,14,11,28,2088,224,51,0,0,0,331,35
California,Monterey,2020,366,259,92,4,8,3,0,275,64,39,0,0,171,171,24
California,Napa,2020,365,259,91,7,7,1,0,224,66,39,3,0,163,199,0
California,Nevada,2020,366,223,111,15,11,6,0,277,91,46,0,0,173,193,0
California,Orange,2020,366,118,207,28,11,2,0,218,108,56,0,4,153,207,2
California,Placer,2020,366,130,195,20,15,6,0,247,108,57,0,0,181,177,8
California,Plumas,2020,360,135,175,16,17,10,7,755,146,56,0,0,0,360,0
California,Riverside,2020,366,42,179,98,36,9,2,584,159,87,0,0,211,124,31
California,Sacramento,2020,366,145,185,17,16,3,0,226,100,55,0,0,166,191,9
California,San Benito,2020,366,271,78,8,9,0,0,174,68,41,0,0,241,117,8
California,San Bernardino,2020,366,33,170,76,69,18,0,236,185,93,0,6,219,128,13
California,San Diego,2020,366,33,284,35,14,0,0,192,108,74,0,0,100,263,3
California,San Francisco,2020,366,227,131,3,4,1,0,223,67,42,0,5,118,243,0
California,San Joaquin,2020,366,162,173,16,13,2,0,215,97,54,0,0,129,223,14
California,San Luis Obispo,2020,366,161,174,21,7,1,2,334,90,53,0,0,179,181,6
California,San Mateo,2020,366,257,99,5,5,0,0,199,64,37,0,11,136,219,0
California,Santa Barbara,2020,366,199,154,9,4,0,0,174,68,48,0,0,156,207,3
California,Santa Clara,2020,366,174,172,11,9,0,0,198,81,52,0,3,107,256,0
California,Santa Cruz,2020,366,261,85,6,10,1,3,624,68,39,0,0,138,228,0
California,Shasta,2020,366,286,72,6,2,0,0,171,67,41,0,0,325,41,0
California,Siskiyou,2020,366,272,71,10,9,2,2,468,66,39,0,0,210,156,0
California,Solano,2020,366,183,167,9,6,1,0,228,77,51,0,0,125,240,1
California,Sonoma,2020,366,290,69,1,6,0,0,199,57,36,0,1,166,192,7
California,Stanislaus,2020,366,131,198,21,16,0,0,195,102,60,0,1,169,182,14
California,Sutter,2020,366,162,173,15,13,2,1,356,90,53,0,0,140,222,4
California,Tehama,2020,366,216,117,12,19,2,0,218,94,46,0,0,214,152,0
California,Trinity,2020,343,215,100,12,13,3,0,211,81,36,0,0,0,343,0
California,Tulare,2020,366,52,179,103,30,2,0,225,145,80,0,0,164,190,12
California,Tuolumne,2020,353,277,71,5,0,0,0,143,64,41,0,0,353,0,0
California,Ventura,2020,366,185,155,21,5,0,0,174,90,50,0,0,239,119,8
California,Yolo,2020,366,215,123,14,13,1,0,209,86,45,0,1,168,197,0
Colorado,Adams,2020,366,192,162,11,1,0,0,151,74,49,0,60,163,97,46
Colorado,Alamosa,2020,119,112,7,0,0,0,0,65,40,14,0,0,0,119,0
Colorado,Arapahoe,2020,366,243,112,9,2,0,0,159,77,46,0,0,350,16,0
Colorado,Archuleta,2020,365,302,63,0,0,0,0,93,58,43,0,0,319,0,46
Colorado,Boulder,2020,366,173,172,19,2,0,0,181,84,51,0,0,213,152,1
Colorado,Chaffee,2020,69,37,29,3,0,0,0,101,84,50,0,0,69,0,0
Colorado,Clear Creek,2020,239,140,87,10,2,0,0,156,84,49,0,0,239,0,0
Colorado,Delta,2020,365,312,53,0,0,0,0,97,54,41,0,0,304,61,0
Colorado,Denver,2020,366,137,212,17,0,0,0,150,80,53,0,83,115,167,1
Colorado,Douglas,2020,361,221,123,14,3,0,0,159,80,47,0,0,285,76,0
Colorado,El Paso,2020,366,241,118,6,1,0,0,151,74,46,0,0,318,48,0
Colorado,Fremont,2020,17,17,0,0,0,0,0,27,20,11,0,0,0,0,17
Colorado,Garfield,2020,366,232,129,5,0,0,0,150,75,48,0,0,347,19,0
Colorado,Gilpin,2020,357,278,70,9,0,0,0,136,67,45,0,0,357,0,0
Colorado,Grand,2020,175,134,39,2,0,0,0,112,71,45,0,0,175,0,0
Colorado,Gunnison,2020,335,270,62,3,0,0,0,115,58,44,0,0,335,0,0
Colorado,Jackson,2020,81,73,8,0,0,0,0,85,41,7,0,0,0,81,0
Colorado,Jefferson,2020,366,231,108,23,4,0,0,161,90,46,0,0,366,0,0
Colorado,La Plata,2020,366,273,91,2,0,0,0,133,61,45,0,0,326,40,0
Colorado,Larimer,2020,366,197,147,20,2,0,0,159,89,49,0,0,291,75,0
Colorado,Mesa,2020,366,262,101,3,0,0,0,108,64,44,0,0,255,110,1
Colorado,Montezuma,2020,366,301,63,2,0,0,0,126,58,44,0,0,366,0,0
Colorado,Park,2020,343,187,146,8,2,0,0,161,74,50,0,0,343,0,0
Colorado,Pitkin,2020,120,116,4,0,0,0,0,72,34,12,0,0,0,52,68
Colorado,Prowers,2020,350,327,19,1,2,1,0,238,42,17,0,0,0,0,350
Colorado,Pueblo,2020,96,84,12,0,0,0,0,67,52,22,0,0,0,65,31
Colorado,Rio Blanco,2020,365,263,99,3,0,0,0,115,57,45,0,1,185,179,0
Colorado,Routt,2020,358,353,5,0,0,0,0,68,29,14,0,0,0,0,358
Colorado,San Juan,2020,119,115,4,0,0,0,0,73,31,9,0,0,0,119,0
Colorado,San Miguel,2020,247,155,90,2,0,0,0,136,67,48,0,0,191,0,56
Colorado,Weld,2020,366,166,187,13,0,0,0,140,84,52,0,1,223,142,0
Connecticut,Fairfield,2020,366,217,136,12,1,0,0,161,80,47,0,6,150,210,0
Connecticut,Hartford,2020,366,255,111,0,0,0,0,98,60,42,1,11,145,209,0
Connecticut,Litchfield,2020,362,300,62,0,0,0,0,84,54,39,2,0,250,110,0
Connecticut,Middlesex,2020,208,182,24,2,0,0,0,129,54,39,0,0,208,0,0
Connecticut,New Haven,2020,366,210,143,11,2,0,0,174,77,46,1,7,158,198,2
Connecticut,New London,2020,365,274,87,3,1,0,0,172,61,41,0,0,149,216,0
Connecticut,Tolland,2020,206,192,14,0,0,0,0,93,48,39,0,0,206,0,0
Connecticut,Windham,2020,356,345,11,0,0,0,0,87,44,35,0,0,356,0,0
Country Of Mexico,BAJA CALIFORNIA NORTE,2020,92,0,37,35,20,0,0,185,158,115,0,0,0,92,0
Country Of Mexico,SONORA,2020,146,125,20,1,0,0,0,101,64,41,0,0,146,0,0
Delaware,Kent,2020,362,296,66,0,0,0,0,80,54,39,0,0,208,154,0
Delaware,New Castle,2020,366,231,133,2,0,0,0,105,63,46,0,3,139,224,0
Delaware,Sussex,2020,366,286,80,0,0,0,0,87,56,42,0,0,190,176,0
District Of Columbia,District of Columbia,2020,366,248,117,0,1,0,0,171,58,44,0,25,138,203,0
Florida,Alachua,2020,366,274,91,1,0,0,0,105,56,42,0,0,100,266,0
Florida,Baker,2020,363,283,78,2,0,0,0,140,55,40,0,0,137,226,0
Florida,Bay,2020,363,210,151,2,0,0,0,146,62,47,0,0,92,271,0
Florida,Brevard,2020,366,265,101,0,0,0,0,85,57,43,0,0,142,224,0
Florida,Broward,2020,366,192,172,2,0,0,0,142,60,49,0,0,59,307,0
Florida,Citrus,2020,359,241,117,1,0,0,0,125,59,43,0,0,0,359,0
Florida,Collier,2020,364,267,97,0,0,0,0,87,58,41,0,0,73,291,0
Florida,Columbia,2020,311,197,111,1,2,0,0,160,61,44,0,0,38,273,0
Florida,Duval,2020,366,162,201,3,0,0,0,125,63,52,0,0,38,328,0
Florida,Escambia,2020,360,176,184,0,0,0,0,82,63,51,0,0,82,278,0
Florida,Flagler,2020,366,363,3,0,0,0,0,64,43,31,0,0,366,0,0
Florida,Hamilton,2020,298,190,106,1,1,0,0,155,58,46,0,0,0,298,0
Florida,Highlands,2020,358,345,13,0,0,0,0,74,44,31,0,0,358,0,0
Florida,Hillsborough,2020,366,176,187,3,0,0,0,112,63,52,0,0,65,300,1
Florida,Holmes,2020,363,221,139,3,0,0,0,138,59,47,0,0,56,307,0
Florida,Indian River,2020,338,323,15,0,0,0,0,87,47,37,0,0,338,0,0
Florida,Lake,2020,366,354,12,0,0,0,0,87,45,32,0,0,366,0,0
Florida,Lee,2020,366,284,82,0,0,0,0,100,55,39,0,0,176,190,0
Florida,Leon,2020,366,185,178,2,1,0,0,163,63,49,0,0,33,333,0
Florida,Liberty,2020,358,356,2,0,0,0,0,51,44,31,0,0,358,0,0
Florida,Manatee,2020,366,355,11,0,0,0,0,97,44,33,0,0,366,0,0
Florida,Marion,2020,366,229,137,0,0,0,0,100,59,46,0,0,66,300,0
Florida,Martin,2020,365,275,90,0,0,0,0,96,57,42,0,0,93,272,0
Florida,Miami-Dade,2020,366,226,140,0,0,0,0,90,62,45,0,1,63,302,0
Florida,Nassau,2020,43,35,8,0,0,0,0,57,53,42,0,0,0,43,0
Florida,Okaloosa,2020,364,355,9,0,0,0,0,74,46,34,0,0,334,0,30
Florida,Orange,2020,366,354,12,0,0,0,0,93,45,34,0,0,366,0,0
Florida,Osceola,2020,366,354,12,0,0,0,0,90,44,32,0,0,366,0,0
Florida,Palm Beach,2020,361,267,94,0,0,0,0,93,58,42,0,0,121,222,18
Florida,Pasco,2020,366,355,11,0,0,0,0,77,46,35,0,0,366,0,0
Florida,Pinellas,2020,366,226,140,0,0,0,0,100,60,46,0,0,76,290,0
Florida,Polk,2020,365,252,113,0,0,0,0,87,59,42,0,0,105,258,2
Florida,Putnam,2020,366,365,1,0,0,0,0,67,27,14,0,0,0,0,366
Florida,Santa Rosa,2020,365,223,142,0,0,0,0,86,61,47,0,0,100,265,0
Florida,Sarasota,2020,366,244,122,0,0,0,0,90,60,44,0,0,88,278,0
Florida,Seminole,2020,365,287,78,0,0,0,0,84,55,40,0,0,135,227,3
Florida,St. Lucie,2020,360,351,9,0,0,0,0,74,44,33,0,0,360,0,0
Florida,Volusia,2020,362,252,110,0,0,0,0,77,56,44,0,0,116,246,0
Florida,Wakulla,2020,363,265,96,0,2,0,0,164,58,41,4,0,102,257,0
Georgia,Bibb,2020,366,262,104,0,0,0,0,97,57,42,0,0,61,305,0
Georgia,Charlton,2020,120,111,8,1,0,0,0,139,45,26,0,0,0,120,0
Georgia,Chatham,2020,365,232,132,1,0,0,0,131,59,46,0,0,47,318,0
Georgia,Chattooga,2020,245,244,1,0,0,0,0,58,43,32,0,0,245,0,0
Georgia,Clarke,2020,366,249,117,0,0,0,0,99,59,44,0,0,80,286,0
Georgia,Clayton,2020,121,86,35,0,0,0,0,91,59,38,0,0,0,121,0
Georgia,Cobb,2020,285,243,42,0,0,0,0,91,54,36,0,0,195,90,0
Georgia,Coffee,2020,120,99,20,1,0,0,0,108,53,33,0,0,0,120,0
Georgia,Columbia,2020,241,239,2,0,0,0,0,51,44,31,0,0,241,0,0
Georgia,Dawson,2020,245,239,6,0,0,0,0,74,43,31,0,0,245,0,0
Georgia,DeKalb,2020,366,215,150,1,0,0,0,106,61,46,0,14,64,288,0
Georgia,Dougherty,2020,366,194,170,2,0,0,0,114,65,49,0,0,0,366,0
Georgia,Douglas,2020,245,238,7,0,0,0,0,77,44,32,0,0,245,0,0
Georgia,Floyd,2020,327,208,119,0,0,0,0,82,58,42,0,0,0,327,0
Georgia,Fulton,2020,366,166,198,2,0,0,0,125,66,52,0,3,37,326,0
Georgia,Glynn,2020,285,256,29,0,0,0,0,97,51,33,0,0,198,87,0
Georgia,Gwinnett,2020,364,246,117,1,0,0,0,101,60,43,0,0,95,269,0
Georgia,Hall,2020,360,221,139,0,0,0,0,99,60,44,0,0,0,360,0
Georgia,Henry,2020,366,291,75,0,0,0,0,96,55,36,0,0,116,250,0
Georgia,Houston,2020,363,202,160,1,0,0,0,114,62,47,0,0,0,363,0
Georgia,Lowndes,2020,202,143,58,1,0,0,0,141,60,40,0,0,0,202,0
Georgia,Murray,2020,272,257,15,0,0,0,0,61,46,34,0,0,227,45,0
Georgia,Muscogee,2020,366,257,108,1,0,0,0,101,59,42,0,0,84,282,0
Georgia,Pike,2020,354,351,3,0,0,0,0,64,44,33,0,0,354,0,0
Georgia,Richmond,2020,366,175,190,1,0,0,0,114,64,51,0,0,44,307,15
Georgia,Rockdale,2020,244,232,12,0,0,0,0,77,46,34,0,0,244,0,0
Georgia,Sumter,2020,240,237,3,0,0,0,0,64,44,32,0,0,240,0,0
Georgia,Walker,2020,177,118,59,0,0,0,0,86,58,41,0,0,0,177,0
Georgia,Washington,2020,354,230,122,2,0,0,0,112,59,43,0,0,0,354,0
Hawaii,Hawaii,2020,366,352,14,0,0,0,0,83,41,23,0,0,0,366,0
Hawaii,Honolulu,2020,366,363,3,0,0,0,0,63,38,28,0,1,229,133,3
Hawaii,Kauai,2020,365,361,4,0,0,0,0,52,32,15,0,69,0,296,0
Hawaii,Maui,2020,349,343,6,0,0,0,0,61,31,21,0,0,0,349,0
Idaho,Ada,2020,366,242,106,11,7,0,0,198,76,44,0,8,170,187,1
Idaho,Bannock,2020,362,284,72,2,4,0,0,165,61,38,0,0,135,165,62
Idaho,Benewah,2020,366,218,139,2,3,3,1,492,69,42,0,0,0,366,0
Idaho,Blaine,2020,365,323,34,6,2,0,0,172,53,19,0,0,0,365,0
Idaho,Boise,2020,366,199,155,6,5,1,0,223,72,46,0,0,0,366,0
Idaho,Bonner,2020,365,283,72,5,5,0,0,190,58,32,0,0,0,316,49
Idaho,Bonneville,2020,362,298,59,1,4,0,0,155,56,28,0,0,0,362,0
Idaho,Butte,2020,364,334,28,1,1,0,0,152,50,40,0,0,352,12,0
Idaho,Canyon,2020,366,210,140,10,6,0,0,158,76,42,0,0,0,352,14
Idaho,Custer,2020,115,105,7,3,0,0,0,126,38,7,0,0,0,115,0
Idaho,Franklin,2020,365,297,65,2,1,0,0,162,58,26,0,0,0,365,0
Idaho,Idaho,2020,366,244,113,3,5,1,0,209,64,40,0,0,127,239,0
Idaho,Jerome,2020,213,213,0,0,0,0,0,49,26,13,0,0,0,213,0
Idaho,Kootenai,2020,354,288,58,1,2,4,1,518,55,26,0,0,0,354,0
Idaho,Latah,2020,361,319,35,0,1,4,2,415,52,21,0,0,0,361,0
Idaho,Lemhi,2020,365,194,160,8,3,0,0,168,80,46,0,0,0,365,0
Idaho,Nez Perce,2020,366,279,76,4,0,6,1,475,63,28,0,0,0,366,0
Idaho,Shoshone,2020,366,221,138,0,3,3,1,440,68,41,0,0,0,364,2
Idaho,Twin Falls,2020,364,313,44,3,4,0,0,163,56,24,0,0,0,364,0
Idaho,Valley,2020,329,205,117,5,1,1,0,211,68,40,0,0,0,329,0
Illinois,Adams,2020,244,220,24,0,0,0,0,84,50,38,0,0,244,0,0
Illinois,Champaign,2020,366,250,114,2,0,0,0,126,61,44,0,0,156,210,0
Illinois,Clark,2020,363,347,16,0,0,0,0,97,45,31,0,0,363,0,0
Illinois,Cook,2020,366,86,260,16,4,0,0,164,84,58,0,5,73,263,25
Illinois,DuPage,2020,366,213,149,3,1,0,0,154,64,47,0,0,114,252,0
Illinois,Effingham,2020,166,156,10,0,0,0,0,84,48,37,0,0,166,0,0
Illinois,Hamilton,2020,353,223,129,1,0,0,0,118,61,46,0,0,94,259,0
Illinois,Jersey,2020,358,258,99,1,0,0,0,112,58,44,0,0,144,214,0
Illinois,Jo Daviess,2020,353,337,16,0,0,0,0,87,44,32,0,0,353,0,0
Illinois,Kane,2020,279,204,68,6,1,0,0,161,66,42,0,0,193,86,0
Illinois,Lake,2020,241,199,31,10,1,0,0,185,74,39,0,0,241,0,0
Illinois,Macon,2020,362,214,148,0,0,0,0,90,60,46,0,0,100,262,0
Illinois,Macoupin,2020,364,346,18,0,0,0,0,93,45,31,0,129,235,0,0
Illinois,Madison,2020,365,129,233,3,0,0,0,112,71,54,0,0,91,273,1
Illinois,McHenry,2020,334,192,133,9,0,0,0,147,62,47,0,0,107,227,0
Illinois,McLean,2020,364,207,154,3,0,0,0,136,61,48,0,0,111,253,0
Illinois,Peoria,2020,364,247,116,1,0,0,0,115,61,44,0,0,169,195,0
Illinois,Randolph,2020,366,243,121,2,0,0,0,103,59,44,0,0,113,253,0
Illinois,Rock Island,2020,355,234,120,1,0,0,0,102,61,43,0,0,109,246,0
Illinois,Saint Clair,2020,365,260,105,0,0,0,0,100,60,42,0,73,111,181,0
Illinois,Sangamon,2020,364,254,110,0,0,0,0,97,58,44,0,0,153,211,0
Illinois,Will,2020,363,183,176,3,1,0,0,156,64,50,0,0,79,284,0
Illinois,Winnebago,2020,366,205,160,1,0,0,0,101,64,47,0,0,84,282,0
Indiana,Allen,2020,366,232,132,2,0,0,0,120,61,45,0,0,150,216,0
Indiana,Bartholomew,2020,366,275,91,0,0,0,0,97,57,41,0,0,191,175,0
Indiana,Boone,2020,352,330,20,2,0,0,0,101,48,32,0,0,352,0,0
Indiana,Brown,2020,364,349,15,0,0,0,0,80,44,33,0,0,364,0,0
Indiana,Carroll,2020,364,352,12,0,0,0,0,100,44,31,0,0,364,0,0
Indiana,Clark,2020,366,186,180,0,0,0,0,92,62,50,0,0,77,289,0
Indiana,Delaware,2020,365,303,62,0,0,0,0,97,55,35,0,0,291,74,0
Indiana,Dubois,2020,123,78,45,0,0,0,0,71,59,44,0,0,0,121,2
Indiana,Elkhart,2020,366,254,110,0,2,0,0,161,58,42,0,0,139,227,0
Indiana,Floyd,2020,363,347,15,1,0,0,0,143,44,32,0,0,363,0,0
Indiana,Greene,2020,361,312,49,0,0,0,0,90,54,36,0,0,292,69,0
Indiana,Hamilton,2020,366,247,119,0,0,0,0,97,59,44,0,0,155,211,0
Indiana,Hendricks,2020,366,348,18,0,0,0,0,87,45,32,0,0,366,0,0
Indiana,Henry,2020,118,87,31,0,0,0,0,67,57,39,0,0,0,118,0
Indiana,Howard,2020,366,266,99,1,0,0,0,108,58,42,0,0,207,159,0
Indiana,Knox,2020,351,328,22,1,0,0,0,105,48,33,0,0,351,0,0
Indiana,LaPorte,2020,366,291,68,6,1,0,0,154,63,38,0,0,309,57,0
Indiana,Lake,2020,366,161,199,6,0,0,0,136,68,52,0,1,86,275,4
Indiana,Madison,2020,366,233,133,0,0,0,0,97,59,44,0,0,127,239,0
Indiana,Marion,2020,366,110,250,6,0,0,0,144,72,55,0,0,56,309,1
Indiana,Monroe,2020,357,240,117,0,0,0,0,72,57,41,0,0,0,357,0
Indiana,Perry,2020,366,352,13,1,0,0,0,105,45,34,0,0,366,0,0
Indiana,Porter,2020,366,247,113,5,1,0,0,151,61,43,0,0,193,165,8
Indiana,Posey,2020,355,336,18,1,0,0,0,112,45,31,0,0,355,0,0
Indiana,Shelby,2020,366,347,18,1,0,0,0,115,46,32,0,0,366,0,0
Indiana,Spencer,2020,122,80,42,0,0,0,0,67,58,42,0,0,0,122,0
Indiana,St. Joseph,2020,366,207,154,4,1,0,0,166,65,47,0,0,137,229,0
Indiana,Sullivan,2020,31,23,8,0,0,0,0,59,57,39,0,0,0,31,0
Indiana,Tippecanoe,2020,348,167,181,0,0,0,0,73,61,51,0,0,0,348,0
Indiana,Vanderburgh,2020,366,248,116,2,0,0,0,101,61,43,0,0,174,192,0
Indiana,Vigo,2020,366,223,142,1,0,0,0,112,61,46,0,0,135,231,0
Indiana,Wabash,2020,363,337,26,0,0,0,0,97,49,35,0,0,363,0,0
Indiana,Warrick,2020,366,347,17,2,0,0,0,112,47,33,0,0,366,0,0
Indiana,Whitley,2020,336,160,176,0,0,0,0,79,61,51,0,0,0,336,0
Iowa,Black Hawk,2020,366,239,127,0,0,0,0,92,59,42,0,0,0,366,0
Iowa,Bremer,2020,244,232,12,0,0,0,0,87,45,35,0,0,244,0,0
Iowa,Cerro Gordo,2020,122,120,2,0,0,0,0,60,37,18,0,0,0,0,122
Iowa,Clinton,2020,324,199,125,0,0,0,0,87,62,45,0,0,125,199,0
Iowa,Harrison,2020,242,223,19,0,0,0,0,87,49,37,0,0,242,0,0
Iowa,Johnson,2020,362,207,154,1,0,0,0,105,63,47,0,0,0,362,0
Iowa,Lee,2020,118,83,35,0,0,0,0,76,58,40,0,0,0,118,0
Iowa,Linn,2020,366,207,158,1,0,0,0,105,63,47,0,0,78,288,0
Iowa,Montgomery,2020,366,277,89,0,0,0,0,79,57,41,0,0,121,245,0
Iowa,Muscatine,2020,366,245,120,1,0,0,0,124,59,40,0,0,0,366,0
Iowa,Palo Alto,2020,366,273,93,0,0,0,0,87,57,40,0,0,151,215,0
Iowa,Polk,2020,366,261,103,0,2,0,0,199,59,42,0,4,125,237,0
Iowa,Pottawattamie,2020,124,85,39,0,0,0,0,80,58,41,0,0,0,121,3
Iowa,Scott,2020,366,173,190,2,1,0,0,156,66,52,0,0,73,215,78
Iowa,Van Buren,2020,366,281,85,0,0,0,0,87,55,39,0,0,148,218,0
Iowa,Woodbury,2020,122,92,30,0,0,0,0,81,56,39,0,0,0,122,0
Kansas,Chase,2020,121,110,11,0,0,0,0,63,47,24,0,0,0,121,0
Kansas,Ford,2020,302,297,5,0,0,0,0,79,29,11,0,0,0,0,302
Kansas,Johnson,2020,365,250,114,1,0,0,0,117,61,41,0,0,142,221,2
Kansas,Leavenworth,2020,366,356,10,0,0,0,0,77,44,32,0,0,366,0,0
Kansas,Neosho,2020,366,235,129,2,0,0,0,106,59,44,0,0,108,250,8
Kansas,Sedgwick,2020,366,296,67,3,0,0,0,114,56,40,0,3,251,104,8
Kansas,Shawnee,2020,366,227,135,2,2,0,0,169,61,44,0,0,128,235,3
Kansas,Sherman,2020,303,282,20,1,0,0,0,106,44,13,0,0,0,0,303
Kansas,Sumner,2020,366,231,132,3,0,0,0,117,63,45,0,0,123,229,14
Kansas,Trego,2020,365,307,57,1,0,0,0,147,54,38,0,0,260,96,9
Kansas,Wyandotte,2020,366,146,215,5,0,0,0,116,67,53,0,0,58,305,3
Kentucky,Bell,2020,263,242,21,0,0,0,0,74,48,34,0,0,215,48,0
Kentucky,Boone,2020,242,218,24,0,0,0,0,87,50,36,0,0,242,0,0
Kentucky,Boyd,2020,366,285,81,0,0,0,0,89,57,41,0,2,115,248,1
Kentucky,Bullitt,2020,240,224,15,1,0,0,0,115,48,37,0,0,240,0,0
Kentucky,Campbell,2020,366,246,120,0,0,0,0,93,59,43,0,0,117,249,0
Kentucky,Carter,2020,285,273,12,0,0,0,0,64,45,33,0,0,209,75,1
Kentucky,Christian,2020,320,249,71,0,0,0,0,85,56,41,0,0,179,141,0
Kentucky,Daviess,2020,366,254,111,1,0,0,0,105,59,43,0,1,126,239,0
Kentucky,Edmonson,2020,365,350,15,0,0,0,0,64,46,33,4,0,323,38,0
Kentucky,Fayette,2020,366,258,108,0,0,0,0,86,57,42,0,5,114,247,0
Kentucky,Greenup,2020,243,241,2,0,0,0,0,61,44,33,0,0,243,0,0
Kentucky,Hancock,2020,245,233,12,0,0,0,0,97,47,37,0,0,245,0,0
Kentucky,Hardin,2020,366,268,98,0,0,0,0,80,56,43,0,0,126,240,0
Kentucky,Jefferson,2020,366,151,208,7,0,0,0,115,64,52,0,3,89,274,0
Kentucky,Jessamine,2020,243,232,11,0,0,0,0,77,47,37,0,0,243,0,0
Kentucky,Livingston,2020,248,235,12,1,0,0,0,105,47,37,0,0,239,0,9
Kentucky,McCracken,2020,366,239,126,1,0,0,0,111,61,44,0,4,102,260,0
Kentucky,Morgan,2020,365,361,4,0,0,0,0,64,44,33,0,0,365,0,0
Kentucky,Oldham,2020,239,218,21,0,0,0,0,97,49,38,0,0,239,0,0
Kentucky,Perry,2020,364,278,86,0,0,0,0,99,55,39,0,0,97,267,0
Kentucky,Pike,2020,365,310,55,0,0,0,0,93,53,37,0,0,111,254,0
Kentucky,Pulaski,2020,283,246,37,0,0,0,0,77,52,38,0,0,196,87,0
Kentucky,Simpson,2020,221,217,4,0,0,0,0,67,46,36,0,0,221,0,0
Kentucky,Trigg,2020,362,350,12,0,0,0,0,84,45,34,0,0,362,0,0
Kentucky,Warren,2020,366,237,129,0,0,0,0,97,58,44,0,0,76,290,0
Kentucky,Washington,2020,364,352,12,0,0,0,0,77,46,34,0,0,364,0,0
Louisiana,Ascension,2020,364,350,14,0,0,0,0,100,46,31,0,6,358,0,0
Louisiana,Bossier,2020,362,269,92,1,0,0,0,105,58,40,0,0,172,184,6
Louisiana,Caddo,2020,349,289,59,1,0,0,0,126,55,36,0,0,255,94,0
Louisiana,Calcasieu,2020,349,179,169,1,0,0,0,116,64,49,0,2,96,251,0
Louisiana,East Baton Rouge,2020,366,236,127,3,0,0,0,119,59,45,0,2,118,246,0
Louisiana,Iberville,2020,366,306,57,3,0,0,0,136,56,38,0,0,302,64,0
Louisiana,Jefferson,2020,366,280,86,0,0,0,0,87,59,40,0,1,184,181,0
Louisiana,Lafayette,2020,364,203,160,1,0,0,0,120,62,45,0,0,124,240,0
Louisiana,Lafourche,2020,366,212,153,1,0,0,0,115,61,48,0,0,71,295,0
Louisiana,Livingston,2020,355,206,148,1,0,0,0,105,62,47,0,0,85,270,0
Louisiana,Orleans,2020,366,297,69,0,0,0,0,90,55,33,2,65,0,293,6
Louisiana,Ouachita,2020,362,324,37,1,0,0,0,111,51,34,0,0,289,73,0
Louisiana,Pointe Coupee,2020,362,343,19,0,0,0,0,100,45,32,0,0,362,0,0
Louisiana,Rapides,2020,121,95,25,1,0,0,0,103,56,34,0,0,0,121,0
Louisiana,St. Bernard,2020,357,229,128,0,0,0,0,86,58,44,0,0,138,218,1
Louisiana,St. James,2020,357,351,6,0,0,0,0,90,44,29,0,0,357,0,0
Louisiana,St. John the Baptist,2020,351,341,10,0,0,0,0,80,45,31,0,0,351,0,0
Louisiana,St. Martin,2020,358,337,21,0,0,0,0,87,48,33,0,0,358,0,0
Louisiana,St. Tammany,2020,364,268,96,0,0,0,0,90,57,39,0,0,179,185,0
Louisiana,Tangipahoa,2020,121,88,33,0,0,0,0,68,56,34,0,0,0,121,0
Louisiana,Terrebonne,2020,120,92,28,0,0,0,0,77,56,36,0,0,0,120,0
Louisiana,West Baton Rouge,2020,366,229,134,3,0,0,0,101,61,44,0,4,117,245,0
Maine,Androscoggin,2020,360,327,33,0,0,0,0,70,49,34,0,0,141,217,2
Maine,Aroostook,2020,366,316,49,0,0,1,0,205,53,36,0,0,187,164,15
Maine,Cumberland,2020,366,263,103,0,0,0,0,97,58,42,0,6,149,210,1
Maine,Hancock,2020,366,336,29,1,0,0,0,105,50,36,0,0,348,18,0
Maine,Kennebec,2020,230,221,9,0,0,0,0,67,45,35,0,4,188,38,0
Maine,Knox,2020,148,142,6,0,0,0,0,71,45,31,0,0,148,0,0
Maine,Oxford,2020,324,299,25,0,0,0,0,69,47,36,0,0,177,147,0
Maine,Penobscot,2020,363,338,25,0,0,0,0,76,47,33,0,0,184,177,2
Maine,Washington,2020,353,351,2,0,0,0,0,61,44,33,0,0,344,9,0
Maine,York,2020,235,223,12,0,0,0,0,87,47,39,0,0,235,0,0
Maryland,Anne Arundel,2020,262,235,25,2,0,0,0,108,51,39,0,0,240,0,22
Maryland,Baltimore,2020,365,257,106,2,0,0,0,105,59,43,0,12,177,176,0
Maryland,Baltimore (City),2020,363,293,70,0,0,0,0,97,56,38,0,57,120,185,1
Maryland,Calvert,2020,238,235,3,0,0,0,0,67,44,35,0,0,238,0,0
Maryland,Carroll,2020,242,225,17,0,0,0,0,84,49,39,0,0,242,0,0
Maryland,Cecil,2020,357,309,48,0,0,0,0,97,54,38,0,0,194,163,0
Maryland,Charles,2020,236,235,1,0,0,0,0,58,44,34,0,0,236,0,0
Maryland,Dorchester,2020,365,339,26,0,0,0,0,84,48,36,0,0,309,56,0
Maryland,Frederick,2020,237,217,20,0,0,0,0,90,49,40,0,0,237,0,0
Maryland,Garrett,2020,365,345,20,0,0,0,0,71,47,37,0,0,297,68,0
Maryland,Harford,2020,357,286,70,1,0,0,0,119,58,41,0,0,198,159,0
Maryland,Howard,2020,364,297,67,0,0,0,0,71,54,37,5,48,0,311,0
Maryland,Kent,2020,359,333,26,0,0,0,0,100,48,36,0,0,221,138,0
Maryland,Montgomery,2020,355,310,45,0,0,0,0,77,52,37,0,0,175,180,0
Maryland,Prince George's,2020,366,314,51,1,0,0,0,105,55,39,0,1,239,126,0
Maryland,Washington,2020,359,288,71,0,0,0,0,83,55,40,0,0,172,187,0
Massachusetts,Barnstable,2020,351,339,10,2,0,0,0,108,46,36,0,0,338,13,0
Massachusetts,Berkshire,2020,366,278,88,0,0,0,0,94,57,40,0,0,125,241,0
Massachusetts,Bristol,2020,366,250,113,3,0,0,0,119,58,42,0,0,219,147,0
Massachusetts,Dukes,2020,357,345,11,1,0,0,0,126,46,37,0,0,337,20,0
Massachusetts,Essex,2020,366,282,84,0,0,0,0,97,56,40,0,0,173,193,0
Massachusetts,Franklin,2020,365,246,119,0,0,0,0,96,60,43,0,0,110,255,0
Massachusetts,Hampden,2020,366,249,117,0,0,0,0,99,60,44,0,1,116,249,0
Massachusetts,Hampshire,2020,366,300,66,0,0,0,0,84,54,39,0,9,177,179,1
Massachusetts,Middlesex,2020,366,306,60,0,0,0,0,93,54,39,0,8,178,180,0
Massachusetts,Norfolk,2020,366,330,36,0,0,0,0,74,50,34,0,5,231,130,0
Massachusetts,Plymouth,2020,366,267,99,0,0,0,0,80,56,42,0,0,148,218,0
Massachusetts,Suffolk,2020,366,229,137,0,0,0,0,84,57,45,0,7,59,300,0
Massachusetts,Worcester,2020,366,257,109,0,0,0,0,90,58,43,0,6,120,240,0
Michigan,Allegan,2020,359,275,78,6,0,0,0,136,58,37,0,0,202,157,0
Michigan,Bay,2020,365,325,40,0,0,0,0,77,52,22,0,0,0,365,0
Michigan,Benzie,2020,262,244,16,1,1,0,0,164,47,36,0,0,262,0,0
Michigan,Berrien,2020,258,217,34,7,0,0,0,150,61,38,0,0,258,0,0
Michigan,Cass,2020,253,212,36,5,0,0,0,122,61,39,0,0,253,0,0
Michigan,Clinton,2020,256,244,12,0,0,0,0,93,46,34,0,0,256,0,0
Michigan,Genesee,2020,366,288,77,1,0,0,0,126,57,39,0,0,190,176,0
Michigan,Huron,2020,266,246,13,7,0,0,0,150,48,36,0,0,266,0,0
Michigan,Ingham,2020,366,296,69,0,1,0,0,151,56,37,0,7,190,169,0
Michigan,Kalamazoo,2020,323,239,78,6,0,0,0,115,61,41,0,0,149,174,0
Michigan,Kent,2020,365,267,90,7,1,0,0,154,62,39,0,0,220,145,0
Michigan,Keweenaw,2020,117,116,0,1,0,0,0,124,32,13,0,0,0,117,0
Michigan,Lenawee,2020,366,248,116,2,0,0,0,122,61,42,0,0,134,232,0
Michigan,Macomb,2020,299,252,35,12,0,0,0,126,63,36,0,0,251,48,0
Michigan,Manistee,2020,139,127,12,0,0,0,0,80,50,30,0,0,67,72,0
Michigan,Mason,2020,251,229,20,1,1,0,0,159,49,37,0,0,251,0,0
Michigan,Missaukee,2020,365,248,116,1,0,0,0,105,57,41,0,13,108,244,0
Michigan,Monroe,2020,61,58,3,0,0,0,0,66,40,17,0,0,0,0,61
Michigan,Muskegon,2020,248,210,32,6,0,0,0,143,64,37,0,0,248,0,0
Michigan,Oakland,2020,298,244,48,6,0,0,0,126,61,37,0,0,237,61,0
Michigan,Ottawa,2020,365,303,56,6,0,0,0,150,59,35,0,79,227,56,3
Michigan,Schoolcraft,2020,347,323,21,3,0,0,0,133,48,34,0,0,232,115,0
Michigan,St. Clair,2020,328,247,80,1,0,0,0,105,60,39,0,0,135,193,0
Michigan,Tuscola,2020,343,330,11,2,0,0,0,101,44,32,0,0,343,0,0
Michigan,Washtenaw,2020,366,236,124,5,1,0,0,160,61,43,0,0,150,216,0
Michigan,Wayne,2020,366,118,238,8,2,0,0,188,75,55,0,3,43,316,4
Michigan,Wexford,2020,356,341,15,0,0,0,0,100,44,33,0,0,356,0,0
Minnesota,Anoka,2020,366,289,77,0,0,0,0,87,57,38,0,6,196,163,1
Minnesota,Becker,2020,366,325,40,1,0,0,0,101,51,34,0,0,218,148,0
Minnesota,Beltrami,2020,359,318,41,0,0,0,0,76,51,30,0,0,0,359,0
Minnesota,Carlton,2020,354,347,7,0,0,0,0,84,42,25,0,0,188,166,0
Minnesota,Cass,2020,346,316,30,0,0,0,0,78,46,22,0,0,0,346,0
Minnesota,Cook,2020,345,340,5,0,0,0,0,59,28,13,0,0,0,345,0
Minnesota,Crow Wing,2020,359,338,21,0,0,0,0,79,45,31,0,0,177,182,0
Minnesota,Dakota,2020,366,260,105,1,0,0,0,135,57,40,0,4,0,362,0
Minnesota,Goodhue,2020,210,201,9,0,0,0,0,87,46,35,0,0,210,0,0
Minnesota,Hennepin,2020,366,206,158,1,1,0,0,158,61,48,0,9,12,289,56
Minnesota,Lake,2020,365,344,21,0,0,0,0,71,46,34,0,0,156,209,0
Minnesota,Lyon,2020,360,309,51,0,0,0,0,80,54,35,0,0,167,193,0
Minnesota,Mille Lacs,2020,245,240,5,0,0,0,0,87,44,33,0,0,245,0,0
Minnesota,Olmsted,2020,366,292,73,1,0,0,0,111,56,38,0,0,195,171,0
Minnesota,Ramsey,2020,366,252,113,0,1,0,0,163,58,40,0,0,0,350,16
Minnesota,Saint Louis,2020,366,279,86,1,0,0,0,104,55,40,0,0,119,240,7
Minnesota,Scott,2020,365,307,57,1,0,0,0,121,54,35,0,0,183,182,0
Minnesota,Stearns,2020,366,309,57,0,0,0,0,80,53,36,0,0,182,184,0
Minnesota,Washington,2020,215,210,5,0,0,0,0,77,44,33,0,0,215,0,0
Minnesota,Winona,2020,119,112,7,0,0,0,0,57,40,22,0,0,0,119,0
Minnesota,Wright,2020,357,289,67,1,0,0,0,112,55,37,0,0,165,192,0
Mississippi,Bolivar,2020,363,233,130,0,0,0,0,87,60,46,0,0,97,266,0
Mississippi,DeSoto,2020,365,246,119,0,0,0,0,100,58,44,0,0,84,281,0
Mississippi,Forrest,2020,361,196,165,0,0,0,0,97,63,48,0,0,0,361,0
Mississippi,Hancock,2020,351,217,134,0,0,0,0,90,59,45,0,0,75,276,0
Mississippi,Harrison,2020,352,179,172,1,0,0,0,101,63,49,0,0,49,303,0
Mississippi,Hinds,2020,366,152,213,1,0,0,0,114,66,53,0,0,36,330,0
Mississippi,Jackson,2020,356,204,152,0,0,0,0,84,59,47,0,1,71,284,0
Mississippi,Lauderdale,2020,252,252,0,0,0,0,0,50,42,31,0,0,252,0,0
Mississippi,Lee,2020,243,242,1,0,0,0,0,54,45,35,0,0,243,0,0
Mississippi,Yalobusha,2020,348,345,3,0,0,0,0,51,42,31,0,0,348,0,0
Missouri,Andrew,2020,245,225,20,0,0,0,0,77,49,38,0,0,245,0,0
Missouri,Boone,2020,244,235,9,0,0,0,0,93,44,33,0,0,244,0,0
Missouri,Buchanan,2020,365,248,116,1,0,0,0,126,58,42,0,0,0,315,50
Missouri,Callaway,2020,245,234,11,0,0,0,0,87,45,35,0,0,245,0,0
Missouri,Cass,2020,362,300,60,2,0,0,0,105,54,39,0,0,171,191,0
Missouri,Cedar,2020,352,277,75,0,0,0,0,99,55,39,0,0,145,207,0
Missouri,Clay,2020,364,287,76,1,0,0,0,101,60,39,0,0,195,169,0
Missouri,Clinton,2020,245,226,19,0,0,0,0,87,48,37,0,0,245,0,0
Missouri,Greene,2020,364,268,95,1,0,0,0,116,57,40,0,0,124,234,6
Missouri,Jackson,2020,366,175,188,2,1,0,0,159,65,51,0,11,0,312,43
Missouri,Jasper,2020,366,320,46,0,0,0,0,82,52,35,0,0,212,0,154
Missouri,Jefferson,2020,365,250,113,2,0,0,0,141,59,43,0,0,119,238,8
Missouri,Lincoln,2020,245,228,16,1,0,0,0,108,48,37,0,0,245,0,0
Missouri,Monroe,2020,366,360,6,0,0,0,0,84,43,31,0,0,362,0,4
Missouri,Perry,2020,245,231,14,0,0,0,0,97,47,36,0,0,245,0,0
Missouri,Saint Charles,2020,245,216,25,4,0,0,0,112,54,39,0,0,245,0,0
Missouri,Saint Louis,2020,366,246,114,6,0,0,0,144,63,44,0,19,164,183,0
Missouri,Sainte Genevieve,2020,245,229,16,0,0,0,0,87,46,36,0,0,245,0,0
Missouri,St. Louis City,2020,366,137,224,4,1,0,0,156,70,54,0,6,64,269,27
Missouri,Stoddard,2020,63,54,9,0,0,0,0,66,54,26,0,0,0,63,0
Missouri,Taney,2020,122,113,9,0,0,0,0,62,48,22,0,0,0,122,0
Montana,Cascade,2020,359,314,42,3,0,0,0,115,54,24,0,0,0,359,0
Montana,Fergus,2020,366,330,33,1,2,0,0,159,50,39,0,1,307,58,0
Montana,Flathead,2020,366,286,72,3,4,1,0,206,59,37,0,0,219,124,23
Montana,Gallatin,2020,366,290,65,9,2,0,0,162,57,29,1,3,0,362,0
Montana,Lake,2020,117,111,3,1,2,0,0,183,27,7,0,0,0,117,0
Montana,Lewis and Clark,2020,366,277,84,1,4,0,0,168,60,42,0,0,230,136,0
Montana,Lincoln,2020,366,175,182,2,4,1,2,403,75,52,0,0,0,364,2
Montana,Missoula,2020,366,155,192,13,6,0,0,185,85,54,0,0,96,270,0
Montana,Phillips,2020,366,296,68,2,0,0,0,140,68,36,0,0,252,82,32
Montana,Powder River,2020,350,254,91,3,2,0,0,159,68,41,0,0,195,126,29
Montana,Powell,2020,33,33,0,0,0,0,0,14,8,3,0,0,0,33,0
Montana,Ravalli,2020,361,301,52,3,5,0,0,185,59,15,0,0,0,361,0
Montana,Richland,2020,366,343,23,0,0,0,0,72,47,37,0,0,302,62,2
Montana,Roosevelt,2020,77,74,3,0,0,0,0,60,34,12,0,0,0,77,0
Montana,Rosebud,2020,366,321,40,3,2,0,0,154,53,37,0,12,254,61,39
Montana,Sanders,2020,366,302,56,1,4,3,0,261,57,31,0,0,0,361,5
Montana,Sheridan,2020,107,103,4,0,0,0,0,58,27,13,0,0,0,107,0
Montana,Silver Bow,2020,366,289,69,5,3,0,0,181,61,22,0,0,0,247,119
Montana,Yellowstone,2020,364,304,57,2,1,0,0,163,55,31,0,0,0,364,0
Nebraska,Cass,2020,358,346,12,0,0,0,0,71,32,14,0,0,0,0,358
Nebraska,Douglas,2020,366,267,97,1,1,0,0,157,57,42,2,0,133,222,9
Nebraska,Hall,2020,338,296,42,0,0,0,0,87,53,26,0,0,0,338,0
Nebraska,Knox,2020,365,341,24,0,0,0,0,84,48,35,0,0,365,0,0
Nebraska,Lancaster,2020,282,261,21,0,0,0,0,77,48,35,0,0,204,78,0
Nebraska,Sarpy,2020,316,227,87,2,0,0,0,149,57,39,0,0,0,316,0
Nebraska,Scotts Bluff,2020,278,170,106,2,0,0,0,122,61,36,0,0,0,278,0
Nebraska,Thomas,2020,115,109,6,0,0,0,0,74,36,14,0,0,0,115,0
Nebraska,Washington,2020,110,93,17,0,0,0,0,75,53,31,0,0,0,110,0
Nevada,Carson City,2020,366,284,62,12,6,2,0,210,71,42,0,0,240,126,0
Nevada,Churchill,2020,363,336,25,2,0,0,0,147,50,40,0,0,363,0,0
Nevada,Clark,2020,366,92,249,22,3,0,0,174,93,65,0,6,205,145,10
Nevada,Douglas,2020,366,286,63,6,7,4,0,274,64,22,0,0,0,366,0
Nevada,Elko,2020,363,304,55,1,3,0,0,169,57,30,0,0,133,12,218
Nevada,Lyon,2020,356,308,39,5,3,0,1,328,59,38,0,0,302,0,54
Nevada,Nye,2020,366,343,20,1,2,0,0,200,40,21,0,0,0,0,366
Nevada,Washoe,2020,366,193,149,11,11,2,0,265,85,50,0,3,217,139,7
Nevada,White Pine,2020,361,294,64,3,0,0,0,136,64,44,0,0,358,3,0
New Hampshire,Belknap,2020,361,344,17,0,0,0,0,65,45,32,0,0,171,190,0
New Hampshire,Cheshire,2020,366,299,67,0,0,0,0,78,55,37,0,0,173,193,0
New Hampshire,Coos,2020,366,339,27,0,0,0,0,74,50,43,0,0,366,0,0
New Hampshire,Grafton,2020,366,344,22,0,0,0,0,70,45,35,0,0,269,97,0
New Hampshire,Hillsborough,2020,366,351,15,0,0,0,0,90,46,37,0,0,337,29,0
New Hampshire,Merrimack,2020,213,209,4,0,0,0,0,74,44,38,0,0,213,0,0
New Hampshire,Rockingham,2020,366,296,70,0,0,0,0,90,56,41,0,0,201,165,0
New Jersey,Atlantic,2020,359,286,73,0,0,0,0,90,55,37,0,0,170,189,0
New Jersey,Bergen,2020,364,228,133,3,0,0,0,119,63,43,3,45,120,196,0
New Jersey,Camden,2020,366,219,147,0,0,0,0,87,63,46,0,4,126,236,0
New Jersey,Cumberland,2020,365,251,114,0,0,0,0,72,57,44,0,3,130,232,0
New Jersey,Essex,2020,366,226,139,1,0,0,0,127,62,44,1,28,118,219,0
New Jersey,Gloucester,2020,253,223,29,1,0,0,0,101,54,38,0,0,192,61,0
New Jersey,Hudson,2020,366,259,107,0,0,0,0,90,59,39,0,51,136,179,0
New Jersey,Hunterdon,2020,364,265,99,0,0,0,0,87,57,41,0,0,169,195,0
New Jersey,Mercer,2020,366,262,101,3,0,0,0,112,58,42,0,0,182,184,0
New Jersey,Middlesex,2020,366,257,108,1,0,0,0,112,58,41,0,6,155,205,0
New Jersey,Monmouth,2020,226,209,17,0,0,0,0,93,48,37,0,0,226,0,0
New Jersey,Morris,2020,366,341,25,0,0,0,0,84,48,35,0,8,334,24,0
New Jersey,Ocean,2020,356,290,66,0,0,0,0,84,55,38,0,0,154,202,0
New Jersey,Passaic,2020,262,245,17,0,0,0,0,100,47,37,0,0,243,19,0
New Jersey,Union,2020,366,198,167,1,0,0,0,111,61,48,2,42,0,322,0
New Jersey,Warren,2020,361,287,74,0,0,0,0,100,56,38,0,23,136,202,0
New Mexico,Bernalillo,2020,366,105,252,7,1,1,0,214,78,57,0,0,169,132,65
New Mexico,Catron,2020,115,109,6,0,0,0,0,81,41,13,0,0,0,115,0
New Mexico,Chaves,2020,119,108,11,0,0,0,0,78,49,23,0,0,0,119,0
New Mexico,Dona Ana,2020,366,144,201,15,3,1,2,389,88,54,0,5,209,82,70
New Mexico,Eddy,2020,364,244,109,11,0,0,0,115,80,46,0,0,352,12,0
New Mexico,Lea,2020,366,310,56,0,0,0,0,79,54,40,0,5,282,79,0
New Mexico,Lincoln,2020,115,113,2,0,0,0,0,57,37,14,0,0,0,115,0
New Mexico,Los Alamos,2020,117,113,4,0,0,0,0,58,25,13,0,0,0,117,0
New Mexico,Luna,2020,354,335,18,0,0,0,1,353,40,19,0,0,0,0,354
New Mexico,Rio Arriba,2020,362,313,49,0,0,0,0,90,54,44,0,0,361,1,0
New Mexico,San Juan,2020,366,265,96,5,0,0,0,109,64,45,0,0,364,0,2
New Mexico,Sandoval,2020,358,271,82,5,0,0,0,119,61,44,0,0,358,0,0
New Mexico,Santa Fe,2020,366,287,78,1,0,0,0,101,58,44,0,0,333,33,0
New Mexico,Socorro,2020,111,107,4,0,0,0,0,56,37,14,0,0,0,111,0
New Mexico,Taos,2020,360,310,50,0,0,0,0,68,53,27,0,0,0,360,0
New Mexico,Valencia,2020,359,283,74,2,0,0,0,105,61,44,0,0,359,0,0
New York,Albany,2020,365,235,127,3,0,0,0,143,60,42,0,0,115,250,0
New York,Bronx,2020,366,229,136,1,0,0,0,108,64,45,0,15,122,229,0
New York,Chautauqua,2020,363,332,31,0,0,0,0,93,49,36,0,0,337,26,0
New York,Dutchess,2020,331,322,9,0,0,0,0,87,45,35,0,0,331,0,0
New York,Erie,2020,366,278,86,0,2,0,0,157,57,41,0,2,160,204,0
New York,Essex,2020,365,344,21,0,0,0,0,80,48,39,0,0,349,16,0
New York,Hamilton,2020,357,354,3,0,0,0,0,54,44,34,0,0,357,0,0
New York,Jefferson,2020,360,345,15,0,0,0,0,90,44,33,0,0,360,0,0
New York,Kings,2020,365,300,65,0,0,0,0,80,55,30,0,0,0,365,0
New York,Monroe,2020,366,275,91,0,0,0,0,81,58,41,0,0,172,194,0
New York,Nassau,2020,361,317,44,0,0,0,0,75,52,27,0,0,0,361,0
New York,New York,2020,366,258,107,1,0,0,0,108,61,40,2,0,174,190,0
New York,Niagara,2020,359,340,19,0,0,0,0,87,46,34,0,0,359,0,0
New York,Oneida,2020,349,324,25,0,0,0,0,81,48,21,0,0,0,349,0
New York,Onondaga,2020,364,300,64,0,0,0,0,74,54,37,0,0,210,154,0
New York,Orange,2020,366,307,59,0,0,0,0,97,54,38,0,0,208,158,0
New York,Oswego,2020,359,349,10,0,0,0,0,58,44,33,0,0,359,0,0
New York,Putnam,2020,314,308,6,0,0,0,0,64,44,33,0,0,314,0,0
New York,Queens,2020,366,258,105,3,0,0,0,140,64,43,0,25,170,171,0
New York,Richmond,2020,364,280,82,2,0,0,0,108,57,39,0,0,175,189,0
New York,Rockland,2020,366,319,47,0,0,0,0,93,53,36,0,0,251,115,0
New York,Saratoga,2020,319,315,4,0,0,0,0,61,44,33,0,0,319,0,0
New York,Steuben,2020,365,330,35,0,0,0,0,81,49,36,0,0,249,116,0
New York,Suffolk,2020,366,282,78,6,0,0,0,133,63,40,0,0,248,118,0
New York,Tompkins,2020,364,359,5,0,0,0,0,64,44,34,0,0,364,0,0
New York,Wayne,2020,327,305,22,0,0,0,0,80,46,34,0,0,327,0,0
New York,Westchester,2020,363,305,57,1,0,0,0,105,55,38,0,0,253,110,0
North Carolina,Alexander,2020,300,297,3,0,0,0,0,54,45,33,0,0,243,0,57
North Carolina,Avery,2020,366,350,16,0,0,0,0,80,47,38,0,0,352,14,0
North Carolina,Buncombe,2020,363,329,34,0,0,0,0,97,50,34,0,0,154,209,0
North Carolina,Caldwell,2020,243,243,0,0,0,0,0,50,44,34,0,0,243,0,0
North Carolina,Carteret,2020,362,359,3,0,0,0,0,61,43,34,0,0,362,0,0
North Carolina,Caswell,2020,354,349,5,0,0,0,0,61,44,31,0,0,241,0,113
North Carolina,Catawba,2020,357,247,110,0,0,0,0,95,58,42,0,0,0,357,0
North Carolina,Cumberland,2020,363,280,83,0,0,0,0,83,56,39,0,0,120,240,3
North Carolina,Davidson,2020,329,206,123,0,0,0,0,96,60,43,0,0,0,329,0
North Carolina,Durham,2020,364,276,88,0,0,0,0,97,55,40,0,0,111,252,1
North Carolina,Edgecombe,2020,336,287,49,0,0,0,0,95,53,35,0,0,135,201,0
North Carolina,Forsyth,2020,366,233,133,0,0,0,0,97,60,45,0,2,113,251,0
North Carolina,Graham,2020,238,223,15,0,0,0,0,97,49,40,0,0,238,0,0
North Carolina,Granville,2020,238,237,1,0,0,0,0,51,46,36,0,0,238,0,0
North Carolina,Guilford,2020,365,288,77,0,0,0,0,88,55,40,0,0,147,214,4
North Carolina,Haywood,2020,272,244,28,0,0,0,0,93,51,41,0,0,242,30,0
North Carolina,Hyde,2020,114,108,6,0,0,0,0,58,37,21,0,0,0,114,0
North Carolina,Jackson,2020,111,96,15,0,0,0,0,71,52,32,0,0,0,111,0
North Carolina,Johnston,2020,339,266,73,0,0,0,0,75,55,39,0,0,136,203,0
North Carolina,Lenoir,2020,296,290,6,0,0,0,0,58,45,32,0,0,238,0,58
North Carolina,Lincoln,2020,243,241,2,0,0,0,0,71,45,35,0,0,243,0,0
North Carolina,Macon,2020,360,358,2,0,0,0,0,64,41,29,0,0,360,0,0
North Carolina,Martin,2020,240,240,0,0,0,0,0,49,42,33,0,0,240,0,0
North Carolina,Mecklenburg,2020,366,213,151,2,0,0,0,112,59,46,0,0,119,247,0
North Carolina,Mitchell,2020,356,328,27,1,0,0,0,103,48,26,0,0,0,356,0
North Carolina,Montgomery,2020,366,281,85,0,0,0,0,85,55,40,0,0,107,259,0
North Carolina,New Hanover,2020,357,328,29,0,0,0,0,77,48,34,0,0,210,147,0
North Carolina,Northampton,2020,360,303,57,0,0,0,0,90,53,29,0,41,0,319,0
North Carolina,Person,2020,240,240,0,0,0,0,0,50,44,34,0,0,240,0,0
North Carolina,Pitt,2020,361,313,48,0,0,0,0,95,52,36,0,0,152,209,0
North Carolina,Rockingham,2020,243,238,5,0,0,0,0,54,47,36,0,0,243,0,0
North Carolina,Rowan,2020,365,253,112,0,0,0,0,90,57,43,0,0,160,205,0
North Carolina,Swain,2020,362,301,60,1,0,0,0,119,53,38,0,0,136,226,0
North Carolina,Union,2020,242,242,0,0,0,0,0,50,44,31,0,0,242,0,0
North Carolina,Wake,2020,365,222,142,1,0,0,0,101,61,46,1,1,94,269,0
North Carolina,Yancey,2020,244,204,39,1,0,0,0,105,58,44,0,0,244,0,0
North Dakota,Billings,2020,366,346,20,0,0,0,0,65,46,35,0,0,307,59,0
North Dakota,Burke,2020,366,340,26,0,0,0,0,73,47,35,0,0,244,119,3
North Dakota,Burleigh,2020,366,302,64,0,0,0,0,77,55,37,0,2,146,216,2
North Dakota,Cass,2020,363,303,60,0,0,0,0,80,53,37,0,6,188,169,0
North Dakota,Dunn,2020,366,347,19,0,0,0,0,62,46,34,0,0,311,55,0
North Dakota,McKenzie,2020,363,346,17,0,0,0,0,66,44,34,0,1,306,56,0
North Dakota,Mercer,2020,366,328,38,0,0,0,0,78,51,36,0,4,241,121,0
North Dakota,Oliver,2020,366,330,36,0,0,0,0,74,50,36,0,0,273,93,0
North Dakota,Ward,2020,366,344,22,0,0,0,0,73,44,35,0,1,253,112,0
Ohio,Adams,2020,287,215,72,0,0,0,0,83,55,39,0,0,0,287,0
Ohio,Allen,2020,360,289,70,1,0,0,0,105,57,40,0,0,202,158,0
Ohio,Ashtabula,2020,241,224,17,0,0,0,0,93,47,37,0,0,241,0,0
Ohio,Athens,2020,86,73,13,0,0,0,0,65,52,32,0,0,0,86,0
Ohio,Belmont,2020,366,347,19,0,0,0,0,69,40,13,0,274,0,87,5
Ohio,Butler,2020,366,279,84,3,0,0,0,126,61,41,0,0,286,78,2
Ohio,Clark,2020,343,218,124,1,0,0,0,108,61,44,0,0,145,198,0
Ohio,Clermont,2020,361,296,65,0,0,0,0,100,54,39,0,0,171,190,0
Ohio,Clinton,2020,229,205,24,0,0,0,0,97,54,39,0,0,229,0,0
Ohio,Columbiana,2020,48,48,0,0,0,0,0,31,20,10,0,0,0,0,48
Ohio,Cuyahoga,2020,366,148,208,9,1,0,0,152,70,54,0,0,95,267,4
Ohio,Delaware,2020,244,222,21,1,0,0,0,101,50,38,0,0,244,0,0
Ohio,Fayette,2020,341,318,23,0,0,0,0,80,49,35,0,0,341,0,0
Ohio,Franklin,2020,366,232,132,2,0,0,0,102,61,45,0,3,131,232,0
Ohio,Geauga,2020,245,214,31,0,0,0,0,100,61,41,0,0,245,0,0
Ohio,Greene,2020,245,220,25,0,0,0,0,93,51,39,0,0,245,0,0
Ohio,Hamilton,2020,366,105,254,7,0,0,0,126,71,55,0,4,69,293,0
Ohio,Harrison,2020,304,295,9,0,0,0,0,56,30,1,259,0,0,41,4
Ohio,Jefferson,2020,359,263,95,1,0,0,0,112,61,42,0,0,159,199,1
Ohio,Knox,2020,245,226,19,0,0,0,0,80,49,38,0,0,245,0,0
Ohio,Lake,2020,366,296,64,6,0,0,0,140,57,40,0,0,173,191,2
Ohio,Lawrence,2020,354,279,75,0,0,0,0,77,56,40,0,0,149,205,0
Ohio,Licking,2020,245,230,15,0,0,0,0,77,48,37,0,0,245,0,0
Ohio,Lorain,2020,358,289,68,0,1,0,0,155,55,39,0,0,136,222,0
Ohio,Lucas,2020,354,250,96,8,0,0,0,136,65,42,0,0,156,198,0
Ohio,Madison,2020,245,220,25,0,0,0,0,84,51,39,0,0,245,0,0
Ohio,Mahoning,2020,365,251,113,1,0,0,0,142,58,43,0,0,92,273,0
Ohio,Medina,2020,360,280,80,0,0,0,0,93,56,38,0,0,145,215,0
Ohio,Miami,2020,229,217,12,0,0,0,0,93,49,39,0,0,229,0,0
Ohio,Montgomery,2020,361,177,180,4,0,0,0,112,67,51,0,0,109,252,0
Ohio,Noble,2020,356,331,25,0,0,0,0,87,47,36,0,0,333,23,0
Ohio,Portage,2020,262,226,35,1,0,0,0,101,58,40,0,0,233,29,0
Ohio,Preble,2020,366,262,103,1,0,0,0,101,58,42,0,0,174,192,0
Ohio,Scioto,2020,366,347,19,0,0,0,0,93,39,14,0,0,0,96,270
Ohio,Stark,2020,358,202,152,4,0,0,0,119,65,47,0,0,110,248,0
Ohio,Summit,2020,361,193,165,3,0,0,0,114,63,48,0,0,68,293,0
Ohio,Trumbull,2020,357,280,74,2,1,0,0,154,57,40,0,0,186,171,0
Ohio,Warren,2020,361,248,109,4,0,0,0,115,61,44,0,0,162,199,0
Ohio,Washington,2020,245,233,11,1,0,0,0,108,48,38,0,0,245,0,0
Ohio,Wood,2020,229,216,13,0,0,0,0,80,46,34,0,0,229,0,0
Oklahoma,Adair,2020,363,297,65,0,1,0,0,152,55,36,1,0,168,189,5
Oklahoma,Canadian,2020,358,332,26,0,0,0,0,84,49,36,0,0,358,0,0
Oklahoma,Carter,2020,345,201,143,1,0,0,0,147,67,47,0,0,126,219,0
Oklahoma,Cleveland,2020,354,175,177,2,0,0,0,121,67,51,0,0,106,248,0
Oklahoma,Comanche,2020,366,262,103,1,0,0,0,107,60,44,0,0,172,194,0
Oklahoma,Creek,2020,363,350,13,0,0,0,0,93,47,35,0,0,363,0,0
Oklahoma,Dewey,2020,365,266,99,0,0,0,0,99,61,43,0,0,171,194,0
Oklahoma,Grant,2020,106,94,12,0,0,0,0,69,52,26,0,0,0,106,0
Oklahoma,Johnston,2020,289,267,22,0,0,0,0,97,49,38,0,0,289,0,0
Oklahoma,Kay,2020,366,171,193,2,0,0,0,113,62,51,0,0,39,327,0
Oklahoma,Mayes,2020,258,255,3,0,0,0,0,51,44,34,0,0,258,0,0
Oklahoma,Oklahoma,2020,366,147,215,4,0,0,0,112,70,53,0,3,110,251,2
Oklahoma,Osage,2020,350,322,28,0,0,0,0,90,49,36,0,0,350,0,0
Oklahoma,Ottawa,2020,352,202,148,1,1,0,0,154,65,46,0,0,44,287,21
Oklahoma,Pittsburg,2020,366,230,135,1,0,0,0,141,60,44,0,0,138,228,0
Oklahoma,Sequoyah,2020,362,304,57,1,0,0,0,141,54,37,0,5,166,191,0
Oklahoma,Tulsa,2020,366,200,164,2,0,0,0,129,62,49,0,0,113,249,4
Oklahoma,Washington,2020,344,232,111,1,0,0,0,101,60,43,0,0,145,199,0
Oregon,Baker,2020,366,282,77,2,3,2,0,225,57,33,0,0,0,366,0
Oregon,Benton,2020,366,313,42,0,1,7,3,541,56,23,0,0,0,366,0
Oregon,Clackamas,2020,272,238,25,3,2,0,4,481,53,33,0,0,126,146,0
Oregon,Columbia,2020,363,332,22,1,2,6,0,293,49,28,0,0,105,258,0
Oregon,Crook,2020,365,261,97,0,1,3,3,1033,65,28,0,0,0,365,0
Oregon,Deschutes,2020,366,298,54,4,2,1,7,1099,61,23,0,0,0,366,0
Oregon,Douglas,2020,366,278,78,1,1,2,6,902,62,29,0,0,0,366,0
Oregon,Grant,2020,364,196,161,1,5,0,1,393,70,44,0,0,0,364,0
Oregon,Harney,2020,366,211,144,2,7,1,1,357,75,42,0,0,0,366,0
Oregon,Jackson,2020,366,218,133,2,4,3,6,900,73,44,0,0,116,250,0
Oregon,Jefferson,2020,361,258,92,3,0,3,5,1135,64,28,0,0,0,361,0
Oregon,Josephine,2020,366,228,112,4,14,1,7,763,76,35,0,0,0,366,0
Oregon,Klamath,2020,366,172,148,23,20,1,2,763,124,52,0,0,0,364,2
Oregon,Lake,2020,365,267,80,14,4,0,0,166,70,29,0,0,0,305,60
Oregon,Lane,2020,366,203,149,4,0,2,8,1000,78,46,0,0,66,296,4
Oregon,Linn,2020,366,245,110,0,0,3,8,853,67,36,0,0,0,366,0
Oregon,Marion,2020,365,278,76,1,0,1,9,1272,63,36,0,0,124,241,0
Oregon,Multnomah,2020,366,275,82,1,0,2,6,779,63,36,0,1,200,165,0
Oregon,Umatilla,2020,366,273,85,0,1,2,5,738,60,38,0,0,113,253,0
Oregon,Union,2020,366,300,57,1,4,3,1,326,56,27,0,0,0,366,0
Oregon,Wallowa,2020,366,288,71,0,6,1,0,222,58,27,0,0,0,366,0
Oregon,Wasco,2020,355,307,45,0,0,0,3,599,54,24,0,0,0,355,0
Oregon,Washington,2020,366,265,91,2,0,2,6,595,61,34,0,4,122,240,0
Pennsylvania,Adams,2020,366,280,86,0,0,0,0,88,58,42,0,0,220,146,0
Pennsylvania,Allegheny,2020,366,138,218,10,0,0,0,128,77,54,0,0,84,280,2
Pennsylvania,Armstrong,2020,366,246,117,3,0,0,0,122,58,43,0,0,156,210,0
Pennsylvania,Beaver,2020,366,205,160,1,0,0,0,142,64,48,0,0,138,228,0
Pennsylvania,Berks,2020,362,227,134,1,0,0,0,102,63,44,0,0,148,214,0
Pennsylvania,Blair,2020,360,262,98,0,0,0,0,87,60,43,0,0,162,198,0
Pennsylvania,Bradford,2020,358,301,57,0,0,0,0,84,53,39,0,0,203,155,0
Pennsylvania,Bucks,2020,351,331,16,4,0,0,0,115,46,33,0,0,351,0,0
Pennsylvania,Cambria,2020,366,228,138,0,0,0,0,90,60,44,1,0,107,258,0
Pennsylvania,Centre,2020,366,287,79,0,0,0,0,91,57,41,0,0,207,159,0
Pennsylvania,Chester,2020,355,233,121,1,0,0,0,143,59,44,0,0,119,236,0
Pennsylvania,Clearfield,2020,343,341,2,0,0,0,0,54,42,31,0,0,343,0,0
Pennsylvania,Cumberland,2020,363,236,125,2,0,0,0,137,61,44,0,0,0,363,0
Pennsylvania,Dauphin,2020,366,219,144,3,0,0,0,116,65,46,0,0,126,240,0
Pennsylvania,Delaware,2020,366,174,189,3,0,0,0,129,67,52,0,1,84,281,0
Pennsylvania,Elk,2020,358,356,2,0,0,0,0,67,44,34,0,0,358,0,0
Pennsylvania,Erie,2020,363,298,65,0,0,0,0,87,54,36,3,0,201,159,0
Pennsylvania,Fayette,2020,363,265,98,0,0,0,0,100,55,42,0,0,148,215,0
Pennsylvania,Franklin,2020,363,363,0,0,0,0,0,50,42,32,0,0,363,0,0
Pennsylvania,Greene,2020,359,294,64,1,0,0,0,101,53,39,0,0,198,161,0
Pennsylvania,Indiana,2020,351,320,30,1,0,0,0,112,49,37,0,0,315,36,0
Pennsylvania,Lackawanna,2020,366,295,71,0,0,0,0,83,55,40,0,15,197,154,0
Pennsylvania,Lancaster,2020,366,177,184,4,1,0,0,153,66,51,0,0,91,274,1
Pennsylvania,Lawrence,2020,363,354,9,0,0,0,0,93,43,31,0,0,363,0,0
Pennsylvania,Lebanon,2020,170,116,53,1,0,0,0,115,60,41,0,0,1,169,0
Pennsylvania,Lehigh,2020,359,262,97,0,0,0,0,93,58,41,0,0,169,186,4
Pennsylvania,Luzerne,2020,356,354,2,0,0,0,0,54,43,31,0,0,308,0,48
Pennsylvania,Lycoming,2020,366,283,82,1,0,0,0,109,56,41,0,0,188,178,0
Pennsylvania,Mercer,2020,366,272,93,1,0,0,0,105,58,41,0,0,190,176,0
Pennsylvania,Monroe,2020,357,355,2,0,0,0,0,80,44,33,0,0,357,0,0
Pennsylvania,Montgomery,2020,366,269,97,0,0,0,0,99,60,43,0,0,181,185,0
Pennsylvania,Northampton,2020,365,260,104,1,0,0,0,117,59,41,0,4,155,206,0
Pennsylvania,Philadelphia,2020,366,212,149,5,0,0,0,119,63,47,0,17,111,238,0
Pennsylvania,Somerset,2020,365,357,8,0,0,0,0,71,44,34,0,0,365,0,0
Pennsylvania,Susquehanna,2020,365,311,54,0,0,0,0,74,52,31,0,0,0,365,0
Pennsylvania,Tioga,2020,352,298,54,0,0,0,0,81,53,39,0,0,232,120,0
Pennsylvania,Washington,2020,366,221,145,0,0,0,0,100,61,46,0,1,135,230,0
Pennsylvania,Westmoreland,2020,362,281,81,0,0,0,0,83,55,39,0,0,164,198,0
Pennsylvania,Wyoming,2020,361,300,61,0,0,0,0,79,53,33,0,0,0,361,0
Pennsylvania,York,2020,366,221,145,0,0,0,0,97,62,46,0,11,102,253,0
Puerto Rico,Adjuntas,2020,57,52,5,0,0,0,0,63,50,18,0,0,0,57,0
Puerto Rico,Bayamon,2020,270,259,11,0,0,0,0,69,38,21,125,0,91,54,0
Puerto Rico,Caguas,2020,318,306,12,0,0,0,0,72,27,10,144,113,0,61,0
Puerto Rico,Catano,2020,271,207,52,5,6,0,1,332,64,28,0,0,104,104,63
Puerto Rico,Fajardo,2020,52,44,8,0,0,0,0,82,57,27,0,0,0,52,0
Puerto Rico,Guayama,2020,34,26,8,0,0,0,0,82,63,31,0,0,0,34,0
Puerto Rico,Guaynabo,2020,83,68,15,0,0,0,0,75,59,29,1,19,0,63,0
Puerto Rico,Juncos,2020,348,338,4,5,1,0,0,174,16,9,0,0,348,0,0
Puerto Rico,Mayagnez,2020,319,266,49,1,1,1,1,396,57,22,0,0,125,194,0
Puerto Rico,Ponce,2020,360,319,41,0,0,0,0,81,52,23,36,0,0,55,269
Puerto Rico,San Juan,2020,216,216,0,0,0,0,0,39,32,9,216,0,0,0,0
Rhode Island,Kent,2020,358,326,31,1,0,0,0,133,49,34,0,0,175,183,0
Rhode Island,Providence,2020,366,226,138,2,0,0,0,112,59,45,0,2,104,260,0
Rhode Island,Washington,2020,366,327,37,1,1,0,0,154,51,35,0,0,202,164,0
South Carolina,Aiken,2020,259,258,1,0,0,0,0,71,44,32,0,0,259,0,0
South Carolina,Anderson,2020,265,257,8,0,0,0,0,71,46,35,0,0,265,0,0
South Carolina,Berkeley,2020,220,219,1,0,0,0,0,51,43,31,0,0,220,0,0
South Carolina,Charleston,2020,366,264,101,1,0,0,0,117,57,43,0,0,58,308,0
South Carolina,Chesterfield,2020,346,287,59,0,0,0,0,91,53,39,0,0,147,199,0
South Carolina,Darlington,2020,253,253,0,0,0,0,0,49,42,32,0,0,253,0,0
South Carolina,Edgefield,2020,366,307,58,1,0,0,0,115,53,37,0,0,156,210,0
South Carolina,Florence,2020,352,290,62,0,0,0,0,95,53,37,0,0,0,352,0
South Carolina,Greenville,2020,366,234,131,1,0,0,0,116,60,44,0,1,133,232,0
South Carolina,Horry,2020,214,214,0,0,0,0,0,50,44,32,0,0,214,0,0
South Carolina,Lexington,2020,365,263,101,1,0,0,0,111,55,39,0,0,0,352,13
South Carolina,Richland,2020,366,289,76,1,0,0,0,117,55,40,0,1,146,219,0
South Carolina,Spartanburg,2020,366,232,132,2,0,0,0,112,58,45,0,0,103,263,0
South Carolina,York,2020,366,303,63,0,0,0,0,93,53,39,0,0,156,210,0
South Dakota,Brookings,2020,366,305,61,0,0,0,0,87,55,39,0,0,281,52,33
South Dakota,Brown,2020,364,308,56,0,0,0,0,78,54,28,0,0,0,258,106
South Dakota,Codington,2020,366,293,72,1,0,0,0,101,55,38,0,0,156,167,43
South Dakota,Custer,2020,366,323,41,2,0,0,0,119,54,41,0,0,348,17,1
South Dakota,Hughes,2020,355,332,23,0,0,0,0,79,40,19,0,0,0,355,0
South Dakota,Jackson,2020,366,324,42,0,0,0,0,90,52,39,0,0,319,45,2
South Dakota,Meade,2020,364,342,22,0,0,0,0,84,47,38,0,0,350,0,14
South Dakota,Minnehaha,2020,366,298,68,0,0,0,0,90,56,38,0,2,205,151,8
South Dakota,Pennington,2020,366,264,102,0,0,0,0,92,64,35,0,27,0,197,142
South Dakota,Union,2020,366,304,61,1,0,0,0,141,56,39,0,0,209,139,18
Tennessee,Anderson,2020,245,238,7,0,0,0,0,64,46,35,0,0,245,0,0
Tennessee,Blount,2020,366,273,93,0,0,0,0,93,56,42,0,0,183,183,0
Tennessee,Claiborne,2020,345,343,2,0,0,0,0,51,44,32,0,0,345,0,0
Tennessee,Davidson,2020,366,190,174,2,0,0,0,116,62,50,0,4,71,291,0
Tennessee,DeKalb,2020,341,336,5,0,0,0,0,61,44,33,0,0,341,0,0
Tennessee,Dyer,2020,351,293,57,1,0,0,0,117,53,31,0,0,0,351,0
Tennessee,Hamilton,2020,364,219,144,0,1,0,0,151,61,46,0,0,92,272,0
Tennessee,Jefferson,2020,240,232,8,0,0,0,0,74,48,37,0,0,240,0,0
Tennessee,Knox,2020,366,233,133,0,0,0,0,91,60,44,0,0,85,281,0
Tennessee,Lawrence,2020,359,325,34,0,0,0,0,75,49,26,0,0,0,359,0
Tennessee,Loudon,2020,366,299,67,0,0,0,0,97,54,38,0,0,136,230,0
Tennessee,Madison,2020,354,304,49,1,0,0,0,108,53,33,0,0,0,354,0
Tennessee,Maury,2020,351,302,49,0,0,0,0,92,53,29,0,0,0,351,0
Tennessee,McMinn,2020,358,280,78,0,0,0,0,89,55,37,0,0,0,358,0
Tennessee,Montgomery,2020,359,288,69,2,0,0,0,116,54,35,0,0,0,359,0
Tennessee,Putnam,2020,359,310,48,1,0,0,0,105,52,31,0,0,0,359,0
Tennessee,Roane,2020,338,272,66,0,0,0,0,92,55,35,0,0,0,338,0
Tennessee,Sevier,2020,363,336,26,1,0,0,0,105,49,40,0,0,363,0,0
Tennessee,Shelby,2020,366,158,207,0,1,0,0,153,65,52,0,0,72,294,0
Tennessee,Sullivan,2020,366,314,52,0,0,0,0,80,52,36,0,0,161,205,0
Tennessee,Sumner,2020,360,273,86,1,0,0,0,121,56,41,0,0,137,223,0
Tennessee,Williamson,2020,241,231,10,0,0,0,0,71,47,37,0,0,241,0,0
Tennessee,Wilson,2020,245,240,5,0,0,0,0,64,45,33,0,0,245,0,0
Texas,Atascosa,2020,214,149,64,0,1,0,0,158,65,38,0,0,0,214,0
Texas,Bell,2020,366,236,129,1,0,0,0,135,63,44,0,0,193,173,0
Texas,Bexar,2020,366,119,237,9,1,0,0,160,80,55,0,0,110,255,1
Texas,Bowie,2020,358,193,164,1,0,0,0,127,61,48,0,0,0,358,0
Texas,Brazoria,2020,365,328,34,2,1,0,0,182,51,33,0,11,354,0,0
Texas,Brazos,2020,303,210,93,0,0,0,0,99,57,40,0,0,0,303,0
Texas,Brewster,2020,360,314,46,0,0,0,0,80,52,41,0,0,278,82,0
Texas,Cameron,2020,366,158,199,6,3,0,0,184,74,52,0,0,64,302,0
Texas,Collin,2020,365,317,45,2,1,0,0,154,54,37,0,0,365,0,0
Texas,Culberson,2020,201,125,69,7,0,0,0,112,80,46,0,0,117,84,0
Texas,Dallas,2020,366,218,142,6,0,0,0,135,69,46,0,17,161,187,1
Texas,Denton,2020,366,245,113,8,0,0,0,142,71,44,0,3,223,140,0
Texas,Ector,2020,346,271,75,0,0,0,0,96,57,36,0,0,0,346,0
Texas,El Paso,2020,366,95,252,17,2,0,0,192,89,59,0,6,151,181,28
Texas,Ellis,2020,366,239,126,1,0,0,0,125,61,45,0,2,137,227,0
Texas,Galveston,2020,360,238,119,3,0,0,0,143,66,44,0,1,198,159,2
Texas,Gregg,2020,363,357,6,0,0,0,0,74,44,31,0,10,353,0,0
Texas,Harris,2020,366,109,240,15,2,0,0,190,82,56,0,5,94,266,1
Texas,Harrison,2020,363,264,99,0,0,0,0,100,57,40,0,0,108,255,0
Texas,Hidalgo,2020,366,222,139,3,2,0,0,157,69,44,0,0,78,288,0
Texas,Hood,2020,357,330,27,0,0,0,0,100,48,33,0,0,357,0,0
Texas,Hunt,2020,366,351,15,0,0,0,0,87,45,32,0,2,364,0,0
Texas,Jefferson,2020,363,219,142,2,0,0,0,122,65,46,0,0,148,215,0
Texas,Johnson,2020,349,320,27,2,0,0,0,105,50,34,0,0,349,0,0
Texas,Karnes,2020,363,363,0,0,0,0,0,32,17,6,0,363,0,0,0
Texas,Kaufman,2020,366,260,105,1,0,0,0,134,60,42,0,3,171,192,0
Texas,Kleberg,2020,330,181,143,4,2,0,0,174,70,46,0,0,0,330,0
Texas,Lubbock,2020,352,311,41,0,0,0,0,83,52,26,0,0,0,352,0
Texas,Maverick,2020,347,254,92,0,1,0,0,164,61,36,0,0,0,347,0
Texas,McLennan,2020,366,294,72,0,0,0,0,97,54,39,0,0,231,135,0
Texas,Montgomery,2020,366,219,139,8,0,0,0,129,64,44,0,1,142,223,0
Texas,Navarro,2020,366,257,107,2,0,0,0,113,58,42,0,2,139,225,0
Texas,Nueces,2020,366,227,137,0,2,0,0,162,67,46,0,0,135,231,0
Texas,Orange,2020,362,223,137,2,0,0,0,103,62,44,0,0,124,238,0
Texas,Parker,2020,362,331,30,1,0,0,0,115,50,35,0,0,362,0,0
Texas,Polk,2020,360,351,9,0,0,0,0,71,43,31,0,0,360,0,0
Texas,Potter,2020,341,307,34,0,0,0,0,85,50,26,0,0,0,341,0
Texas,Randall,2020,357,277,80,0,0,0,0,90,64,42,0,0,357,0,0
Texas,Rockwall,2020,363,345,17,1,0,0,0,133,45,32,0,0,363,0,0
Texas,Smith,2020,366,352,14,0,0,0,0,84,46,33,0,3,363,0,0
Texas,Tarrant,2020,366,163,187,13,3,0,0,159,77,52,0,7,131,228,0
Texas,Travis,2020,366,182,182,1,1,0,0,154,66,51,0,3,95,267,1
Texas,Victoria,2020,329,308,21,0,0,0,0,100,47,31,0,0,329,0,0
Texas,Webb,2020,366,217,146,2,1,0,0,163,68,47,0,0,97,269,0
Texas,Wilson,2020,365,365,0,0,0,0,0,34,18,7,0,365,0,0,0
Utah,Box Elder,2020,355,316,36,3,0,0,0,147,51,40,0,27,328,0,0
Utah,Cache,2020,366,205,152,5,4,0,0,162,72,48,0,0,170,179,17
Utah,Carbon,2020,350,308,42,0,0,0,0,93,51,43,0,2,348,0,0
Utah,Davis,2020,366,217,135,13,1,0,0,157,78,46,0,33,187,146,0
Utah,Duchesne,2020,366,239,122,5,0,0,0,125,68,46,0,0,259,107,0
Utah,Garfield,2020,365,331,34,0,0,0,0,74,50,42,0,0,361,4,0
Utah,Iron,2020,366,312,54,0,0,0,0,88,53,41,0,20,273,73,0
Utah,Salt Lake,2020,366,143,200,21,1,1,0,214,93,54,0,21,164,177,4
Utah,San Juan,2020,363,294,67,2,0,0,0,119,58,43,0,0,360,3,0
Utah,Tooele,2020,366,253,108,4,1,0,0,162,70,43,0,1,235,130,0
Utah,Uintah,2020,366,201,160,5,0,0,0,133,72,50,0,0,308,58,0
Utah,Utah,2020,366,199,162,5,0,0,0,150,80,48,0,1,201,163,1
Utah,Washington,2020,366,276,87,3,0,0,0,112,63,44,0,0,318,48,0
Utah,Wayne,2020,116,111,5,0,0,0,0,70,37,10,0,0,0,116,0
Utah,Weber,2020,366,228,132,6,0,0,0,140,74,45,0,37,221,101,7
Vermont,Bennington,2020,366,330,36,0,0,0,0,73,50,37,0,0,251,115,0
Vermont,Chittenden,2020,366,302,64,0,0,0,0,98,53,39,0,0,206,160,0
Vermont,Rutland,2020,366,283,83,0,0,0,0,97,56,39,0,0,157,209,0
Vermont,Windham,2020,113,113,0,0,0,0,0,42,25,12,0,0,0,113,0
Virgin Islands,St Croix,2020,59,50,9,0,0,0,0,84,58,25,0,0,0,59,0
Virgin Islands,St John,2020,111,95,16,0,0,0,0,84,55,21,0,0,0,111,0
Virgin Islands,St Thomas,2020,75,58,17,0,0,0,0,75,61,31,0,0,0,75,0
Virginia,Albemarle,2020,363,287,76,0,0,0,0,70,53,41,0,0,115,248,0
Virginia,Arlington,2020,366,332,34,0,0,0,0,90,49,34,1,37,267,61,0
Virginia,Bristol City,2020,116,99,17,0,0,0,0,60,53,32,0,0,0,116,0
Virginia,Caroline,2020,235,232,3,0,0,0,0,64,45,34,0,0,235,0,0
Virginia,Carroll,2020,56,56,0,0,0,0,0,15,12,7,0,0,0,0,56
Virginia,Charles,2020,364,347,17,0,0,0,0,67,45,31,0,88,203,73,0
Virginia,Chesterfield,2020,279,265,14,0,0,0,0,61,46,34,0,0,204,75,0
Virginia,Fairfax,2020,366,236,130,0,0,0,0,100,58,44,0,9,112,245,0
Virginia,Fauquier,2020,242,241,1,0,0,0,0,61,42,31,0,0,242,0,0
Virginia,Frederick,2020,304,249,55,0,0,0,0,81,53,39,0,0,122,182,0
Virginia,Giles,2020,342,337,5,0,0,0,0,67,45,36,0,0,342,0,0
Virginia,Hampton City,2020,366,316,50,0,0,0,0,68,52,37,4,3,149,210,0
Virginia,Hanover,2020,245,243,2,0,0,0,0,64,45,34,0,0,245,0,0
Virginia,Henrico,2020,366,287,79,0,0,0,0,71,55,41,1,2,140,223,0
Virginia,Hopewell City,2020,48,48,0,0,0,0,0,15,13,6,0,0,0,0,48
Virginia,Loudoun,2020,366,339,26,1,0,0,0,108,48,34,0,24,285,57,0
Virginia,Lynchburg City,2020,110,99,11,0,0,0,0,59,51,28,0,0,0,110,0
Virginia,Madison,2020,363,351,12,0,0,0,0,55,46,37,0,0,328,35,0
Virginia,Norfolk City,2020,365,349,16,0,0,0,0,64,36,18,11,256,0,97,1
Virginia,Prince Edward,2020,361,361,0,0,0,0,0,49,42,30,0,0,361,0,0
Virginia,Prince William,2020,364,357,7,0,0,0,0,74,44,32,0,1,363,0,0
Virginia,Richmond City,2020,364,294,70,0,0,0,0,80,54,37,1,61,0,302,0
Virginia,Roanoke,2020,366,277,89,0,0,0,0,72,55,40,0,3,103,260,0
Virginia,Rockbridge,2020,284,282,2,0,0,0,0,54,43,31,0,0,221,63,0
Virginia,Rockingham,2020,363,344,19,0,0,0,0,77,46,33,0,93,212,58,0
Virginia,Salem City,2020,110,94,16,0,0,0,0,69,53,31,0,0,0,110,0
Virginia,Stafford,2020,362,357,5,0,0,0,0,84,44,32,0,0,360,0,2
Virginia,Suffolk City,2020,245,242,3,0,0,0,0,67,44,36,0,0,245,0,0
Virginia,Virginia Beach City,2020,109,95,14,0,0,0,0,74,54,30,0,0,0,109,0
Virginia,Winchester City,2020,58,58,0,0,0,0,0,18,12,6,0,0,0,0,58
Virginia,Wythe,2020,235,233,2,0,0,0,0,61,45,34,0,0,235,0,0
Washington,Adams,2020,364,345,11,0,5,3,0,266,43,17,0,0,0,364,0
Washington,Asotin,2020,350,229,112,2,1,5,1,328,66,38,0,0,0,350,0
Washington,Benton,2020,365,284,69,3,3,1,5,954,58,35,0,0,107,207,51
Washington,Chelan,2020,366,274,80,1,6,1,4,817,59,28,0,0,0,366,0
Washington,Clallam,2020,366,304,55,1,1,2,3,368,54,37,0,0,166,200,0
Washington,Clark,2020,366,272,85,1,0,3,5,874,62,32,0,0,51,315,0
Washington,Columbia,2020,365,323,34,0,5,3,0,258,52,23,0,0,18,347,0
Washington,Cowlitz,2020,366,331,26,1,3,5,0,282,50,21,0,0,0,366,0
Washington,Franklin,2020,336,313,15,0,5,3,0,284,46,18,0,0,0,336,0
Washington,Garfield,2020,335,305,21,2,5,2,0,252,48,19,0,0,0,335,0
Washington,Grant,2020,366,325,31,2,4,3,1,316,52,21,0,0,0,366,0
Washington,Grays Harbor,2020,366,330,28,1,2,5,0,242,50,27,0,0,0,366,0
Washington,Jefferson,2020,340,321,11,2,2,4,0,232,43,23,0,0,0,340,0
Washington,King,2020,366,248,106,3,4,5,0,299,66,43,0,14,65,287,0
Washington,Kitsap,2020,361,322,30,3,1,5,0,245,51,23,0,0,0,361,0
Washington,Kittitas,2020,365,297,57,2,3,2,4,724,59,24,0,0,0,365,0
Washington,Klickitat,2020,318,284,25,0,2,0,7,1358,51,22,0,0,0,318,0
Washington,Lewis,2020,335,314,20,0,0,1,0,258,46,25,0,0,0,335,0
Washington,Mason,2020,357,312,36,2,2,1,4,397,52,23,0,0,0,357,0
Washington,Okanogan,2020,366,196,157,1,6,2,4,618,74,47,0,0,0,366,0
Washington,Pend Oreille,2020,20,11,9,0,0,0,0,63,58,47,0,0,0,20,0
Washington,Pierce,2020,366,256,99,4,3,4,0,256,66,42,0,6,197,163,0
Washington,Skagit,2020,272,266,6,0,0,0,0,57,39,21,0,0,17,255,0
Washington,Snohomish,2020,366,234,122,3,3,4,0,250,68,40,0,0,0,366,0
Washington,Spokane,2020,366,286,73,0,1,2,4,785,58,36,0,0,102,248,16
Washington,Stevens,2020,366,219,138,1,2,2,4,957,66,42,0,0,0,354,12
Washington,Thurston,2020,366,316,43,0,3,4,0,242,53,28,0,0,118,248,0
Washington,Walla Walla,2020,366,297,60,0,1,2,6,855,55,26,0,0,0,201,165
Washington,Whatcom,2020,366,341,16,2,4,3,0,237,44,24,0,0,120,246,0
Washington,Whitman,2020,366,335,23,1,5,2,0,237,47,19,0,0,0,366,0
Washington,Yakima,2020,366,198,153,6,2,3,4,743,79,46,0,0,0,366,0
West Virginia,Berkeley,2020,278,244,34,0,0,0,0,95,52,38,0,0,205,73,0
West Virginia,Brooke,2020,366,318,48,0,0,0,0,78,52,18,0,0,0,121,245
West Virginia,Cabell,2020,284,252,32,0,0,0,0,100,51,37,0,0,208,76,0
West Virginia,Gilmer,2020,363,363,0,0,0,0,0,49,41,29,0,0,363,0,0
West Virginia,Greenbrier,2020,234,232,2,0,0,0,0,54,44,34,0,0,234,0,0
West Virginia,Hancock,2020,307,262,44,1,0,0,0,133,54,37,0,0,195,67,45
West Virginia,Harrison,2020,118,99,19,0,0,0,0,80,53,35,0,0,0,118,0
West Virginia,Kanawha,2020,366,287,79,0,0,0,0,85,55,41,0,0,162,204,0
West Virginia,Marion,2020,74,57,17,0,0,0,0,70,55,35,0,0,0,74,0
West Virginia,Marshall,2020,118,87,31,0,0,0,0,72,57,41,0,0,0,118,0
West Virginia,Monongalia,2020,274,248,26,0,0,0,0,90,50,39,0,0,213,61,0
West Virginia,Ohio,2020,274,232,41,1,0,0,0,101,54,40,0,0,201,73,0
West Virginia,Tucker,2020,359,357,2,0,0,0,0,51,44,34,0,0,349,10,0
West Virginia,Wood,2020,283,250,33,0,0,0,0,80,52,37,0,0,203,80,0
Wisconsin,Ashland,2020,366,336,30,0,0,0,0,72,48,34,0,0,244,122,0
Wisconsin,Brown,2020,366,261,104,1,0,0,0,119,59,39,0,0,127,239,0
Wisconsin,Columbia,2020,203,187,12,4,0,0,0,115,48,38,0,0,203,0,0
Wisconsin,Dane,2020,366,222,142,2,0,0,0,112,63,44,0,0,104,262,0
Wisconsin,Dodge,2020,366,247,117,2,0,0,0,136,61,42,0,0,168,196,2
Wisconsin,Door,2020,205,184,17,4,0,0,0,150,51,36,0,0,205,0,0
Wisconsin,Eau Claire,2020,366,256,110,0,0,0,0,93,59,42,0,0,128,238,0
Wisconsin,Fond du Lac,2020,205,194,9,2,0,0,0,115,46,36,0,0,205,0,0
Wisconsin,Forest,2020,366,311,55,0,0,0,0,93,54,36,0,0,221,145,0
Wisconsin,Grant,2020,361,235,126,0,0,0,0,84,60,40,0,0,0,361,0
Wisconsin,Jefferson,2020,210,189,17,4,0,0,0,136,51,38,0,0,210,0,0
Wisconsin,Kenosha,2020,361,238,112,10,1,0,0,197,67,43,0,0,188,173,0
Wisconsin,Kewaunee,2020,207,195,12,0,0,0,0,97,47,34,0,0,207,0,0
Wisconsin,La Crosse,2020,364,255,109,0,0,0,0,93,59,42,0,0,128,236,0
Wisconsin,Manitowoc,2020,192,169,19,4,0,0,0,136,58,36,0,0,192,0,0
Wisconsin,Marathon,2020,199,193,6,0,0,0,0,74,45,31,0,0,199,0,0
Wisconsin,Milwaukee,2020,366,204,157,4,1,0,0,169,67,46,0,4,130,232,0
Wisconsin,Outagamie,2020,366,254,110,2,0,0,0,126,60,40,0,0,131,235,0
Wisconsin,Ozaukee,2020,365,269,91,4,1,0,0,164,62,40,0,0,167,198,0
Wisconsin,Racine,2020,199,162,29,7,1,0,0,172,67,38,0,0,199,0,0
Wisconsin,Rock,2020,210,192,15,3,0,0,0,105,49,38,0,0,210,0,0
Wisconsin,Sauk,2020,366,264,101,1,0,0,0,112,59,41,0,0,124,242,0
Wisconsin,Sheboygan,2020,207,170,31,4,2,0,0,159,74,39,0,0,207,0,0
Wisconsin,Taylor,2020,366,299,67,0,0,0,0,80,54,38,0,0,209,157,0
Wisconsin,Vilas,2020,366,327,39,0,0,0,0,84,51,33,0,0,166,200,0
Wisconsin,Walworth,2020,198,180,14,4,0,0,0,136,50,39,0,0,198,0,0
Wisconsin,Waukesha,2020,359,214,143,2,0,0,0,129,64,44,0,0,110,249,0
Wyoming,Albany,2020,366,251,106,7,2,0,0,187,71,46,0,0,285,13,68
Wyoming,Big Horn,2020,359,349,8,2,0,0,0,126,46,38,0,0,359,0,0
Wyoming,Campbell,2020,366,247,116,3,0,0,0,124,68,44,0,1,195,4,166
Wyoming,Carbon,2020,304,304,0,0,0,0,0,31,21,8,0,304,0,0,0
Wyoming,Converse,2020,366,302,60,4,0,0,0,129,61,42,0,0,269,18,79
Wyoming,Fremont,2020,366,282,78,5,1,0,0,161,60,45,0,0,312,50,4
Wyoming,Johnson,2020,364,337,27,0,0,0,0,93,50,40,0,2,355,0,7
Wyoming,Laramie,2020,366,313,48,3,2,0,0,159,58,39,0,4,279,65,18
Wyoming,Lincoln,2020,366,357,9,0,0,0,0,71,34,15,0,0,0,0,366
Wyoming,Natrona,2020,366,316,46,4,0,0,0,124,54,42,0,3,332,31,0
Wyoming,Park,2020,122,112,8,2,0,0,0,113,41,15,0,0,0,118,4
Wyoming,Platte,2020,224,202,20,1,0,1,0,283,50,19,0,0,0,0,224
Wyoming,Sheridan,2020,366,334,32,0,0,0,0,100,48,40,0,0,327,37,2
Wyoming,Sublette,2020,366,289,72,4,1,0,0,151,63,45,0,0,344,22,0
Wyoming,Sweetwater,2020,366,235,119,7,4,0,1,1334,76,46,0,5,248,14,99
Wyoming,Teton,2020,366,312,42,7,5,0,0,165,57,43,0,0,315,51,0
Wyoming,Uinta,2020,366,323,41,2,0,0,0,122,51,40,0,2,225,0,139
Wyoming,Weston,2020,353,323,29,1,0,0,0,119,49,40,0,0,353,0,0
Alabama,Baldwin,2021,280,248,32,0,0,0,0,63,52,37,0,0,199,81,0
Alabama,Clay,2021,110,87,23,0,0,0,0,70,55,36,0,0,0,110,0
Alabama,DeKalb,2021,361,315,46,0,0,0,0,84,53,37,0,0,298,63,0
Alabama,Elmore,2021,241,238,3,0,0,0,0,87,44,32,0,0,241,0,0
Alabama,Etowah,2021,286,235,51,0,0,0,0,80,57,38,0,0,201,85,0
Alabama,Jefferson,2021,365,104,256,3,2,0,0,189,77,56,0,1,47,317,0
Alabama,Lawrence,2021,100,89,11,0,0,0,0,60,53,28,0,0,0,100,0
Alabama,Madison,2021,357,189,166,2,0,0,0,105,62,49,0,0,59,285,13
Alabama,Mobile,2021,361,125,236,0,0,0,0,83,62,53,0,0,35,326,0
Alabama,Montgomery,2021,354,222,132,0,0,0,0,93,60,44,0,0,86,268,0
Alabama,Morgan,2021,365,209,156,0,0,0,0,97,63,47,0,0,71,294,0
Alabama,Russell,2021,364,214,147,3,0,0,0,142,65,47,0,0,51,313,0
Alabama,Shelby,2021,243,231,12,0,0,0,0,77,48,35,0,0,243,0,0
Alabama,Sumter,2021,355,311,44,0,0,0,0,71,52,35,0,0,91,264,0
Alabama,Tuscaloosa,2021,280,246,34,0,0,0,0,90,52,34,0,0,188,92,0
Alaska,Aleutians East ,2021,118,117,1,0,0,0,0,51,29,13,0,0,0,118,0
Alaska,Anchorage ,2021,365,289,74,2,0,0,0,132,57,28,2,0,0,277,86
Alaska,Denali ,2021,363,360,3,0,0,0,0,74,41,33,0,0,360,3,0
Alaska,Fairbanks North Star ,2021,365,211,120,21,13,0,0,189,97,42,0,0,66,298,1
Alaska,Juneau ,2021,357,315,42,0,0,0,0,89,53,20,0,0,0,353,4
Alaska,Kenai Peninsula ,2021,121,121,0,0,0,0,0,41,19,9,0,0,0,121,0
Alaska,Matanuska-Susitna ,2021,354,307,44,2,1,0,0,163,54,15,0,0,0,300,54
Alaska,North Slope ,2021,114,113,1,0,0,0,0,53,15,5,0,0,0,114,0
Arizona,Apache,2021,359,353,6,0,0,0,0,90,30,15,0,0,0,67,292
Arizona,Cochise,2021,365,259,104,2,0,0,0,105,60,45,0,0,307,2,56
Arizona,Coconino,2021,365,265,100,0,0,0,0,93,64,46,0,0,356,9,0
Arizona,Gila,2021,365,239,116,8,2,0,0,180,80,46,0,0,341,4,20
Arizona,La Paz,2021,362,254,107,0,1,0,0,187,71,46,0,0,351,7,4
Arizona,Maricopa,2021,365,12,128,91,61,73,0,297,213,122,0,0,295,27,43
Arizona,Mohave,2021,363,360,2,0,1,0,0,156,34,19,0,0,0,2,361
Arizona,Navajo,2021,365,292,72,1,0,0,0,101,61,44,0,0,337,4,24
Arizona,Pima,2021,365,93,258,13,0,0,1,313,85,56,0,0,147,145,73
Arizona,Pinal,2021,365,72,240,49,4,0,0,198,108,70,0,0,135,48,182
Arizona,Santa Cruz,2021,360,169,189,1,1,0,0,171,71,52,0,0,0,295,65
Arizona,Yavapai,2021,331,302,29,0,0,0,0,64,50,44,0,0,331,0,0
Arizona,Yuma,2021,365,186,173,5,1,0,0,170,71,50,0,0,174,146,45
Arkansas,Arkansas,2021,120,89,31,0,0,0,0,76,57,39,0,0,0,120,0
Arkansas,Ashley,2021,120,82,38,0,0,0,0,66,59,42,0,0,0,120,0
Arkansas,Clark,2021,338,328,10,0,0,0,0,90,45,32,0,0,338,0,0
Arkansas,Crittenden,2021,365,222,139,4,0,0,0,122,63,45,0,2,98,265,0
Arkansas,Garland,2021,120,71,49,0,0,0,0,80,60,45,0,0,0,120,0
Arkansas,Jackson,2021,120,80,40,0,0,0,0,86,60,39,0,0,0,120,0
Arkansas,Newton,2021,365,340,25,0,0,0,0,74,48,37,0,0,330,35,0
Arkansas,Polk,2021,360,299,61,0,0,0,0,93,56,40,0,0,293,67,0
Arkansas,Pulaski,2021,365,114,249,2,0,0,0,112,73,54,0,2,36,327,0
Arkansas,Union,2021,116,66,50,0,0,0,0,74,60,48,0,0,0,116,0
Arkansas,Washington,2021,365,206,158,1,0,0,0,119,66,48,0,0,101,264,0
California,Alameda,2021,365,155,200,9,1,0,0,151,71,53,0,3,99,263,0
California,Amador,2021,365,307,54,4,0,0,0,133,67,37,0,0,365,0,0
California,Butte,2021,365,160,174,18,10,3,0,257,90,53,0,0,177,185,3
California,Calaveras,2021,364,220,135,6,3,0,0,178,77,46,0,0,216,148,0
California,Colusa,2021,365,111,238,9,6,1,0,225,76,55,0,0,60,291,14
California,Contra Costa,2021,365,195,165,5,0,0,0,150,69,47,0,0,139,226,0
California,Del Norte,2021,323,259,64,0,0,0,0,72,54,31,0,0,0,323,0
California,El Dorado,2021,365,247,96,16,4,1,1,375,93,43,0,0,349,9,7
California,Fresno,2021,365,62,221,63,17,2,0,278,130,68,0,0,146,209,10
California,Glenn,2021,365,244,106,9,6,0,0,192,65,42,0,0,183,172,10
California,Humboldt,2021,365,333,32,0,0,0,0,64,48,29,12,0,219,78,56
California,Imperial,2021,365,84,252,22,4,1,2,436,97,60,0,0,134,126,105
California,Inyo,2021,365,100,222,25,12,3,3,558,115,61,0,0,152,185,28
California,Kern,2021,365,35,202,97,29,1,1,314,147,84,0,0,151,199,15
California,Kings,2021,365,84,230,40,10,0,1,685,109,64,0,0,119,168,78
California,Lake,2021,356,348,7,0,1,0,0,157,43,33,0,0,335,19,2
California,Los Angeles,2021,365,9,259,70,26,1,0,281,143,79,0,13,148,199,5
California,Madera,2021,365,133,197,28,7,0,0,194,100,58,0,0,210,131,24
California,Marin,2021,365,267,98,0,0,0,0,88,60,38,0,2,149,214,0
California,Mariposa,2021,365,193,140,25,7,0,0,162,97,49,0,0,292,73,0
California,Mendocino,2021,365,210,147,6,2,0,0,185,69,46,0,0,76,289,0
California,Merced,2021,365,155,177,31,2,0,0,166,100,54,0,0,210,151,4
California,Mono,2021,364,260,78,12,11,0,3,2971,84,27,0,0,0,241,123
California,Monterey,2021,365,261,104,0,0,0,0,80,57,41,0,0,161,194,10
California,Napa,2021,140,108,32,0,0,0,0,77,56,41,1,0,74,65,0
California,Nevada,2021,365,183,129,34,13,4,2,326,115,50,0,0,208,157,0
California,Orange,2021,365,109,238,18,0,0,0,148,87,55,0,5,124,232,4
California,Placer,2021,365,130,187,30,9,6,3,692,115,58,0,0,220,144,1
California,Plumas,2021,365,97,184,37,24,16,7,654,170,67,0,0,0,365,0
California,Riverside,2021,365,19,210,89,44,2,1,329,158,89,0,0,191,127,47
California,Sacramento,2021,365,146,183,30,4,1,1,381,100,55,0,0,195,166,4
California,San Benito,2021,365,295,70,0,0,0,0,100,55,41,0,0,280,79,6
California,San Bernardino,2021,365,17,202,73,61,11,1,486,172,87,0,7,191,155,12
California,San Diego,2021,365,52,297,16,0,0,0,133,90,67,0,0,163,199,3
California,San Francisco,2021,365,255,110,0,0,0,0,86,60,39,0,8,162,195,0
California,San Joaquin,2021,365,140,209,15,1,0,0,153,84,55,0,0,114,231,20
California,San Luis Obispo,2021,365,154,203,8,0,0,0,133,77,53,0,0,190,167,8
California,San Mateo,2021,365,290,75,0,0,0,0,90,56,36,0,3,199,163,0
California,Santa Barbara,2021,365,240,124,1,0,0,0,101,60,44,0,0,180,184,1
California,Santa Clara,2021,365,147,211,7,0,0,0,147,72,53,0,0,90,275,0
California,Santa Cruz,2021,365,298,67,0,0,0,0,80,54,37,0,0,187,178,0
California,Shasta,2021,365,222,111,15,12,5,0,240,93,46,0,0,271,94,0
California,Siskiyou,2021,364,237,96,7,21,3,0,210,86,43,0,0,178,186,0
California,Solano,2021,365,215,147,3,0,0,0,126,66,44,0,0,172,193,0
California,Sonoma,2021,365,283,82,0,0,0,0,89,57,37,0,0,156,203,6
California,Stanislaus,2021,365,84,234,42,5,0,0,172,105,61,0,0,136,225,4
California,Sutter,2021,364,102,240,17,5,0,0,175,90,59,0,0,95,268,1
California,Tehama,2021,365,207,122,21,15,0,0,193,100,47,0,0,256,109,0
California,Trinity,2021,328,201,81,4,19,9,14,1217,168,38,0,0,0,328,0
California,Tulare,2021,365,49,182,93,38,2,1,961,154,81,0,0,173,187,5
California,Tuolumne,2021,360,295,63,2,0,0,0,136,61,41,0,0,360,0,0
California,Ventura,2021,365,157,198,10,0,0,0,122,80,53,0,0,214,140,11
California,Yolo,2021,365,242,117,4,2,0,0,159,68,42,0,0,215,149,1
Colorado,Adams,2021,365,188,154,22,1,0,0,151,93,49,0,52,174,88,51
Colorado,Alamosa,2021,120,114,5,1,0,0,0,109,35,12,0,0,0,120,0
Colorado,Arapahoe,2021,365,220,108,34,3,0,0,161,101,46,0,0,352,13,0
Colorado,Archuleta,2021,365,269,96,0,0,0,0,93,64,45,0,0,345,0,20
Colorado,Boulder,2021,365,154,176,32,3,0,0,160,100,52,0,0,228,136,1
Colorado,Chaffee,2021,112,47,59,6,0,0,0,119,93,58,0,0,112,0,0
Colorado,Clear Creek,2021,357,206,127,22,2,0,0,154,93,49,0,0,357,0,0
Colorado,Delta,2021,365,294,69,2,0,0,0,141,59,43,0,0,319,39,7
Colorado,Denver,2021,365,128,202,31,4,0,0,166,100,55,0,107,142,116,0
Colorado,Douglas,2021,358,195,121,34,8,0,0,177,108,48,0,0,295,63,0
Colorado,El Paso,2021,365,224,113,28,0,0,0,140,93,47,0,0,333,32,0
Colorado,Fremont,2021,86,85,1,0,0,0,0,62,28,15,0,0,0,0,86
Colorado,Garfield,2021,365,198,156,10,1,0,0,158,87,49,0,0,357,8,0
Colorado,Gilpin,2021,363,250,94,18,1,0,0,151,84,46,0,0,363,0,0
Colorado,Grand,2021,21,13,7,1,0,0,0,119,71,48,0,0,21,0,0
Colorado,Gunnison,2021,365,262,102,1,0,0,0,101,71,46,0,0,365,0,0
Colorado,Jackson,2021,116,109,7,0,0,0,0,90,44,7,0,0,0,116,0
Colorado,Jefferson,2021,365,222,88,44,11,0,0,172,115,47,0,2,363,0,0
Colorado,La Plata,2021,364,239,121,4,0,0,0,140,71,47,1,0,325,38,0
Colorado,Larimer,2021,365,164,151,46,4,0,0,159,112,54,0,0,298,67,0
Colorado,Mesa,2021,365,247,116,2,0,0,0,139,65,46,0,0,271,94,0
Colorado,Montezuma,2021,365,280,83,2,0,0,0,115,64,44,0,0,364,1,0
Colorado,Park,2021,322,203,103,16,0,0,0,140,84,48,0,0,322,0,0
Colorado,Pitkin,2021,122,115,7,0,0,0,0,90,40,14,0,0,0,48,74
Colorado,Prowers,2021,361,345,14,1,0,0,1,584,39,19,0,0,0,0,361
Colorado,Pueblo,2021,220,203,16,1,0,0,0,138,48,23,0,0,0,83,137
Colorado,Rio Blanco,2021,365,212,148,4,1,0,0,156,77,48,0,0,251,114,0
Colorado,Routt,2021,354,347,7,0,0,0,0,68,31,15,0,0,0,0,354
Colorado,San Juan,2021,119,114,5,0,0,0,0,79,33,9,0,0,0,119,0
Colorado,San Miguel,2021,252,165,87,0,0,0,0,97,67,48,0,0,199,0,53
Colorado,Weld,2021,365,156,169,39,1,0,0,154,101,54,0,0,259,106,0
Connecticut,Fairfield,2021,363,225,119,13,6,0,0,185,74,46,0,9,133,221,0
Connecticut,Hartford,2021,365,247,115,3,0,0,0,136,63,42,0,12,127,226,0
Connecticut,Litchfield,2021,364,300,61,3,0,0,0,142,58,38,1,0,249,114,0
Connecticut,Middlesex,2021,207,171,25,10,1,0,0,151,80,39,0,0,207,0,0
Connecticut,New Haven,2021,365,220,131,12,2,0,0,159,69,46,0,8,138,218,1
Connecticut,New London,2021,363,277,79,7,0,0,0,129,60,39,0,0,135,228,0
Connecticut,Tolland,2021,201,170,30,1,0,0,0,101,58,39,0,0,201,0,0
Connecticut,Windham,2021,361,331,29,1,0,0,0,140,48,34,0,0,361,0,0
Country Of Mexico,BAJA CALIFORNIA NORTE,2021,365,14,285,41,25,0,0,187,134,69,0,0,0,365,0
Country Of Mexico,SONORA,2021,105,100,5,0,0,0,0,61,47,34,0,0,105,0,0
Delaware,Kent,2021,360,260,98,2,0,0,0,108,58,42,0,0,183,177,0
Delaware,New Castle,2021,365,195,166,4,0,0,0,144,67,48,0,0,137,228,0
Delaware,Sussex,2021,365,277,88,0,0,0,0,100,57,40,0,0,232,133,0
District Of Columbia,District of Columbia,2021,365,172,185,7,1,0,0,153,71,51,0,22,108,235,0
Florida,Alachua,2021,364,308,56,0,0,0,0,84,52,39,0,0,129,235,0
Florida,Baker,2021,365,275,90,0,0,0,0,87,55,42,0,0,101,264,0
Florida,Bay,2021,365,228,137,0,0,0,0,78,57,46,0,0,65,300,0
Florida,Brevard,2021,365,255,110,0,0,0,0,84,58,45,0,0,121,244,0
Florida,Broward,2021,365,191,173,1,0,0,0,103,61,49,0,5,68,292,0
Florida,Citrus,2021,360,236,124,0,0,0,0,83,56,44,0,0,0,360,0
Florida,Collier,2021,363,278,85,0,0,0,0,81,55,42,0,0,101,262,0
Florida,Columbia,2021,364,236,128,0,0,0,0,77,56,44,0,0,86,278,0
Florida,Duval,2021,365,140,225,0,0,0,0,94,62,52,0,0,43,322,0
Florida,Escambia,2021,365,200,165,0,0,0,0,75,60,49,0,0,80,285,0
Florida,Flagler,2021,353,344,9,0,0,0,0,67,44,33,0,0,353,0,0
Florida,Hamilton,2021,336,207,129,0,0,0,0,69,57,46,0,0,0,336,0
Florida,Highlands,2021,358,344,14,0,0,0,0,93,46,33,0,0,358,0,0
Florida,Hillsborough,2021,365,167,197,1,0,0,0,129,63,51,0,0,71,294,0
Florida,Holmes,2021,362,206,156,0,0,0,0,74,58,48,0,0,41,321,0
Florida,Indian River,2021,360,345,15,0,0,0,0,74,47,36,0,0,360,0,0
Florida,Lake,2021,356,338,18,0,0,0,0,87,48,34,0,0,356,0,0
Florida,Lee,2021,365,299,66,0,0,0,0,97,54,41,0,0,160,201,4
Florida,Leon,2021,365,194,171,0,0,0,0,80,59,48,0,0,44,321,0
Florida,Liberty,2021,364,358,6,0,0,0,0,61,44,32,0,0,364,0,0
Florida,Manatee,2021,365,355,10,0,0,0,0,93,45,32,0,0,365,0,0
Florida,Marion,2021,365,257,107,1,0,0,0,101,57,42,0,0,144,221,0
Florida,Martin,2021,365,251,114,0,0,0,0,88,57,44,0,0,73,292,0
Florida,Miami-Dade,2021,365,230,133,2,0,0,0,135,61,46,0,7,67,291,0
Florida,Okaloosa,2021,365,359,6,0,0,0,0,61,44,33,0,0,357,0,8
Florida,Orange,2021,365,354,11,0,0,0,0,87,45,33,0,1,364,0,0
Florida,Osceola,2021,355,339,16,0,0,0,0,93,46,33,0,0,355,0,0
Florida,Palm Beach,2021,365,263,102,0,0,0,0,83,56,43,0,0,122,243,0
Florida,Pasco,2021,365,346,19,0,0,0,0,87,47,35,0,0,365,0,0
Florida,Pinellas,2021,365,222,143,0,0,0,0,95,59,47,0,0,104,261,0
Florida,Polk,2021,365,232,133,0,0,0,0,84,58,45,0,0,94,271,0
Florida,Putnam,2021,340,340,0,0,0,0,0,46,28,16,0,0,0,0,340
Florida,Santa Rosa,2021,364,254,110,0,0,0,0,79,56,44,0,0,91,273,0
Florida,Sarasota,2021,365,241,124,0,0,0,0,90,58,45,0,0,90,275,0
Florida,Seminole,2021,365,273,92,0,0,0,0,97,55,42,0,0,135,230,0
Florida,St. Lucie,2021,363,353,10,0,0,0,0,74,45,33,0,0,363,0,0
Florida,Volusia,2021,363,223,140,0,0,0,0,77,58,47,0,0,98,265,0
Florida,Wakulla,2021,365,284,81,0,0,0,0,81,55,41,2,0,97,266,0
Georgia,Bibb,2021,365,198,165,2,0,0,0,131,66,48,0,0,47,318,0
Georgia,Charlton,2021,121,118,3,0,0,0,0,56,40,25,0,0,0,121,0
Georgia,Chatham,2021,363,176,186,1,0,0,0,103,63,51,0,0,31,332,0
Georgia,Chattooga,2021,245,238,7,0,0,0,0,80,45,33,0,0,245,0,0
Georgia,Clarke,2021,365,195,169,1,0,0,0,107,65,49,0,0,61,304,0
Georgia,Clayton,2021,121,69,52,0,0,0,0,74,62,44,0,0,0,121,0
Georgia,Cobb,2021,285,218,67,0,0,0,0,80,57,41,0,0,188,97,0
Georgia,Coffee,2021,116,91,25,0,0,0,0,69,53,35,0,0,0,116,0
Georgia,Columbia,2021,245,239,6,0,0,0,0,67,46,33,0,0,245,0,0
Georgia,Dawson,2021,245,230,15,0,0,0,0,87,47,36,0,0,245,0,0
Georgia,DeKalb,2021,365,190,173,2,0,0,0,119,66,49,0,18,59,288,0
Georgia,Dougherty,2021,352,166,182,4,0,0,0,133,69,51,0,0,0,352,0
Georgia,Douglas,2021,244,215,27,2,0,0,0,101,58,38,0,0,244,0,0
Georgia,Floyd,2021,354,234,118,2,0,0,0,141,62,38,0,0,0,354,0
Georgia,Fulton,2021,365,147,214,4,0,0,0,150,71,53,0,3,44,318,0
Georgia,Glynn,2021,322,267,55,0,0,0,0,80,54,38,0,0,185,137,0
Georgia,Gwinnett,2021,324,173,149,2,0,0,0,108,67,49,0,0,71,253,0
Georgia,Hall,2021,365,209,156,0,0,0,0,83,62,46,0,0,0,365,0
Georgia,Henry,2021,360,259,100,1,0,0,0,112,63,39,0,0,140,220,0
Georgia,Houston,2021,359,182,173,4,0,0,0,111,65,49,0,0,0,359,0
Georgia,Lowndes,2021,358,213,145,0,0,0,0,86,60,46,0,0,0,358,0
Georgia,Murray,2021,276,240,36,0,0,0,0,87,52,38,0,0,223,53,0
Georgia,Muscogee,2021,353,233,118,1,1,0,0,155,63,43,0,0,87,266,0
Georgia,Pike,2021,352,326,26,0,0,0,0,80,49,36,0,0,352,0,0
Georgia,Richmond,2021,364,174,183,7,0,0,0,145,70,51,0,0,76,287,1
Georgia,Rockdale,2021,243,216,27,0,0,0,0,93,54,39,0,0,243,0,0
Georgia,Sumter,2021,245,228,17,0,0,0,0,74,49,35,0,0,245,0,0
Georgia,Walker,2021,233,93,139,1,0,0,0,110,68,53,0,0,0,233,0
Georgia,Washington,2021,365,178,184,3,0,0,0,111,69,51,0,0,0,365,0
Hawaii,Hawaii,2021,365,336,29,0,0,0,0,65,48,27,0,0,0,365,0
Hawaii,Honolulu,2021,365,364,1,0,0,0,0,58,39,28,1,2,266,89,7
Hawaii,Kauai,2021,364,364,0,0,0,0,0,47,29,17,0,35,0,329,0
Hawaii,Maui,2021,363,361,2,0,0,0,0,63,31,21,0,0,0,363,0
Idaho,Ada,2021,365,223,124,15,3,0,0,173,79,46,0,7,207,150,1
Idaho,Bannock,2021,365,245,112,7,1,0,0,155,76,44,0,0,96,195,74
Idaho,Benewah,2021,364,182,168,7,7,0,0,197,74,51,0,0,0,364,0
Idaho,Blaine,2021,350,288,52,10,0,0,0,144,66,23,0,0,0,350,0
Idaho,Boise,2021,365,186,167,10,2,0,0,161,72,49,0,0,0,365,0
Idaho,Bonner,2021,364,260,94,4,4,2,0,203,63,37,0,0,0,319,45
Idaho,Bonneville,2021,356,275,72,9,0,0,0,144,67,31,0,0,0,356,0
Idaho,Butte,2021,363,289,71,3,0,0,0,128,67,42,0,0,350,13,0
Idaho,Canyon,2021,365,209,147,5,4,0,0,172,71,46,0,0,0,347,18
Idaho,Custer,2021,110,93,17,0,0,0,0,99,57,8,0,0,0,110,0
Idaho,Franklin,2021,365,285,74,6,0,0,0,119,66,28,0,0,0,365,0
Idaho,Idaho,2021,365,237,112,9,7,0,0,188,77,42,0,0,186,179,0
Idaho,Kootenai,2021,357,268,81,3,5,0,0,195,60,31,0,0,0,357,0
Idaho,Latah,2021,360,309,41,5,5,0,0,195,57,20,0,0,0,360,0
Idaho,Lemhi,2021,365,188,157,16,4,0,0,172,83,47,0,0,0,365,0
Idaho,Nez Perce,2021,365,251,96,15,2,1,0,204,77,34,0,0,0,365,0
Idaho,Shoshone,2021,363,186,162,9,6,0,0,179,75,49,0,0,0,362,1
Idaho,Twin Falls,2021,361,298,56,7,0,0,0,144,61,28,0,0,0,361,0
Idaho,Valley,2021,351,217,125,7,2,0,0,162,72,41,0,0,0,351,0
Illinois,Adams,2021,242,219,23,0,0,0,0,93,50,40,0,0,242,0,0
Illinois,Champaign,2021,365,236,129,0,0,0,0,99,63,44,0,0,143,222,0
Illinois,Clark,2021,363,344,19,0,0,0,0,84,46,34,0,0,363,0,0
Illinois,Cook,2021,365,87,257,20,1,0,0,156,89,59,0,7,78,255,25
Illinois,DuPage,2021,365,179,184,2,0,0,0,105,69,51,0,0,100,265,0
Illinois,Effingham,2021,237,226,11,0,0,0,0,77,46,37,0,0,237,0,0
Illinois,Hamilton,2021,364,207,155,2,0,0,0,115,63,48,0,0,83,281,0
Illinois,Jersey,2021,360,225,133,2,0,0,0,112,61,45,0,0,120,240,0
Illinois,Jo Daviess,2021,362,336,26,0,0,0,0,97,47,36,0,0,362,0,0
Illinois,Kane,2021,285,188,96,1,0,0,0,112,67,44,0,0,189,96,0
Illinois,Lake,2021,244,180,55,9,0,0,0,136,77,42,0,0,244,0,0
Illinois,Macon,2021,361,179,179,3,0,0,0,112,67,51,0,0,92,269,0
Illinois,Macoupin,2021,358,339,19,0,0,0,0,93,48,31,0,131,227,0,0
Illinois,Madison,2021,365,82,277,6,0,0,0,143,74,57,0,0,65,300,0
Illinois,McHenry,2021,363,187,174,2,0,0,0,105,68,49,0,0,115,248,0
Illinois,McLean,2021,365,191,173,1,0,0,0,107,63,48,0,0,89,276,0
Illinois,Peoria,2021,361,181,179,1,0,0,0,101,65,50,0,0,92,269,0
Illinois,Randolph,2021,355,223,131,1,0,0,0,122,61,45,0,0,119,236,0
Illinois,Rock Island,2021,361,191,167,3,0,0,0,112,66,49,0,0,95,266,0
Illinois,Saint Clair,2021,365,141,221,2,1,0,0,185,68,53,0,2,63,300,0
Illinois,Sangamon,2021,362,233,129,0,0,0,0,98,62,43,0,0,100,262,0
Illinois,Will,2021,365,157,206,2,0,0,0,105,67,52,0,0,83,282,0
Illinois,Winnebago,2021,360,190,170,0,0,0,0,100,68,49,0,0,114,246,0
Indiana,Allen,2021,365,257,108,0,0,0,0,100,63,40,0,0,226,139,0
Indiana,Bartholomew,2021,364,252,112,0,0,0,0,93,61,43,0,0,163,201,0
Indiana,Boone,2021,365,337,27,1,0,0,0,101,48,33,0,0,365,0,0
Indiana,Brown,2021,361,341,20,0,0,0,0,84,46,33,0,0,361,0,0
Indiana,Carroll,2021,365,338,26,1,0,0,0,105,48,34,0,0,365,0,0
Indiana,Clark,2021,365,160,205,0,0,0,0,96,71,52,0,0,59,306,0
Indiana,Delaware,2021,362,299,63,0,0,0,0,97,57,37,0,0,293,69,0
Indiana,Dubois,2021,125,77,48,0,0,0,0,94,64,43,0,0,0,119,6
Indiana,Elkhart,2021,365,214,151,0,0,0,0,87,62,45,0,0,139,226,0
Indiana,Floyd,2021,363,340,23,0,0,0,0,100,48,34,0,0,363,0,0
Indiana,Greene,2021,356,288,68,0,0,0,0,100,57,38,0,0,287,69,0
Indiana,Hamilton,2021,365,232,133,0,0,0,0,100,66,44,0,0,155,210,0
Indiana,Hendricks,2021,365,347,18,0,0,0,0,80,46,33,0,0,365,0,0
Indiana,Henry,2021,117,78,39,0,0,0,0,82,62,38,0,0,0,117,0
Indiana,Howard,2021,361,227,132,2,0,0,0,105,62,44,0,0,164,197,0
Indiana,Knox,2021,360,320,38,2,0,0,0,108,51,36,0,0,360,0,0
Indiana,LaPorte,2021,365,282,78,5,0,0,0,143,64,37,0,0,309,56,0
Indiana,Lake,2021,365,134,225,5,1,0,0,175,72,54,0,2,53,308,2
Indiana,Madison,2021,364,199,165,0,0,0,0,97,67,48,0,0,124,240,0
Indiana,Marion,2021,365,81,278,6,0,0,0,114,81,58,0,2,31,332,0
Indiana,Monroe,2021,352,223,129,0,0,0,0,95,61,43,0,0,0,352,0
Indiana,Perry,2021,363,334,29,0,0,0,0,97,50,36,0,0,363,0,0
Indiana,Porter,2021,365,204,154,7,0,0,0,136,68,47,0,0,149,205,11
Indiana,Posey,2021,360,344,16,0,0,0,0,77,45,32,0,0,360,0,0
Indiana,Shelby,2021,365,345,20,0,0,0,0,100,46,33,0,0,365,0,0
Indiana,Spencer,2021,120,78,42,0,0,0,0,89,62,42,0,0,0,120,0
Indiana,St. Joseph,2021,365,169,195,1,0,0,0,105,71,52,0,0,96,269,0
Indiana,Tippecanoe,2021,349,213,136,0,0,0,0,97,62,44,0,0,0,349,0
Indiana,Vanderburgh,2021,365,176,188,1,0,0,0,109,68,51,0,0,76,289,0
Indiana,Vigo,2021,365,172,193,0,0,0,0,99,67,51,0,0,100,265,0
Indiana,Wabash,2021,362,327,34,1,0,0,0,101,50,35,0,0,362,0,0
Indiana,Warrick,2021,365,337,27,1,0,0,0,105,48,35,0,0,365,0,0
Indiana,Whitley,2021,361,203,158,0,0,0,0,96,64,47,0,0,0,361,0
Iowa,Black Hawk,2021,365,211,154,0,0,0,0,96,63,47,0,0,0,365,0
Iowa,Bremer,2021,244,223,21,0,0,0,0,90,49,40,0,0,244,0,0
Iowa,Cerro Gordo,2021,120,118,2,0,0,0,0,56,31,19,0,0,0,0,120
Iowa,Clinton,2021,365,134,229,2,0,0,0,112,70,55,0,0,62,303,0
Iowa,Harrison,2021,243,216,27,0,0,0,0,87,54,39,0,0,243,0,0
Iowa,Johnson,2021,364,172,190,2,0,0,0,121,67,52,0,0,0,364,0
Iowa,Lee,2021,101,63,38,0,0,0,0,73,63,42,0,0,0,101,0
Iowa,Linn,2021,365,160,201,4,0,0,0,123,69,52,0,0,75,290,0
Iowa,Montgomery,2021,351,250,100,1,0,0,0,112,58,42,0,0,109,242,0
Iowa,Muscatine,2021,365,211,154,0,0,0,0,90,63,45,0,0,0,363,2
Iowa,Palo Alto,2021,362,250,108,2,2,0,0,167,64,43,0,0,136,226,0
Iowa,Polk,2021,365,227,137,1,0,0,0,110,64,45,0,7,115,243,0
Iowa,Pottawattamie,2021,124,83,40,1,0,0,0,117,62,44,0,0,0,123,1
Iowa,Scott,2021,365,145,219,1,0,0,0,102,70,53,0,0,73,241,51
Iowa,Van Buren,2021,362,223,139,0,0,0,0,94,60,44,0,0,88,274,0
Iowa,Woodbury,2021,115,79,35,0,1,0,0,168,63,42,0,0,0,115,0
Kansas,Chase,2021,120,102,18,0,0,0,0,99,52,27,0,0,0,120,0
Kansas,Ford,2021,358,353,5,0,0,0,0,80,32,17,0,0,0,0,358
Kansas,Johnson,2021,364,207,153,4,0,0,0,138,65,46,0,0,117,247,0
Kansas,Leavenworth,2021,348,330,16,2,0,0,0,126,47,34,0,0,348,0,0
Kansas,Neosho,2021,362,171,189,2,0,0,0,145,66,51,0,0,78,277,7
Kansas,Sedgwick,2021,365,224,136,5,0,0,0,141,66,46,0,6,188,163,8
Kansas,Shawnee,2021,365,189,173,2,1,0,0,151,65,49,0,0,86,279,0
Kansas,Sherman,2021,320,308,11,0,0,1,0,221,38,17,0,0,0,0,320
Kansas,Sumner,2021,365,167,194,4,0,0,0,147,68,52,0,0,94,266,5
Kansas,Trego,2021,362,248,108,5,0,0,1,318,66,43,0,2,235,117,8
Kansas,Wyandotte,2021,365,154,204,7,0,0,0,145,69,53,0,0,78,287,0
Kentucky,Bell,2021,364,164,198,2,0,0,0,112,68,52,0,0,47,317,0
Kentucky,Boone,2021,244,225,19,0,0,0,0,90,49,39,0,0,244,0,0
Kentucky,Boyd,2021,360,231,128,1,0,0,0,102,61,44,0,8,70,282,0
Kentucky,Bullitt,2021,237,212,24,1,0,0,0,143,51,37,0,0,237,0,0
Kentucky,Campbell,2021,362,230,131,1,0,0,0,101,64,44,0,2,94,266,0
Kentucky,Carter,2021,279,252,27,0,0,0,0,86,50,35,0,0,200,77,2
Kentucky,Christian,2021,365,190,175,0,0,0,0,99,67,49,0,0,66,299,0
Kentucky,Daviess,2021,363,200,163,0,0,0,0,99,68,48,0,0,88,275,0
Kentucky,Edmonson,2021,364,327,37,0,0,0,0,74,51,36,3,0,326,35,0
Kentucky,Fayette,2021,363,214,148,1,0,0,0,108,66,47,0,16,66,280,1
Kentucky,Greenup,2021,231,227,4,0,0,0,0,54,46,34,0,0,231,0,0
Kentucky,Hancock,2021,241,220,21,0,0,0,0,90,49,38,0,0,241,0,0
Kentucky,Hardin,2021,364,238,125,1,0,0,0,101,62,43,0,0,117,247,0
Kentucky,Jefferson,2021,365,138,221,6,0,0,0,126,74,54,0,0,68,297,0
Kentucky,Jessamine,2021,227,211,15,1,0,0,0,101,49,38,0,0,227,0,0
Kentucky,Livingston,2021,243,225,18,0,0,0,0,93,48,39,0,0,243,0,0
Kentucky,McCracken,2021,363,221,140,2,0,0,0,109,64,44,0,21,93,247,2
Kentucky,Morgan,2021,352,338,14,0,0,0,0,71,47,35,0,0,352,0,0
Kentucky,Oldham,2021,244,216,27,1,0,0,0,105,54,39,0,0,244,0,0
Kentucky,Perry,2021,365,247,118,0,0,0,0,93,60,44,0,0,71,294,0
Kentucky,Pike,2021,365,273,91,0,1,0,0,164,57,41,0,0,92,273,0
Kentucky,Pulaski,2021,361,229,131,1,0,0,0,101,62,45,0,0,74,287,0
Kentucky,Simpson,2021,243,222,21,0,0,0,0,90,50,37,0,0,243,0,0
Kentucky,Trigg,2021,345,330,15,0,0,0,0,74,48,35,0,0,345,0,0
Kentucky,Warren,2021,363,218,143,2,0,0,0,117,65,45,0,0,78,285,0
Kentucky,Washington,2021,362,342,20,0,0,0,0,87,47,36,0,0,362,0,0
Louisiana,Ascension,2021,356,338,16,1,1,0,0,159,45,31,0,10,346,0,0
Louisiana,Bossier,2021,365,172,193,0,0,0,0,88,64,51,0,0,61,297,7
Louisiana,Caddo,2021,362,289,73,0,0,0,0,93,56,37,0,0,268,94,0
Louisiana,Calcasieu,2021,365,171,193,0,1,0,0,156,65,51,0,2,78,285,0
Louisiana,East Baton Rouge,2021,365,217,145,2,1,0,0,159,61,47,0,1,85,279,0
Louisiana,Iberville,2021,365,299,63,3,0,0,0,129,58,39,0,0,307,58,0
Louisiana,Jefferson,2021,355,277,76,2,0,0,0,105,55,40,0,1,163,191,0
Louisiana,Lafayette,2021,365,243,122,0,0,0,0,87,60,42,0,0,145,219,1
Louisiana,Lafourche,2021,347,204,143,0,0,0,0,84,60,45,0,0,112,235,0
Louisiana,Livingston,2021,348,186,161,1,0,0,0,133,62,48,0,6,83,259,0
Louisiana,Orleans,2021,357,308,49,0,0,0,0,69,53,33,2,57,0,296,2
Louisiana,Ouachita,2021,349,318,31,0,0,0,0,87,50,35,0,0,277,72,0
Louisiana,Pointe Coupee,2021,365,353,12,0,0,0,0,100,44,32,0,0,365,0,0
Louisiana,Rapides,2021,122,96,26,0,0,0,0,66,55,38,0,0,0,122,0
Louisiana,St. Bernard,2021,359,206,153,0,0,0,0,80,61,47,0,0,117,242,0
Louisiana,St. James,2021,330,326,4,0,0,0,0,58,41,28,0,0,330,0,0
Louisiana,St. John the Baptist,2021,336,327,8,1,0,0,0,108,45,31,0,0,336,0,0
Louisiana,St. Martin,2021,360,347,13,0,0,0,0,87,47,34,0,0,360,0,0
Louisiana,St. Tammany,2021,352,288,64,0,0,0,0,71,54,37,0,0,152,200,0
Louisiana,Tangipahoa,2021,110,81,29,0,0,0,0,65,58,39,0,0,0,110,0
Louisiana,Terrebonne,2021,110,89,21,0,0,0,0,64,56,34,0,0,0,110,0
Louisiana,West Baton Rouge,2021,365,220,142,3,0,0,0,150,59,46,0,1,92,272,0
Maine,Androscoggin,2021,356,303,53,0,0,0,0,95,53,36,0,0,113,239,4
Maine,Aroostook,2021,365,305,58,1,1,0,0,182,54,35,0,0,198,158,9
Maine,Cumberland,2021,365,319,43,3,0,0,0,129,54,36,0,5,260,97,3
Maine,Hancock,2021,365,324,38,3,0,0,0,133,52,36,1,0,332,32,0
Maine,Kennebec,2021,244,226,17,1,0,0,0,125,47,33,0,0,205,37,2
Maine,Knox,2021,211,192,17,2,0,0,0,119,50,35,0,0,211,0,0
Maine,Oxford,2021,360,308,51,1,0,0,0,113,52,35,0,0,170,190,0
Maine,Penobscot,2021,362,326,36,0,0,0,0,100,50,33,0,0,194,166,2
Maine,Washington,2021,360,348,12,0,0,0,0,90,44,33,0,0,344,16,0
Maine,York,2021,240,217,20,3,0,0,0,129,50,37,0,0,240,0,0
Maryland,Anne Arundel,2021,262,222,39,1,0,0,0,101,64,38,0,0,240,0,22
Maryland,Baltimore,2021,365,207,148,10,0,0,0,140,71,47,0,10,178,177,0
Maryland,Baltimore (City),2021,364,243,121,0,0,0,0,93,61,43,0,35,99,230,0
Maryland,Calvert,2021,223,205,17,1,0,0,0,105,49,39,0,0,223,0,0
Maryland,Carroll,2021,243,208,34,1,0,0,0,112,54,41,0,0,243,0,0
Maryland,Cecil,2021,358,235,119,4,0,0,0,118,65,44,0,0,158,200,0
Maryland,Charles,2021,242,215,26,1,0,0,0,105,51,38,0,0,242,0,0
Maryland,Dorchester,2021,365,287,77,1,0,0,0,105,58,41,0,0,254,111,0
Maryland,Frederick,2021,244,207,36,1,0,0,0,126,58,41,0,0,244,0,0
Maryland,Garrett,2021,365,312,53,0,0,0,0,92,54,39,0,0,266,99,0
Maryland,Harford,2021,357,219,129,9,0,0,0,122,71,46,0,0,174,183,0
Maryland,Howard,2021,365,284,81,0,0,0,0,83,55,36,0,109,0,256,0
Maryland,Kent,2021,357,284,72,1,0,0,0,108,56,40,0,0,208,149,0
Maryland,Montgomery,2021,361,251,107,3,0,0,0,119,61,42,0,0,193,168,0
Maryland,Prince George's,2021,365,287,73,5,0,0,0,129,64,41,0,6,290,69,0
Maryland,Washington,2021,360,244,115,1,0,0,0,115,65,44,0,0,155,205,0
Massachusetts,Barnstable,2021,359,331,25,3,0,0,0,126,49,36,0,0,346,13,0
Massachusetts,Berkshire,2021,365,230,134,1,0,0,0,103,60,44,0,0,72,293,0
Massachusetts,Bristol,2021,365,279,84,2,0,0,0,147,56,39,0,0,230,135,0
Massachusetts,Dukes,2021,356,329,27,0,0,0,0,100,49,36,0,0,337,19,0
Massachusetts,Essex,2021,365,285,79,1,0,0,0,129,56,38,0,0,184,181,0
Massachusetts,Franklin,2021,365,228,137,0,0,0,0,99,60,44,0,0,101,264,0
Massachusetts,Hampden,2021,365,215,148,2,0,0,0,116,63,46,0,4,83,278,0
Massachusetts,Hampshire,2021,352,307,45,0,0,0,0,96,52,35,0,0,204,147,1
Massachusetts,Middlesex,2021,365,299,64,1,1,0,0,153,55,37,0,10,157,198,0
Massachusetts,Norfolk,2021,365,280,82,3,0,0,0,133,57,37,0,0,185,180,0
Massachusetts,Plymouth,2021,365,257,106,2,0,0,0,112,58,39,0,0,147,218,0
Massachusetts,Suffolk,2021,365,237,125,3,0,0,0,145,61,44,0,11,65,289,0
Massachusetts,Worcester,2021,365,218,144,3,0,0,0,125,59,45,0,3,97,265,0
Michigan,Allegan,2021,361,245,107,9,0,0,0,136,64,42,0,0,176,185,0
Michigan,Bay,2021,363,290,73,0,0,0,0,86,56,28,0,0,0,363,0
Michigan,Benzie,2021,251,222,29,0,0,0,0,100,51,36,0,0,251,0,0
Michigan,Berrien,2021,250,209,38,3,0,0,0,129,67,40,0,0,250,0,0
Michigan,Cass,2021,265,235,29,1,0,0,0,112,54,40,0,0,265,0,0
Michigan,Clinton,2021,239,217,22,0,0,0,0,100,50,37,0,0,239,0,0
Michigan,Genesee,2021,365,247,115,3,0,0,0,119,61,41,0,0,165,200,0
Michigan,Huron,2021,246,221,23,2,0,0,0,101,51,37,0,0,246,0,0
Michigan,Ingham,2021,363,204,159,0,0,0,0,97,68,46,0,1,105,257,0
Michigan,Kalamazoo,2021,349,177,172,0,0,0,0,100,70,50,0,0,72,277,0
Michigan,Kent,2021,365,189,173,3,0,0,0,143,71,49,0,5,123,237,0
Michigan,Keweenaw,2021,117,109,8,0,0,0,0,67,41,14,0,0,0,117,0
Michigan,Lenawee,2021,322,188,134,0,0,0,0,93,64,46,0,0,112,210,0
Michigan,Macomb,2021,365,180,182,3,0,0,0,115,71,51,0,0,114,251,0
Michigan,Manistee,2021,269,218,48,3,0,0,0,115,58,38,0,0,241,28,0
Michigan,Mason,2021,243,206,34,3,0,0,0,115,54,38,0,0,243,0,0
Michigan,Missaukee,2021,355,216,139,0,0,0,0,90,62,45,0,0,85,270,0
Michigan,Monroe,2021,61,57,4,0,0,0,0,77,45,19,0,0,0,0,61
Michigan,Muskegon,2021,265,209,48,8,0,0,0,129,71,40,0,0,265,0,0
Michigan,Oakland,2021,296,227,68,1,0,0,0,101,64,39,0,0,233,63,0
Michigan,Ottawa,2021,365,186,175,4,0,0,0,108,71,49,0,0,101,264,0
Michigan,Schoolcraft,2021,360,269,88,3,0,0,0,112,58,37,0,0,175,185,0
Michigan,St. Clair,2021,365,198,160,7,0,0,0,140,71,48,0,0,118,247,0
Michigan,Tuscola,2021,353,327,25,1,0,0,0,101,48,34,0,0,353,0,0
Michigan,Washtenaw,2021,365,212,153,0,0,0,0,100,65,46,0,0,150,215,0
Michigan,Wayne,2021,365,86,275,4,0,0,0,118,84,58,0,5,33,319,8
Michigan,Wexford,2021,360,334,25,1,0,0,0,105,47,34,0,0,360,0,0
Minnesota,Anoka,2021,365,258,100,5,2,0,0,162,68,41,0,6,217,141,1
Minnesota,Becker,2021,357,147,199,6,4,1,0,208,72,52,0,0,28,329,0
Minnesota,Beltrami,2021,341,281,51,5,2,2,0,283,61,29,0,0,0,341,0
Minnesota,Carlton,2021,365,318,43,4,0,0,0,143,54,31,0,0,191,174,0
Minnesota,Cass,2021,352,103,237,7,4,1,0,275,69,54,0,0,0,352,0
Minnesota,Cook,2021,328,306,18,3,1,0,0,153,36,9,0,0,0,328,0
Minnesota,Crow Wing,2021,357,289,63,2,2,1,0,246,61,36,0,0,179,178,0
Minnesota,Dakota,2021,365,252,110,1,2,0,0,157,63,39,0,16,0,349,0
Minnesota,Goodhue,2021,216,193,23,0,0,0,0,90,58,39,0,0,216,0,0
Minnesota,Hennepin,2021,365,213,149,0,3,0,0,157,66,45,0,18,92,219,36
Minnesota,Lake,2021,362,315,43,3,1,0,0,160,54,31,0,0,183,179,0
Minnesota,Lyon,2021,359,263,91,3,2,0,0,187,64,39,0,0,159,200,0
Minnesota,Mille Lacs,2021,245,232,13,0,0,0,0,71,47,36,0,0,245,0,0
Minnesota,Olmsted,2021,361,275,84,2,0,0,0,125,61,39,0,0,201,160,0
Minnesota,Ramsey,2021,365,252,110,3,0,0,0,148,65,39,0,0,0,344,21
Minnesota,Saint Louis,2021,365,283,72,8,2,0,0,159,64,37,0,2,219,133,11
Minnesota,Scott,2021,351,263,88,0,0,0,0,98,61,39,0,0,209,142,0
Minnesota,Stearns,2021,362,261,95,3,2,1,0,252,68,40,0,0,132,230,0
Minnesota,Washington,2021,227,205,21,1,0,0,0,119,49,35,0,0,227,0,0
Minnesota,Winona,2021,116,101,15,0,0,0,0,80,52,24,0,0,0,116,0
Minnesota,Wright,2021,357,233,119,3,2,0,0,193,71,43,0,0,148,209,0
Mississippi,Bolivar,2021,360,236,124,0,0,0,0,90,60,44,0,0,94,266,0
Mississippi,DeSoto,2021,364,228,135,1,0,0,0,136,62,46,0,0,85,279,0
Mississippi,Forrest,2021,363,178,185,0,0,0,0,93,60,51,0,0,0,363,0
Mississippi,Hancock,2021,360,225,135,0,0,0,0,97,60,45,0,0,62,298,0
Mississippi,Harrison,2021,359,221,138,0,0,0,0,87,58,45,0,0,61,298,0
Mississippi,Hinds,2021,365,144,221,0,0,0,0,88,64,52,0,0,30,335,0
Mississippi,Jackson,2021,359,242,117,0,0,0,0,84,57,44,0,0,108,251,0
Mississippi,Lauderdale,2021,245,244,1,0,0,0,0,54,42,31,0,0,245,0,0
Mississippi,Lee,2021,242,232,10,0,0,0,0,64,46,36,0,0,242,0,0
Mississippi,Yalobusha,2021,359,354,5,0,0,0,0,61,44,31,0,0,359,0,0
Missouri,Andrew,2021,245,225,20,0,0,0,0,90,50,39,0,0,245,0,0
Missouri,Boone,2021,245,233,12,0,0,0,0,77,47,37,0,0,245,0,0
Missouri,Buchanan,2021,365,235,127,3,0,0,0,109,59,44,0,0,0,310,55
Missouri,Callaway,2021,245,229,16,0,0,0,0,80,47,39,0,0,245,0,0
Missouri,Cass,2021,365,267,97,1,0,0,0,108,59,42,0,0,156,209,0
Missouri,Cedar,2021,350,242,108,0,0,0,0,88,58,42,0,0,148,202,0
Missouri,Clay,2021,350,270,76,4,0,0,0,129,64,41,0,0,206,144,0
Missouri,Clinton,2021,245,221,24,0,0,0,0,97,50,38,0,0,245,0,0
Missouri,Greene,2021,365,300,65,0,0,0,0,84,55,38,0,0,188,135,42
Missouri,Jackson,2021,365,132,228,5,0,0,0,147,68,53,0,5,0,319,41
Missouri,Jasper,2021,360,298,62,0,0,0,0,93,58,38,0,0,218,0,142
Missouri,Jefferson,2021,365,244,116,4,1,0,0,164,62,44,0,0,145,210,10
Missouri,Lincoln,2021,244,225,19,0,0,0,0,93,49,39,0,0,244,0,0
Missouri,Monroe,2021,365,359,6,0,0,0,0,71,44,32,0,0,363,0,2
Missouri,Perry,2021,244,213,29,2,0,0,0,122,51,39,0,0,244,0,0
Missouri,Saint Charles,2021,245,209,34,2,0,0,0,119,54,41,0,0,245,0,0
Missouri,Saint Louis,2021,365,251,111,3,0,0,0,126,61,42,0,20,153,192,0
Missouri,Sainte Genevieve,2021,245,227,18,0,0,0,0,100,48,39,0,0,245,0,0
Missouri,St. Louis City,2021,365,114,244,6,1,0,0,187,71,55,0,1,50,305,9
Missouri,Stoddard,2021,109,84,25,0,0,0,0,74,56,30,0,0,0,109,0
Missouri,Taney,2021,118,102,16,0,0,0,0,86,53,27,0,0,0,118,0
Montana,Cascade,2021,365,296,58,9,2,0,0,160,62,27,0,0,0,365,0
Montana,Fergus,2021,365,288,62,14,1,0,0,156,77,41,0,0,296,68,1
Montana,Flathead,2021,365,268,88,8,1,0,0,155,66,39,0,0,181,144,40
Montana,Gallatin,2021,365,243,107,14,1,0,0,158,78,41,2,5,0,358,0
Montana,Lake,2021,117,105,9,2,1,0,0,152,57,9,0,0,0,117,0
Montana,Lewis and Clark,2021,365,249,99,14,3,0,0,156,77,44,0,0,218,147,0
Montana,Lincoln,2021,365,125,223,11,6,0,0,177,79,56,0,0,0,362,3
Montana,Missoula,2021,365,122,213,24,6,0,0,162,94,56,0,0,63,302,0
Montana,Phillips,2021,361,292,64,5,0,0,0,146,66,36,0,0,260,96,5
Montana,Powder River,2021,358,230,113,11,4,0,0,169,80,42,0,1,202,134,21
Montana,Powell,2021,117,101,13,3,0,0,0,133,63,12,0,0,0,117,0
Montana,Ravalli,2021,358,268,67,18,5,0,0,159,76,28,0,0,0,358,0
Montana,Richland,2021,351,284,63,4,0,0,0,147,71,38,0,0,273,75,3
Montana,Roosevelt,2021,100,89,11,0,0,0,0,99,56,16,0,0,0,100,0
Montana,Rosebud,2021,363,266,83,12,2,0,0,155,74,38,0,6,171,113,73
Montana,Sanders,2021,356,232,104,8,11,1,0,207,84,42,0,0,0,350,6
Montana,Sheridan,2021,120,108,12,0,0,0,0,98,52,17,0,0,0,120,0
Montana,Silver Bow,2021,365,256,89,14,6,0,0,163,80,33,0,0,0,325,40
Montana,Yellowstone,2021,340,212,118,9,1,0,0,167,70,40,0,0,0,340,0
Nebraska,Cass,2021,351,345,6,0,0,0,0,64,37,19,0,0,0,0,351
Nebraska,Douglas,2021,365,244,116,5,0,0,0,150,64,43,0,0,165,189,11
Nebraska,Gage,2021,184,49,134,1,0,0,0,115,66,55,0,0,0,184,0
Nebraska,Hall,2021,357,268,87,2,0,0,0,134,58,34,0,0,0,357,0
Nebraska,Knox,2021,358,317,36,5,0,0,0,112,54,37,0,0,358,0,0
Nebraska,Lancaster,2021,276,246,30,0,0,0,0,84,53,37,0,0,201,75,0
Nebraska,Sarpy,2021,336,226,108,2,0,0,0,120,61,41,0,0,0,336,0
Nebraska,Scotts Bluff,2021,332,294,38,0,0,0,0,82,53,21,0,0,0,332,0
Nebraska,Thomas,2021,117,111,6,0,0,0,0,84,44,19,0,0,0,117,0
Nebraska,Washington,2021,109,83,25,1,0,0,0,125,59,37,0,0,0,109,0
Nevada,Carson City,2021,365,273,64,9,12,6,1,304,84,42,0,0,266,99,0
Nevada,Churchill,2021,362,271,81,9,1,0,0,159,74,44,0,0,362,0,0
Nevada,Clark,2021,365,87,244,31,3,0,0,183,100,62,0,1,214,133,17
Nevada,Douglas,2021,365,279,53,7,20,6,0,279,91,24,0,0,0,365,0
Nevada,Elko,2021,365,282,73,9,1,0,0,156,71,42,0,0,186,13,166
Nevada,Lyon,2021,270,196,67,7,0,0,0,133,74,41,0,0,270,0,0
Nevada,Nye,2021,365,336,28,1,0,0,0,105,44,23,0,0,0,0,365
Nevada,Washoe,2021,365,174,156,16,10,8,1,333,95,51,0,1,240,120,4
Nevada,White Pine,2021,364,280,82,2,0,0,0,133,61,44,0,0,356,8,0
New Hampshire,Belknap,2021,365,340,24,1,0,0,0,110,47,31,0,0,162,203,0
New Hampshire,Cheshire,2021,364,263,100,1,0,0,0,127,59,40,0,0,127,237,0
New Hampshire,Coos,2021,360,325,33,2,0,0,0,133,50,42,0,0,355,5,0
New Hampshire,Grafton,2021,365,313,51,1,0,0,0,106,53,36,0,0,201,164,0
New Hampshire,Hillsborough,2021,365,328,35,2,0,0,0,144,51,37,0,0,317,48,0
New Hampshire,Merrimack,2021,214,200,13,1,0,0,0,101,47,36,0,0,214,0,0
New Hampshire,Rockingham,2021,365,285,76,4,0,0,0,147,58,40,0,0,199,165,1
New Jersey,Atlantic,2021,362,290,72,0,0,0,0,96,56,37,0,0,202,160,0
New Jersey,Bergen,2021,365,230,126,9,0,0,0,147,65,43,0,54,104,207,0
New Jersey,Camden,2021,365,188,173,4,0,0,0,120,67,49,0,9,138,218,0
New Jersey,Cumberland,2021,364,291,71,2,0,0,0,112,55,39,0,4,231,129,0
New Jersey,Essex,2021,365,214,148,3,0,0,0,125,63,46,0,26,97,242,0
New Jersey,Gloucester,2021,297,238,57,2,0,0,0,101,59,40,0,0,226,71,0
New Jersey,Hudson,2021,365,216,146,3,0,0,0,126,64,44,0,46,98,221,0
New Jersey,Hunterdon,2021,364,249,115,0,0,0,0,97,61,43,0,0,159,205,0
New Jersey,Mercer,2021,365,193,165,7,0,0,0,130,67,48,0,0,139,226,0
New Jersey,Middlesex,2021,364,233,126,5,0,0,0,129,64,44,0,4,142,218,0
New Jersey,Monmouth,2021,255,227,24,3,1,0,0,154,54,36,0,0,255,0,0
New Jersey,Morris,2021,363,327,36,0,0,0,0,97,49,36,0,8,317,38,0
New Jersey,Ocean,2021,357,253,100,4,0,0,0,126,60,42,0,0,154,203,0
New Jersey,Passaic,2021,261,243,18,0,0,0,0,80,48,37,0,0,261,0,0
New Jersey,Union,2021,365,157,207,1,0,0,0,139,66,52,0,34,0,331,0
New Jersey,Warren,2021,358,237,120,1,0,0,0,136,61,42,0,12,112,234,0
New Mexico,Bernalillo,2021,365,60,284,19,2,0,0,171,92,63,0,0,147,118,100
New Mexico,Catron,2021,112,103,9,0,0,0,0,89,41,14,0,0,0,112,0
New Mexico,Chaves,2021,121,110,11,0,0,0,0,74,48,24,0,0,0,121,0
New Mexico,Dona Ana,2021,365,126,208,20,8,1,2,683,94,56,0,7,196,63,99
New Mexico,Eddy,2021,365,219,120,25,1,0,0,166,93,47,0,2,357,6,0
New Mexico,Lea,2021,365,257,105,2,1,0,0,151,64,44,0,2,264,99,0
New Mexico,Lincoln,2021,120,117,3,0,0,0,0,58,35,15,0,0,0,120,0
New Mexico,Los Alamos,2021,119,115,3,1,0,0,0,109,34,14,0,0,0,119,0
New Mexico,Luna,2021,362,339,20,2,0,0,1,462,40,19,0,0,0,0,362
New Mexico,Rio Arriba,2021,363,276,86,1,0,0,0,143,64,44,0,0,360,3,0
New Mexico,San Juan,2021,365,237,120,8,0,0,0,126,77,46,0,1,360,0,4
New Mexico,Sandoval,2021,357,271,83,3,0,0,0,119,67,44,0,0,357,0,0
New Mexico,Santa Fe,2021,364,275,87,2,0,0,0,113,64,44,0,0,324,40,0
New Mexico,Socorro,2021,118,114,4,0,0,0,0,61,37,17,0,0,0,118,0
New Mexico,Taos,2021,323,290,32,1,0,0,0,108,51,28,0,0,0,323,0
New Mexico,Valencia,2021,356,295,59,2,0,0,0,136,58,43,0,0,356,0,0
New York,Albany,2021,365,254,109,2,0,0,0,118,60,39,0,0,147,218,0
New York,Bronx,2021,365,214,143,7,1,0,0,156,68,47,0,17,109,239,0
New York,Chautauqua,2021,361,300,60,1,0,0,0,105,57,38,0,0,318,43,0
New York,Dutchess,2021,341,323,17,1,0,0,0,129,46,34,0,0,341,0,0
New York,Erie,2021,365,225,139,1,0,0,0,101,64,46,0,3,104,258,0
New York,Essex,2021,365,310,54,1,0,0,0,101,58,40,0,0,337,28,0
New York,Hamilton,2021,358,343,15,0,0,0,0,100,44,33,0,0,358,0,0
New York,Jefferson,2021,351,332,19,0,0,0,0,97,46,32,0,0,351,0,0
New York,Kings,2021,365,233,131,0,1,0,0,154,61,42,0,0,0,365,0
New York,Monroe,2021,365,239,126,0,0,0,0,100,61,43,0,0,131,234,0
New York,Nassau,2021,360,291,68,1,0,0,0,118,54,32,0,0,0,360,0
New York,New York,2021,365,245,113,6,1,0,0,155,63,43,0,0,148,217,0
New York,Niagara,2021,357,330,26,1,0,0,0,108,48,34,0,0,357,0,0
New York,Oneida,2021,347,311,35,1,0,0,0,107,51,25,0,0,0,347,0
New York,Onondaga,2021,365,279,85,1,0,0,0,113,58,39,0,0,187,178,0
New York,Orange,2021,364,294,69,1,0,0,0,149,56,37,0,0,207,157,0
New York,Oswego,2021,360,337,23,0,0,0,0,97,46,34,0,0,360,0,0
New York,Putnam,2021,353,334,18,1,0,0,0,112,47,35,0,0,353,0,0
New York,Queens,2021,365,215,141,8,1,0,0,154,67,47,0,13,112,240,0
New York,Richmond,2021,364,264,94,6,0,0,0,149,61,42,0,0,159,205,0
New York,Rockland,2021,362,314,47,0,1,0,0,155,53,37,0,0,240,122,0
New York,Saratoga,2021,354,339,15,0,0,0,0,93,45,31,0,0,354,0,0
New York,Steuben,2021,365,285,79,1,0,0,0,124,59,38,0,0,187,178,0
New York,Suffolk,2021,365,281,73,10,1,0,0,154,58,42,0,0,247,118,0
New York,Tompkins,2021,360,334,25,1,0,0,0,105,48,35,0,0,360,0,0
New York,Wayne,2021,354,333,21,0,0,0,0,100,47,33,0,0,354,0,0
New York,Westchester,2021,365,307,52,6,0,0,0,143,56,38,0,0,258,107,0
North Carolina,Alexander,2021,245,212,33,0,0,0,0,80,54,41,0,0,245,0,0
North Carolina,Avery,2021,364,331,33,0,0,0,0,74,50,40,0,0,349,15,0
North Carolina,Buncombe,2021,365,278,87,0,0,0,0,81,57,41,0,0,123,242,0
North Carolina,Caldwell,2021,243,219,24,0,0,0,0,77,50,40,0,0,243,0,0
North Carolina,Carteret,2021,352,337,15,0,0,0,0,97,47,35,0,0,352,0,0
North Carolina,Caswell,2021,250,240,10,0,0,0,0,80,47,38,0,0,244,0,6
North Carolina,Catawba,2021,344,197,147,0,0,0,0,94,61,46,0,0,0,344,0
North Carolina,Cumberland,2021,365,227,137,1,0,0,0,107,64,44,0,0,124,241,0
North Carolina,Davidson,2021,343,190,153,0,0,0,0,97,62,47,0,0,0,343,0
North Carolina,Durham,2021,365,238,127,0,0,0,0,90,59,44,0,0,116,249,0
North Carolina,Edgecombe,2021,363,292,71,0,0,0,0,90,55,38,0,0,171,192,0
North Carolina,Forsyth,2021,365,201,161,3,0,0,0,124,66,48,0,0,131,234,0
North Carolina,Graham,2021,245,213,32,0,0,0,0,90,54,42,0,0,245,0,0
North Carolina,Granville,2021,242,237,5,0,0,0,0,67,46,38,0,0,242,0,0
North Carolina,Guilford,2021,365,245,120,0,0,0,0,100,62,44,0,0,154,209,2
North Carolina,Haywood,2021,283,229,54,0,0,0,0,93,61,43,0,0,240,43,0
North Carolina,Hyde,2021,107,102,5,0,0,0,0,56,43,22,0,0,0,107,0
North Carolina,Jackson,2021,100,75,25,0,0,0,0,73,56,38,0,0,0,100,0
North Carolina,Johnston,2021,365,240,125,0,0,0,0,97,60,44,0,0,104,261,0
North Carolina,Lenoir,2021,306,284,22,0,0,0,0,97,49,34,0,0,241,0,65
North Carolina,Lincoln,2021,243,205,38,0,0,0,0,97,58,42,0,0,243,0,0
North Carolina,Macon,2021,359,347,12,0,0,0,0,67,44,30,0,0,359,0,0
North Carolina,Martin,2021,296,291,5,0,0,0,0,74,46,32,0,0,238,0,58
North Carolina,Mecklenburg,2021,365,188,175,2,0,0,0,128,67,49,0,0,108,257,0
North Carolina,Mitchell,2021,356,296,60,0,0,0,0,82,53,31,0,0,0,356,0
North Carolina,Montgomery,2021,365,256,108,1,0,0,0,103,58,43,0,0,138,227,0
North Carolina,New Hanover,2021,360,286,74,0,0,0,0,93,55,40,0,0,105,255,0
North Carolina,Northampton,2021,363,270,93,0,0,0,0,94,57,34,0,4,0,359,0
North Carolina,Person,2021,245,220,25,0,0,0,0,90,51,41,0,0,245,0,0
North Carolina,Pitt,2021,360,288,72,0,0,0,0,81,55,39,0,0,137,223,0
North Carolina,Rockingham,2021,239,200,39,0,0,0,0,90,58,43,0,0,239,0,0
North Carolina,Rowan,2021,364,244,120,0,0,0,0,87,63,44,0,0,181,183,0
North Carolina,Swain,2021,354,261,92,1,0,0,0,147,58,40,0,0,200,154,0
North Carolina,Union,2021,244,209,34,1,0,0,0,101,58,42,0,0,244,0,0
North Carolina,Wake,2021,365,199,166,0,0,0,0,96,65,48,0,1,109,255,0
North Carolina,Yancey,2021,240,186,54,0,0,0,0,90,61,44,0,0,240,0,0
North Dakota,Billings,2021,364,299,60,3,2,0,0,161,67,37,0,0,291,73,0
North Dakota,Burke,2021,365,283,73,7,2,0,0,183,67,38,0,0,222,141,2
North Dakota,Burleigh,2021,365,265,83,12,5,0,0,183,70,38,0,3,124,235,3
North Dakota,Cass,2021,363,227,119,8,8,1,0,211,74,42,0,0,132,231,0
North Dakota,Dunn,2021,365,277,78,7,3,0,0,184,68,39,0,0,238,125,2
North Dakota,McKenzie,2021,356,286,62,6,2,0,0,183,72,36,0,0,237,116,3
North Dakota,Mercer,2021,365,279,77,5,4,0,0,174,68,38,0,2,218,145,0
North Dakota,Oliver,2021,365,251,99,9,6,0,0,172,71,41,0,0,205,160,0
North Dakota,Ward,2021,360,284,62,10,4,0,0,173,67,37,0,1,180,179,0
Ohio,Allen,2021,365,260,105,0,0,0,0,87,61,42,0,0,178,187,0
Ohio,Ashtabula,2021,243,213,28,2,0,0,0,112,58,38,0,0,243,0,0
Ohio,Athens,2021,113,91,22,0,0,0,0,77,55,27,0,0,0,113,0
Ohio,Belmont,2021,363,320,43,0,0,0,0,77,53,14,0,247,0,108,8
Ohio,Butler,2021,365,128,232,5,0,0,0,116,75,55,0,0,64,289,12
Ohio,Clark,2021,365,169,196,0,0,0,0,100,68,52,0,0,78,287,0
Ohio,Clermont,2021,364,263,101,0,0,0,0,97,58,42,0,0,171,193,0
Ohio,Clinton,2021,240,209,31,0,0,0,0,84,54,39,0,0,240,0,0
Ohio,Columbiana,2021,61,61,0,0,0,0,0,35,24,16,0,0,0,0,61
Ohio,Cuyahoga,2021,365,100,261,4,0,0,0,115,77,57,0,0,75,284,6
Ohio,Delaware,2021,240,222,18,0,0,0,0,77,49,38,0,0,240,0,0
Ohio,Fayette,2021,360,339,21,0,0,0,0,90,48,36,0,0,360,0,0
Ohio,Franklin,2021,365,170,195,0,0,0,0,100,70,52,0,1,88,276,0
Ohio,Geauga,2021,216,176,40,0,0,0,0,97,71,41,0,0,216,0,0
Ohio,Greene,2021,244,221,23,0,0,0,0,97,50,39,0,0,244,0,0
Ohio,Hamilton,2021,365,109,251,5,0,0,0,140,77,56,0,6,58,301,0
Ohio,Harrison,2021,232,216,16,0,0,0,0,68,42,5,175,0,0,54,3
Ohio,Jefferson,2021,358,123,232,2,1,0,0,157,74,55,0,0,49,309,0
Ohio,Knox,2021,245,225,20,0,0,0,0,97,49,38,0,0,245,0,0
Ohio,Lake,2021,365,251,107,7,0,0,0,122,66,41,0,0,148,216,1
Ohio,Lawrence,2021,365,210,155,0,0,0,0,99,62,46,0,0,85,280,0
Ohio,Licking,2021,245,227,18,0,0,0,0,87,49,38,0,0,245,0,0
Ohio,Lorain,2021,304,208,96,0,0,0,0,90,59,41,0,0,150,154,0
Ohio,Lucas,2021,364,221,138,5,0,0,0,122,69,46,0,0,120,244,0
Ohio,Madison,2021,229,212,17,0,0,0,0,84,50,39,0,0,229,0,0
Ohio,Mahoning,2021,365,205,159,1,0,0,0,110,66,47,0,0,86,279,0
Ohio,Medina,2021,363,250,113,0,0,0,0,93,62,42,0,0,169,194,0
Ohio,Miami,2021,245,215,30,0,0,0,0,87,54,40,0,0,245,0,0
Ohio,Montgomery,2021,357,157,199,1,0,0,0,101,71,53,0,0,91,266,0
Ohio,Noble,2021,351,307,44,0,0,0,0,84,53,37,0,0,319,32,0
Ohio,Portage,2021,263,205,57,1,0,0,0,108,60,40,0,0,217,46,0
Ohio,Preble,2021,365,205,160,0,0,0,0,97,66,47,0,0,108,257,0
Ohio,Scioto,2021,365,333,32,0,0,0,0,86,48,16,0,0,0,122,243
Ohio,Stark,2021,365,154,208,3,0,0,0,127,74,53,0,0,90,275,0
Ohio,Summit,2021,356,223,130,3,0,0,0,105,67,45,0,0,128,228,0
Ohio,Trumbull,2021,363,219,141,3,0,0,0,147,67,45,0,0,114,249,0
Ohio,Warren,2021,360,230,128,2,0,0,0,119,65,44,0,0,146,214,0
Ohio,Washington,2021,245,222,23,0,0,0,0,87,50,39,0,0,245,0,0
Ohio,Wood,2021,245,216,29,0,0,0,0,90,51,39,0,0,245,0,0
Oklahoma,Adair,2021,365,291,73,1,0,0,0,117,57,40,0,0,228,133,4
Oklahoma,Canadian,2021,333,292,38,3,0,0,0,126,54,37,0,0,333,0,0
Oklahoma,Carter,2021,316,186,129,1,0,0,0,118,61,46,0,0,0,316,0
Oklahoma,Cleveland,2021,362,144,215,3,0,0,0,129,68,53,0,0,83,279,0
Oklahoma,Comanche,2021,364,223,139,2,0,0,0,124,63,47,0,0,145,219,0
Oklahoma,Creek,2021,343,305,37,1,0,0,0,126,51,37,0,0,343,0,0
Oklahoma,Dewey,2021,365,261,103,1,0,0,0,116,61,44,0,0,196,169,0
Oklahoma,Grant,2021,107,90,17,0,0,0,0,66,52,30,0,0,0,107,0
Oklahoma,Kay,2021,354,167,178,8,1,0,0,168,72,52,0,0,0,354,0
Oklahoma,Kiowa,2021,283,221,62,0,0,0,0,100,67,43,0,0,283,0,0
Oklahoma,Love,2021,286,229,48,9,0,0,0,136,67,42,0,0,286,0,0
Oklahoma,Mayes,2021,248,228,20,0,0,0,0,100,49,37,0,0,248,0,0
Oklahoma,McClain,2021,208,168,39,1,0,0,0,101,61,40,0,0,208,0,0
Oklahoma,Oklahoma,2021,365,125,234,6,0,0,0,140,74,54,0,5,83,276,1
Oklahoma,Osage,2021,327,278,49,0,0,0,0,100,58,39,0,0,327,0,0
Oklahoma,Ottawa,2021,365,90,258,14,3,0,0,169,87,59,0,0,25,336,4
Oklahoma,Pittsburg,2021,360,176,180,4,0,0,0,117,66,51,0,0,107,253,0
Oklahoma,Sequoyah,2021,360,250,108,2,0,0,0,122,59,41,0,0,125,235,0
Oklahoma,Tulsa,2021,365,143,212,8,2,0,0,168,74,53,0,0,104,259,2
Oklahoma,Washington,2021,345,168,170,7,0,0,0,139,67,51,0,0,128,217,0
Oregon,Baker,2021,364,271,88,1,4,0,0,155,60,29,0,0,0,364,0
Oregon,Benton,2021,365,345,20,0,0,0,0,69,45,22,0,0,0,365,0
Oregon,Clackamas,2021,354,320,33,0,1,0,0,161,50,31,0,0,134,220,0
Oregon,Columbia,2021,345,319,26,0,0,0,0,66,47,29,0,0,119,226,0
Oregon,Crook,2021,365,281,75,6,3,0,0,190,62,28,0,0,0,365,0
Oregon,Deschutes,2021,365,298,47,10,7,2,1,403,61,25,0,0,0,365,0
Oregon,Douglas,2021,365,304,56,3,2,0,0,186,54,29,0,0,0,365,0
Oregon,Grant,2021,365,178,177,5,5,0,0,175,74,51,0,0,0,365,0
Oregon,Harney,2021,365,191,165,5,4,0,0,185,71,48,0,0,0,365,0
Oregon,Jackson,2021,365,204,126,6,19,10,0,266,99,48,0,0,83,282,0
Oregon,Jefferson,2021,365,282,77,4,2,0,0,173,61,28,0,0,0,365,0
Oregon,Josephine,2021,365,240,106,10,9,0,0,188,75,36,0,0,0,365,0
Oregon,Klamath,2021,365,162,153,19,25,6,0,237,134,54,0,0,0,365,0
Oregon,Lake,2021,365,240,102,17,6,0,0,188,85,28,0,0,0,365,0
Oregon,Lane,2021,365,214,131,6,13,1,0,230,74,44,0,0,75,289,1
Oregon,Linn,2021,365,268,96,1,0,0,0,136,61,34,0,0,0,365,0
Oregon,Marion,2021,363,280,83,0,0,0,0,93,60,36,0,0,124,239,0
Oregon,Multnomah,2021,365,294,70,1,0,0,0,105,57,36,0,1,188,176,0
Oregon,Umatilla,2021,365,265,92,6,2,0,0,169,64,38,0,0,114,251,0
Oregon,Union,2021,360,304,49,5,2,0,0,170,61,27,0,0,0,358,2
Oregon,Wallowa,2021,365,280,75,6,4,0,0,162,63,26,0,0,0,365,0
Oregon,Wasco,2021,319,287,30,1,1,0,0,163,51,22,0,0,0,319,0
Oregon,Washington,2021,365,276,89,0,0,0,0,100,58,36,0,4,139,222,0
Pennsylvania,Adams,2021,364,206,155,3,0,0,0,129,67,47,0,0,145,219,0
Pennsylvania,Allegheny,2021,365,118,240,6,1,0,0,154,84,57,0,0,63,302,0
Pennsylvania,Armstrong,2021,350,184,165,1,0,0,0,108,70,48,0,0,122,228,0
Pennsylvania,Beaver,2021,365,170,192,3,0,0,0,125,67,52,0,0,95,270,0
Pennsylvania,Berks,2021,365,198,162,5,0,0,0,133,71,48,0,0,133,232,0
Pennsylvania,Blair,2021,336,206,128,2,0,0,0,120,64,45,0,0,79,257,0
Pennsylvania,Bradford,2021,356,242,113,1,0,0,0,116,61,42,0,0,110,246,0
Pennsylvania,Bucks,2021,283,239,34,10,0,0,0,143,64,37,0,0,283,0,0
Pennsylvania,Cambria,2021,353,169,183,1,0,0,0,130,65,51,3,0,63,287,0
Pennsylvania,Centre,2021,365,241,123,1,0,0,0,114,64,43,0,0,162,203,0
Pennsylvania,Chester,2021,347,215,130,2,0,0,0,138,63,45,0,0,105,242,0
Pennsylvania,Clearfield,2021,277,274,3,0,0,0,0,54,44,33,0,0,277,0,0
Pennsylvania,Cumberland,2021,365,209,155,1,0,0,0,114,63,47,0,0,0,365,0
Pennsylvania,Dauphin,2021,359,155,202,2,0,0,0,127,71,52,0,0,78,281,0
Pennsylvania,Delaware,2021,365,182,180,3,0,0,0,142,67,51,0,3,93,269,0
Pennsylvania,Elk,2021,358,340,18,0,0,0,0,87,46,34,0,0,358,0,0
Pennsylvania,Erie,2021,329,255,74,0,0,0,0,92,57,38,2,18,137,163,9
Pennsylvania,Fayette,2021,354,227,126,1,0,0,0,113,60,43,0,0,83,271,0
Pennsylvania,Franklin,2021,288,274,14,0,0,0,0,77,47,35,0,0,288,0,0
Pennsylvania,Greene,2021,340,232,107,1,0,0,0,113,62,42,0,0,107,233,0
Pennsylvania,Indiana,2021,348,218,128,2,0,0,0,122,63,44,0,0,103,245,0
Pennsylvania,Lackawanna,2021,353,252,100,1,0,0,0,137,60,40,1,17,133,202,0
Pennsylvania,Lancaster,2021,365,100,257,7,1,0,0,156,82,56,0,0,60,303,2
Pennsylvania,Lawrence,2021,278,259,19,0,0,0,0,87,47,31,0,0,278,0,0
Pennsylvania,Lebanon,2021,365,197,166,2,0,0,0,117,69,49,0,0,92,273,0
Pennsylvania,Lehigh,2021,353,198,154,0,1,0,0,154,66,47,0,0,83,262,8
Pennsylvania,Luzerne,2021,287,270,17,0,0,0,0,90,48,34,0,0,257,0,30
Pennsylvania,Lycoming,2021,354,221,132,1,0,0,0,111,61,44,0,0,103,251,0
Pennsylvania,Mercer,2021,363,277,85,1,0,0,0,112,61,40,0,0,223,140,0
Pennsylvania,Monroe,2021,233,214,19,0,0,0,0,84,49,35,0,0,233,0,0
Pennsylvania,Montgomery,2021,356,202,148,6,0,0,0,150,67,47,0,0,114,242,0
Pennsylvania,Northampton,2021,365,214,147,4,0,0,0,148,67,45,0,3,132,230,0
Pennsylvania,Philadelphia,2021,365,137,217,9,2,0,0,153,77,54,0,10,92,263,0
Pennsylvania,Somerset,2021,363,339,24,0,0,0,0,90,47,34,0,0,363,0,0
Pennsylvania,Susquehanna,2021,334,252,80,2,0,0,0,133,57,35,0,0,0,334,0
Pennsylvania,Tioga,2021,350,274,75,1,0,0,0,131,58,38,0,0,182,168,0
Pennsylvania,Washington,2021,365,187,177,1,0,0,0,123,67,49,0,0,98,267,0
Pennsylvania,Westmoreland,2021,354,196,157,1,0,0,0,124,63,47,0,0,28,326,0
Pennsylvania,Wyoming,2021,336,254,81,1,0,0,0,127,56,34,0,0,0,336,0
Pennsylvania,York,2021,357,168,187,2,0,0,0,148,71,51,0,3,91,263,0
Puerto Rico,Adjuntas,2021,7,7,0,0,0,0,0,23,23,14,0,0,0,7,0
Puerto Rico,Bayamon,2021,347,320,27,0,0,0,0,77,41,10,168,0,76,103,0
Puerto Rico,Caguas,2021,197,180,17,0,0,0,0,75,48,14,104,19,0,74,0
Puerto Rico,Catano,2021,300,151,136,12,1,0,0,151,80,50,0,0,12,185,103
Puerto Rico,Fajardo,2021,114,88,26,0,0,0,0,82,58,29,0,0,0,107,7
Puerto Rico,Guayama,2021,54,39,15,0,0,0,0,77,65,28,0,0,0,53,1
Puerto Rico,Guaynabo,2021,119,86,33,0,0,0,0,77,64,33,0,0,0,111,8
Puerto Rico,Mayagnez,2021,334,231,101,2,0,0,0,142,62,38,0,0,116,218,0
Puerto Rico,Ponce,2021,217,176,37,0,1,2,1,380,61,30,12,0,0,65,140
Puerto Rico,San Juan,2021,41,41,0,0,0,0,0,10,9,7,41,0,0,0,0
Rhode Island,Kent,2021,358,313,42,3,0,0,0,140,54,34,0,0,163,195,0
Rhode Island,Providence,2021,365,219,142,4,0,0,0,136,62,45,0,4,117,244,0
Rhode Island,Washington,2021,358,306,50,2,0,0,0,143,52,36,0,0,173,185,0
South Carolina,Aiken,2021,282,259,23,0,0,0,0,84,49,36,0,0,282,0,0
South Carolina,Anderson,2021,263,240,23,0,0,0,0,87,50,38,0,0,263,0,0
South Carolina,Berkeley,2021,258,250,8,0,0,0,0,80,47,34,0,0,258,0,0
South Carolina,Charleston,2021,365,197,168,0,0,0,0,93,62,48,0,0,46,319,0
South Carolina,Chesterfield,2021,358,268,90,0,0,0,0,81,58,41,0,0,134,224,0
South Carolina,Darlington,2021,275,257,18,0,0,0,0,74,48,35,0,0,275,0,0
South Carolina,Edgefield,2021,354,261,93,0,0,0,0,87,59,39,0,0,160,194,0
South Carolina,Florence,2021,337,251,86,0,0,0,0,86,58,39,0,0,0,337,0
South Carolina,Greenville,2021,365,180,184,1,0,0,0,101,70,51,0,3,114,248,0
South Carolina,Horry,2021,264,238,26,0,0,0,0,90,50,38,0,0,264,0,0
South Carolina,Lexington,2021,358,199,158,1,0,0,0,102,63,46,0,0,0,346,12
South Carolina,Richland,2021,365,268,96,1,0,0,0,101,60,42,0,0,213,152,0
South Carolina,Spartanburg,2021,354,201,152,1,0,0,0,119,64,46,0,0,112,242,0
South Carolina,York,2021,360,257,103,0,0,0,0,97,61,44,0,0,181,179,0
South Dakota,Brookings,2021,365,270,87,6,1,1,0,236,67,39,0,0,236,103,26
South Dakota,Brown,2021,356,301,52,0,2,1,0,208,58,26,0,0,0,210,146
South Dakota,Codington,2021,365,246,113,3,2,1,0,271,69,43,0,0,136,197,32
South Dakota,Custer,2021,364,302,59,2,0,1,0,209,60,39,0,0,307,55,2
South Dakota,Hughes,2021,349,325,22,1,0,1,0,268,46,12,0,0,0,349,0
South Dakota,Jackson,2021,365,309,54,0,1,1,0,233,55,35,0,1,220,139,5
South Dakota,Meade,2021,365,308,50,7,0,0,0,115,64,38,0,0,346,0,19
South Dakota,Minnehaha,2021,349,266,78,3,2,0,0,193,61,39,0,12,193,126,18
South Dakota,Pennington,2021,365,244,114,5,1,1,0,202,73,39,0,16,0,197,152
South Dakota,Union,2021,273,179,90,2,2,0,0,167,64,44,0,0,155,117,1
Tennessee,Anderson,2021,235,219,16,0,0,0,0,87,49,38,0,0,235,0,0
Tennessee,Blount,2021,365,231,132,2,0,0,0,107,61,44,0,0,168,197,0
Tennessee,Claiborne,2021,357,339,18,0,0,0,0,71,46,34,0,0,357,0,0
Tennessee,Davidson,2021,365,153,208,4,0,0,0,116,70,52,0,6,47,312,0
Tennessee,DeKalb,2021,363,349,14,0,0,0,0,84,46,35,0,0,363,0,0
Tennessee,Dyer,2021,350,242,107,1,0,0,0,105,60,39,0,0,0,350,0
Tennessee,Hamilton,2021,351,191,159,1,0,0,0,101,64,48,0,0,116,235,0
Tennessee,Jefferson,2021,235,199,36,0,0,0,0,100,58,41,0,0,235,0,0
Tennessee,Knox,2021,365,153,207,5,0,0,0,150,69,52,0,0,51,314,0
Tennessee,Lawrence,2021,357,274,83,0,0,0,0,98,57,34,0,0,0,357,0
Tennessee,Loudon,2021,365,259,106,0,0,0,0,90,59,42,0,0,134,231,0
Tennessee,Madison,2021,356,249,106,1,0,0,0,106,60,38,0,0,0,356,0
Tennessee,Maury,2021,349,252,96,1,0,0,0,109,60,35,0,0,0,349,0
Tennessee,McMinn,2021,360,250,110,0,0,0,0,90,59,37,0,0,0,360,0
Tennessee,Montgomery,2021,359,279,79,1,0,0,0,138,59,33,0,0,0,359,0
Tennessee,Putnam,2021,356,268,88,0,0,0,0,91,58,36,0,0,0,356,0
Tennessee,Roane,2021,357,256,101,0,0,0,0,89,57,37,0,0,0,357,0
Tennessee,Sevier,2021,363,310,53,0,0,0,0,93,54,42,0,0,363,0,0
Tennessee,Shelby,2021,365,209,152,4,0,0,0,150,67,48,0,0,127,238,0
Tennessee,Sullivan,2021,365,273,92,0,0,0,0,100,59,41,0,0,153,212,0
Tennessee,Sumner,2021,357,236,119,2,0,0,0,133,62,44,0,0,109,248,0
Tennessee,Williamson,2021,243,225,18,0,0,0,0,67,50,39,0,0,243,0,0
Tennessee,Wilson,2021,243,221,22,0,0,0,0,74,48,37,0,0,243,0,0
Texas,Atascosa,2021,356,213,143,0,0,0,0,87,63,43,0,0,0,356,0
Texas,Bell,2021,365,240,122,3,0,0,0,122,69,44,0,0,230,135,0
Texas,Bexar,2021,365,113,240,12,0,0,0,147,80,55,0,0,94,269,2
Texas,Bowie,2021,357,163,193,1,0,0,0,106,64,52,0,0,0,357,0
Texas,Brazoria,2021,365,331,22,11,1,0,0,159,50,34,0,10,355,0,0
Texas,Brazos,2021,356,248,108,0,0,0,0,85,58,40,0,0,0,356,0
Texas,Brewster,2021,356,287,68,1,0,0,0,105,57,42,0,0,276,80,0
Texas,Cameron,2021,365,162,203,0,0,0,0,99,70,52,0,0,67,298,0
Texas,Collin,2021,357,294,55,7,1,0,0,154,64,37,0,0,357,0,0
Texas,Culberson,2021,221,170,47,4,0,0,0,126,64,43,0,0,145,76,0
Texas,Dallas,2021,365,210,145,9,1,0,0,174,71,47,0,12,180,172,1
Texas,Denton,2021,365,222,122,18,3,0,0,179,77,45,0,0,226,139,0
Texas,Ector,2021,349,269,80,0,0,0,0,91,56,35,0,0,0,349,0
Texas,El Paso,2021,365,91,255,19,0,0,0,150,84,59,0,7,141,207,10
Texas,Ellis,2021,363,262,100,1,0,0,0,105,60,43,0,5,184,174,0
Texas,Galveston,2021,361,259,99,3,0,0,0,122,63,43,0,1,194,163,3
Texas,Gregg,2021,365,336,29,0,0,0,0,93,48,33,0,7,358,0,0
Texas,Harris,2021,365,64,276,18,7,0,0,179,90,58,0,3,69,283,10
Texas,Harrison,2021,362,205,153,3,1,0,0,161,64,47,0,0,89,273,0
Texas,Hidalgo,2021,363,169,192,2,0,0,0,108,74,52,0,0,85,278,0
Texas,Hood,2021,357,331,25,1,0,0,0,122,49,35,0,0,357,0,0
Texas,Hunt,2021,362,343,19,0,0,0,0,93,46,33,0,5,357,0,0
Texas,Jefferson,2021,365,231,131,3,0,0,0,115,62,44,0,0,147,218,0
Texas,Johnson,2021,363,311,46,6,0,0,0,136,61,37,0,0,363,0,0
Texas,Karnes,2021,364,364,0,0,0,0,0,26,16,6,0,364,0,0,0
Texas,Kaufman,2021,365,269,96,0,0,0,0,84,58,40,0,3,153,209,0
Texas,Kleberg,2021,348,185,162,1,0,0,0,109,68,48,0,0,0,348,0
Texas,Lubbock,2021,347,278,69,0,0,0,0,85,55,31,0,0,0,347,0
Texas,Maverick,2021,353,239,114,0,0,0,0,88,61,37,0,0,0,353,0
Texas,McLennan,2021,364,280,84,0,0,0,0,100,59,39,2,0,216,146,0
Texas,Montgomery,2021,359,204,152,2,1,0,0,151,66,47,0,0,148,211,0
Texas,Navarro,2021,365,266,99,0,0,0,0,100,61,41,0,1,183,181,0
Texas,Nueces,2021,364,200,162,2,0,0,0,113,67,47,0,0,127,236,1
Texas,Orange,2021,364,262,102,0,0,0,0,80,57,41,0,3,111,250,0
Texas,Parker,2021,354,312,41,1,0,0,0,136,54,36,0,0,354,0,0
Texas,Polk,2021,353,349,4,0,0,0,0,61,43,30,0,0,353,0,0
Texas,Potter,2021,354,293,61,0,0,0,0,83,54,31,0,0,0,354,0
Texas,Randall,2021,360,293,64,3,0,0,0,119,64,42,0,0,360,0,0
Texas,Rockwall,2021,360,343,17,0,0,0,0,87,45,31,0,0,360,0,0
Texas,Smith,2021,361,333,28,0,0,0,0,100,48,35,0,8,353,0,0
Texas,Tarrant,2021,365,161,190,12,1,1,0,209,79,52,0,6,137,222,0
Texas,Travis,2021,365,182,182,1,0,0,0,101,67,51,0,3,111,248,3
Texas,Victoria,2021,364,347,17,0,0,0,0,97,46,32,0,0,364,0,0
Texas,Webb,2021,365,197,168,0,0,0,0,97,69,48,0,0,60,303,2
Texas,Wilson,2021,363,363,0,0,0,0,0,27,16,7,0,363,0,0,0
Utah,Box Elder,2021,363,281,78,4,0,0,0,119,67,42,0,2,361,0,0
Utah,Cache,2021,365,213,142,10,0,0,0,129,82,45,0,0,229,124,12
Utah,Carbon,2021,365,265,88,10,2,0,0,155,74,44,0,0,323,42,0
Utah,Davis,2021,365,205,134,25,1,0,0,156,92,47,0,21,233,110,1
Utah,Duchesne,2021,365,220,137,7,1,0,0,155,77,48,0,0,296,69,0
Utah,Garfield,2021,362,273,87,2,0,0,0,115,64,45,0,0,359,3,0
Utah,Iron,2021,365,286,75,3,1,0,0,176,62,40,0,11,268,86,0
Utah,Salt Lake,2021,365,122,195,39,9,0,0,177,108,59,0,13,223,117,12
Utah,San Juan,2021,364,276,86,2,0,0,0,115,67,44,0,0,360,4,0
Utah,Tooele,2021,365,229,120,14,2,0,0,157,77,43,0,1,241,123,0
Utah,Uintah,2021,365,190,149,24,2,0,0,159,93,50,0,0,338,27,0
Utah,Utah,2021,365,192,156,17,0,0,0,144,87,49,0,6,259,97,3
Utah,Washington,2021,365,256,106,2,1,0,0,163,64,45,0,0,340,25,0
Utah,Wayne,2021,120,111,9,0,0,0,0,84,38,11,0,0,0,120,0
Utah,Weber,2021,364,221,126,17,0,0,0,140,83,46,2,12,220,120,10
Vermont,Bennington,2021,365,307,57,1,0,0,0,115,55,37,0,0,221,144,0
Vermont,Chittenden,2021,365,288,76,1,0,0,0,129,57,40,0,0,175,190,0
Vermont,Rutland,2021,365,265,99,1,0,0,0,114,60,40,0,0,145,220,0
Vermont,Windham,2021,118,114,4,0,0,0,0,56,29,11,0,0,0,118,0
Virgin Islands,St Croix,2021,55,46,9,0,0,0,0,76,52,28,0,0,0,55,0
Virgin Islands,St John,2021,109,94,15,0,0,0,0,69,55,22,0,0,0,109,0
Virginia,Albemarle,2021,360,261,99,0,0,0,0,97,60,41,0,0,123,237,0
Virginia,Alexandria City,2021,15,15,0,0,0,0,0,9,7,6,0,0,0,0,15
Virginia,Arlington,2021,365,306,56,3,0,0,0,115,55,38,0,37,267,61,0
Virginia,Bristol City,2021,116,83,33,0,0,0,0,90,57,36,0,0,0,116,0
Virginia,Caroline,2021,228,210,16,2,0,0,0,108,49,35,0,0,228,0,0
Virginia,Carroll,2021,60,60,0,0,0,0,0,33,16,9,0,0,0,0,60
Virginia,Charles,2021,365,332,33,0,0,0,0,95,50,34,0,86,203,76,0
Virginia,Chesterfield,2021,283,243,39,1,0,0,0,101,52,38,0,0,203,80,0
Virginia,Fairfax,2021,365,208,153,4,0,0,0,129,65,47,0,10,101,254,0
Virginia,Fauquier,2021,237,226,11,0,0,0,0,77,45,34,0,0,237,0,0
Virginia,Frederick,2021,362,222,140,0,0,0,0,98,61,44,0,0,83,279,0
Virginia,Giles,2021,358,331,27,0,0,0,0,74,49,38,0,0,358,0,0
Virginia,Hampton City,2021,365,263,102,0,0,0,0,95,56,42,1,2,129,233,0
Virginia,Hanover,2021,245,228,17,0,0,0,0,87,49,38,0,0,245,0,0
Virginia,Henrico,2021,363,221,141,1,0,0,0,112,61,44,1,1,111,250,0
Virginia,Hopewell City,2021,53,53,0,0,0,0,0,31,12,7,0,0,0,0,53
Virginia,Loudoun,2021,364,308,55,1,0,0,0,122,54,37,0,10,298,56,0
Virginia,Lynchburg City,2021,119,98,21,0,0,0,0,92,55,32,0,0,0,119,0
Virginia,Madison,2021,365,313,52,0,0,0,0,89,54,39,0,0,313,52,0
Virginia,Norfolk City,2021,362,340,22,0,0,0,0,85,42,18,7,261,0,94,0
Virginia,Pittsylvania,2021,335,335,0,0,0,0,0,21,7,3,0,335,0,0,0
Virginia,Prince Edward,2021,356,343,13,0,0,0,0,80,45,33,0,0,356,0,0
Virginia,Prince William,2021,359,333,25,1,0,0,0,119,49,35,0,10,349,0,0
Virginia,Richmond City,2021,363,238,124,1,0,0,0,101,58,41,2,55,0,306,0
Virginia,Roanoke,2021,365,246,118,1,0,0,0,106,61,43,1,1,114,249,0
Virginia,Rockbridge,2021,283,267,16,0,0,0,0,64,47,34,0,0,218,65,0
Virginia,Rockingham,2021,363,316,47,0,0,0,0,87,52,36,0,92,210,61,0
Virginia,Salem City,2021,120,95,25,0,0,0,0,91,55,35,0,0,0,120,0
Virginia,Stafford,2021,358,337,20,1,0,0,0,115,47,35,0,0,357,0,1
Virginia,Suffolk City,2021,245,228,17,0,0,0,0,90,49,37,0,0,245,0,0
Virginia,Virginia Beach City,2021,105,77,28,0,0,0,0,82,55,35,0,0,0,105,0
Virginia,Wythe,2021,242,228,14,0,0,0,0,71,49,39,0,0,242,0,0
Washington,Adams,2021,364,333,24,3,4,0,0,191,45,19,0,0,0,364,0
Washington,Asotin,2021,335,176,140,14,4,1,0,233,83,48,0,0,0,335,0
Washington,Benton,2021,365,283,73,6,3,0,0,180,63,36,0,0,126,187,52
Washington,Chelan,2021,365,279,81,2,3,0,0,195,58,31,0,0,0,365,0
Washington,Clallam,2021,365,298,67,0,0,0,0,81,53,37,0,0,207,158,0
Washington,Clark,2021,365,308,57,0,0,0,0,98,55,34,0,0,136,229,0
Washington,Columbia,2021,365,304,53,3,5,0,0,172,58,39,0,0,258,107,0
Washington,Cowlitz,2021,365,355,10,0,0,0,0,64,38,21,0,0,0,365,0
Washington,Franklin,2021,320,297,23,0,0,0,0,84,45,21,0,0,0,320,0
Washington,Garfield,2021,334,284,44,1,4,1,0,224,62,19,0,0,0,334,0
Washington,Grant,2021,365,310,49,1,4,1,0,202,54,25,0,0,0,365,0
Washington,Grays Harbor,2021,365,347,18,0,0,0,0,82,42,26,0,0,0,365,0
Washington,Jefferson,2021,358,352,6,0,0,0,0,79,32,20,0,0,0,358,0
Washington,King,2021,365,247,113,3,2,0,0,177,60,43,0,14,111,240,0
Washington,Kitsap,2021,359,342,16,1,0,0,0,113,44,26,0,0,0,359,0
Washington,Kittitas,2021,365,303,57,3,2,0,0,173,55,28,0,0,0,365,0
Washington,Klickitat,2021,119,103,16,0,0,0,0,76,53,21,0,0,0,119,0
Washington,Lewis,2021,350,328,22,0,0,0,0,71,46,23,0,0,0,350,0
Washington,Mason,2021,361,339,22,0,0,0,0,70,43,22,0,0,0,361,0
Washington,Okanogan,2021,365,146,193,5,8,11,2,354,86,54,0,0,0,365,0
Washington,Pend Oreille,2021,360,255,96,3,6,0,0,196,59,35,0,0,0,360,0
Washington,Pierce,2021,365,269,96,0,0,0,0,94,61,42,0,2,200,163,0
Washington,Skagit,2021,314,296,17,1,0,0,0,101,46,28,0,0,60,254,0
Washington,Snohomish,2021,365,248,114,3,0,0,0,137,63,35,0,0,0,365,0
Washington,Spokane,2021,365,242,114,3,6,0,0,195,67,43,0,0,125,236,4
Washington,Stevens,2021,365,203,146,6,8,2,0,223,74,44,0,0,0,338,27
Washington,Thurston,2021,329,309,20,0,0,0,0,63,41,19,0,0,0,329,0
Washington,Walla Walla,2021,365,309,51,3,2,0,0,172,55,24,0,0,0,220,145
Washington,Whatcom,2021,332,323,7,2,0,0,0,129,42,28,0,0,155,177,0
Washington,Whitman,2021,365,310,45,5,4,1,0,218,58,22,0,0,0,365,0
Washington,Yakima,2021,365,175,163,12,14,1,0,210,90,52,0,0,0,362,3
West Virginia,Berkeley,2021,273,214,59,0,0,0,0,93,60,40,0,0,189,84,0
West Virginia,Brooke,2021,362,295,67,0,0,0,0,83,56,21,0,0,0,122,240
West Virginia,Cabell,2021,283,232,51,0,0,0,0,87,55,38,0,0,193,90,0
West Virginia,Gilmer,2021,358,350,8,0,0,0,0,74,42,31,0,0,358,0,0
West Virginia,Greenbrier,2021,231,223,8,0,0,0,0,64,46,37,0,0,231,0,0
West Virginia,Hancock,2021,364,286,78,0,0,0,0,93,61,38,0,0,194,81,89
West Virginia,Harrison,2021,115,82,33,0,0,0,0,69,58,35,0,0,0,115,0
West Virginia,Kanawha,2021,365,239,126,0,0,0,0,97,64,44,0,0,116,249,0
West Virginia,Marion,2021,91,61,30,0,0,0,0,82,58,40,0,0,0,91,0
West Virginia,Marshall,2021,353,140,212,1,0,0,0,121,74,53,0,0,0,353,0
West Virginia,Monongalia,2021,282,225,57,0,0,0,0,80,58,39,0,0,200,82,0
West Virginia,Ohio,2021,285,223,62,0,0,0,0,78,58,39,0,0,196,89,0
West Virginia,Tucker,2021,363,334,29,0,0,0,0,84,48,34,0,0,344,19,0
West Virginia,Wood,2021,271,221,50,0,0,0,0,76,54,38,0,0,182,89,0
Wisconsin,Ashland,2021,365,282,79,3,1,0,0,160,58,37,0,0,214,151,0
Wisconsin,Brown,2021,365,231,131,3,0,0,0,125,67,43,0,0,107,258,0
Wisconsin,Columbia,2021,208,181,27,0,0,0,0,100,54,40,0,0,208,0,0
Wisconsin,Dane,2021,365,199,165,1,0,0,0,101,68,48,0,0,98,267,0
Wisconsin,Dodge,2021,365,216,149,0,0,0,0,99,68,46,0,0,171,194,0
Wisconsin,Door,2021,206,173,30,3,0,0,0,126,61,39,0,0,206,0,0
Wisconsin,Eau Claire,2021,362,212,145,4,1,0,0,154,67,44,0,0,98,263,1
Wisconsin,Fond du Lac,2021,208,178,30,0,0,0,0,90,54,39,0,0,208,0,0
Wisconsin,Forest,2021,361,282,75,3,1,0,0,165,59,38,0,0,221,140,0
Wisconsin,Grant,2021,355,200,155,0,0,0,0,96,64,46,0,0,0,355,0
Wisconsin,Jackson,2021,237,187,50,0,0,0,0,97,57,31,0,0,0,237,0
Wisconsin,Jefferson,2021,208,178,29,1,0,0,0,101,61,40,0,0,208,0,0
Wisconsin,Kenosha,2021,344,197,136,11,0,0,0,136,74,47,0,0,168,176,0
Wisconsin,Kewaunee,2021,207,170,35,2,0,0,0,108,61,40,0,0,207,0,0
Wisconsin,La Crosse,2021,365,240,124,1,0,0,0,110,64,43,0,0,115,250,0
Wisconsin,Manitowoc,2021,207,174,30,3,0,0,0,119,64,39,0,0,207,0,0
Wisconsin,Marathon,2021,200,191,9,0,0,0,0,87,49,36,0,0,200,0,0
Wisconsin,Milwaukee,2021,365,162,196,7,0,0,0,129,72,52,0,3,118,241,3
Wisconsin,Monroe,2021,265,216,49,0,0,0,0,94,56,32,0,0,0,265,0
Wisconsin,Outagamie,2021,363,226,134,3,0,0,0,139,66,44,0,0,100,263,0
Wisconsin,Ozaukee,2021,364,241,116,7,0,0,0,129,67,43,0,0,160,204,0
Wisconsin,Racine,2021,210,149,53,8,0,0,0,126,80,43,0,0,210,0,0
Wisconsin,Rock,2021,205,173,32,0,0,0,0,100,61,41,0,0,205,0,0
Wisconsin,Sauk,2021,365,236,129,0,0,0,0,96,65,44,0,0,110,255,0
Wisconsin,Sheboygan,2021,208,164,39,5,0,0,0,126,74,41,0,0,208,0,0
Wisconsin,Taylor,2021,364,260,100,2,2,0,0,153,63,39,0,0,196,168,0
Wisconsin,Vilas,2021,363,297,63,3,0,0,0,148,57,34,0,0,158,205,0
Wisconsin,Walworth,2021,221,184,36,1,0,0,0,101,61,41,0,0,221,0,0
Wisconsin,Waukesha,2021,365,177,184,4,0,0,0,108,71,51,0,0,89,275,1
Wyoming,Albany,2021,365,193,158,13,0,0,1,312,84,50,0,3,277,18,67
Wyoming,Big Horn,2021,364,324,39,1,0,0,0,101,51,39,0,0,364,0,0
Wyoming,Campbell,2021,365,218,131,16,0,0,0,143,87,44,0,0,184,29,152
Wyoming,Carbon,2021,348,348,0,0,0,0,0,37,20,10,0,348,0,0,0
Wyoming,Converse,2021,365,274,87,4,0,0,0,119,70,42,0,0,310,0,55
Wyoming,Fremont,2021,365,240,117,8,0,0,0,141,77,46,0,0,289,73,3
Wyoming,Johnson,2021,365,304,54,7,0,0,0,126,64,40,0,2,358,0,5
Wyoming,Laramie,2021,364,261,92,11,0,0,0,126,77,44,2,2,320,40,0
Wyoming,Lincoln,2021,365,297,62,6,0,0,0,126,67,30,0,5,126,31,203
Wyoming,Natrona,2021,365,282,77,6,0,0,0,125,71,42,0,2,333,30,0
Wyoming,Park,2021,152,129,23,0,0,0,0,98,61,14,0,0,0,146,6
Wyoming,Platte,2021,362,324,28,2,3,1,4,682,51,16,0,0,0,0,362
Wyoming,Sheridan,2021,364,302,55,7,0,0,0,115,67,40,0,0,299,45,20
Wyoming,Sublette,2021,365,253,105,7,0,0,0,133,77,46,0,0,342,23,0
Wyoming,Sweetwater,2021,365,238,117,9,1,0,0,195,83,45,0,2,286,24,53
Wyoming,Teton,2021,365,277,78,10,0,0,0,131,72,44,0,0,318,45,2
Wyoming,Uinta,2021,364,361,3,0,0,0,0,60,25,7,0,0,0,0,364
Wyoming,Weston,2021,343,282,61,0,0,0,0,100,64,41,0,0,343,0,0
Alabama,Baldwin,2022,281,237,44,0,0,0,0,97,52,39,0,0,201,80,0
Alabama,Clay,2022,115,91,24,0,0,0,0,68,56,34,0,0,0,115,0
Alabama,DeKalb,2022,364,323,41,0,0,0,0,97,52,38,0,0,305,59,0
Alabama,Elmore,2022,240,232,8,0,0,0,0,74,44,33,0,0,240,0,0
Alabama,Etowah,2022,359,224,135,0,0,0,0,93,60,46,0,0,93,266,0
Alabama,Jefferson,2022,365,128,235,2,0,0,0,105,71,54,0,0,66,299,0
Alabama,Lawrence,2022,102,92,10,0,0,0,0,58,48,29,0,0,0,102,0
Alabama,Madison,2022,365,201,164,0,0,0,0,97,61,48,0,0,68,293,4
Alabama,Mobile,2022,363,235,128,0,0,0,0,93,58,44,0,0,99,264,0
Alabama,Montgomery,2022,363,269,94,0,0,0,0,96,57,41,0,0,163,200,0
Alabama,Morgan,2022,365,208,156,1,0,0,0,111,63,47,0,0,82,283,0
Alabama,Russell,2022,364,208,156,0,0,0,0,97,61,46,0,0,69,295,0
Alabama,Shelby,2022,245,225,19,1,0,0,0,105,50,37,0,0,245,0,0
Alabama,Sumter,2022,355,266,89,0,0,0,0,81,56,38,0,0,72,283,0
Alabama,Tuscaloosa,2022,280,240,40,0,0,0,0,87,54,37,0,0,195,85,0
Alaska,Aleutians East ,2022,121,119,2,0,0,0,0,74,27,12,0,0,0,121,0
Alaska,Anchorage ,2022,365,302,62,1,0,0,0,125,56,24,7,0,0,200,158
Alaska,Denali ,2022,338,328,10,0,0,0,0,82,44,34,0,0,318,20,0
Alaska,Fairbanks North Star ,2022,365,213,105,18,27,1,1,310,118,43,0,0,88,274,3
Alaska,Juneau ,2022,342,291,51,0,0,0,0,95,56,21,0,0,0,342,0
Alaska,Kenai Peninsula ,2022,120,119,1,0,0,0,0,73,21,9,0,0,0,120,0
Alaska,Matanuska-Susitna ,2022,341,301,40,0,0,0,0,89,53,12,0,0,0,252,89
Alaska,North Slope ,2022,100,95,4,0,1,0,0,170,19,7,0,0,0,100,0
Arizona,Apache,2022,363,359,4,0,0,0,0,57,27,11,0,0,0,58,305
Arizona,Cochise,2022,365,291,73,1,0,0,0,101,61,44,0,0,331,2,32
Arizona,Coconino,2022,365,279,85,1,0,0,0,101,64,44,0,0,358,7,0
Arizona,Gila,2022,365,245,102,16,2,0,0,177,84,45,0,0,339,2,24
Arizona,La Paz,2022,359,275,83,1,0,0,0,130,64,44,0,0,337,12,10
Arizona,Maricopa,2022,365,27,242,73,17,6,0,264,136,75,0,1,204,83,77
Arizona,Mohave,2022,357,340,16,1,0,0,0,115,32,17,0,0,0,0,357
Arizona,Navajo,2022,364,307,57,0,0,0,0,93,58,44,0,0,356,5,3
Arizona,Pima,2022,365,147,205,13,0,0,0,142,81,53,0,0,196,94,75
Arizona,Pinal,2022,365,91,238,28,3,2,3,689,100,61,0,0,138,40,187
Arizona,Santa Cruz,2022,357,220,136,1,0,0,0,138,69,43,0,0,0,328,29
Arizona,Yavapai,2022,365,341,24,0,0,0,0,87,48,40,0,0,365,0,0
Arizona,Yuma,2022,365,228,128,9,0,0,0,142,73,46,0,0,199,98,68
Arkansas,Arkansas,2022,115,78,37,0,0,0,0,89,59,41,0,0,0,115,0
Arkansas,Ashley,2022,117,83,34,0,0,0,0,99,56,39,0,0,0,117,0
Arkansas,Clark,2022,363,350,13,0,0,0,0,90,46,35,0,0,363,0,0
Arkansas,Crittenden,2022,365,215,146,3,1,0,0,156,64,46,0,3,103,259,0
Arkansas,Garland,2022,112,72,40,0,0,0,0,90,58,44,0,0,0,112,0
Arkansas,Jackson,2022,115,78,37,0,0,0,0,82,60,41,0,0,0,115,0
Arkansas,Newton,2022,365,337,27,1,0,0,0,105,49,37,0,0,341,24,0
Arkansas,Polk,2022,350,308,40,2,0,0,0,105,52,34,0,0,268,82,0
Arkansas,Pulaski,2022,365,153,211,1,0,0,0,115,67,52,0,0,68,297,0
Arkansas,Union,2022,115,65,50,0,0,0,0,100,61,47,0,0,0,115,0
Arkansas,Washington,2022,365,214,148,3,0,0,0,119,61,47,0,0,149,216,0
California,Alameda,2022,365,185,175,5,0,0,0,122,70,49,0,2,108,255,0
California,Amador,2022,364,333,30,1,0,0,0,112,50,36,0,0,364,0,0
California,Butte,2022,365,191,171,3,0,0,0,119,77,50,0,0,239,126,0
California,Calaveras,2022,364,286,77,1,0,0,0,115,58,41,0,0,237,126,1
California,Colusa,2022,363,240,122,1,0,0,0,105,59,44,0,0,185,171,7
California,Contra Costa,2022,365,174,189,2,0,0,0,129,67,52,0,0,99,266,0
California,Del Norte,2022,344,299,45,0,0,0,0,74,52,29,0,0,0,344,0
California,El Dorado,2022,365,258,93,12,2,0,0,186,77,43,0,0,353,8,4
California,Fresno,2022,365,78,217,67,3,0,0,159,115,71,0,0,192,160,13
California,Glenn,2022,360,264,95,1,0,0,0,104,61,42,0,0,255,98,7
California,Humboldt,2022,365,340,25,0,0,0,0,74,42,24,1,0,217,84,63
California,Imperial,2022,365,86,232,34,5,2,6,791,106,61,0,2,131,131,101
California,Inyo,2022,365,117,217,18,4,4,5,1551,97,58,0,0,188,130,47
California,Kern,2022,365,47,196,109,12,1,0,289,136,80,0,0,189,153,23
California,Kings,2022,365,71,244,48,2,0,0,187,108,69,0,0,163,149,53
California,Lake,2022,363,359,4,0,0,0,0,76,43,32,0,0,350,13,0
California,Los Angeles,2022,365,17,254,65,28,1,0,209,140,74,0,19,170,167,9
California,Madera,2022,365,147,205,13,0,0,0,136,87,54,0,0,212,129,24
California,Marin,2022,365,275,90,0,0,0,0,91,57,37,0,2,151,212,0
California,Mariposa,2022,365,211,125,8,21,0,0,198,89,48,0,0,276,88,1
California,Mendocino,2022,365,129,234,2,0,0,0,103,69,54,0,0,26,339,0
California,Merced,2022,365,140,212,13,0,0,0,143,87,56,0,0,195,141,29
California,Mono,2022,365,276,61,5,7,1,15,8368,68,27,0,0,0,255,110
California,Monterey,2022,365,299,66,0,0,0,0,80,54,39,0,0,198,144,23
California,Nevada,2022,365,185,161,11,3,5,0,293,87,50,0,0,258,107,0
California,Orange,2022,365,143,215,5,2,0,0,156,71,53,0,9,133,217,6
California,Placer,2022,365,156,185,15,4,3,2,442,90,54,0,0,241,123,1
California,Plumas,2022,359,148,182,25,4,0,0,175,96,55,0,0,0,359,0
California,Riverside,2022,365,41,198,86,31,2,7,1683,151,77,0,0,196,110,59
California,Sacramento,2022,365,162,184,17,2,0,0,164,93,53,0,0,200,164,1
California,San Benito,2022,365,297,68,0,0,0,0,97,57,42,0,0,299,65,1
California,San Bernardino,2022,365,23,212,67,56,7,0,225,166,77,0,9,197,142,17
California,San Diego,2022,365,42,297,25,1,0,0,156,97,63,0,1,150,190,24
California,San Francisco,2022,364,260,104,0,0,0,0,88,59,36,2,18,152,192,0
California,San Joaquin,2022,365,192,164,8,0,1,0,208,86,48,0,0,172,169,24
California,San Luis Obispo,2022,365,117,245,3,0,0,0,115,75,55,0,0,160,203,2
California,San Mateo,2022,365,267,98,0,0,0,0,85,60,36,0,7,179,179,0
California,Santa Barbara,2022,365,198,167,0,0,0,0,93,60,48,0,0,138,223,4
California,Santa Clara,2022,365,187,173,5,0,0,0,119,73,49,0,0,130,235,0
California,Santa Cruz,2022,365,287,78,0,0,0,0,93,56,35,0,0,180,185,0
California,Shasta,2022,365,253,106,6,0,0,0,119,71,45,0,0,303,62,0
California,Siskiyou,2022,362,269,86,2,4,0,1,454,62,41,0,0,203,159,0
California,Solano,2022,365,235,130,0,0,0,0,93,67,43,0,0,197,168,0
California,Sonoma,2022,365,286,79,0,0,0,0,82,56,36,0,0,194,168,3
California,Stanislaus,2022,365,108,234,22,1,0,0,166,95,57,0,0,128,218,19
California,Sutter,2022,364,154,205,5,0,0,0,119,81,52,0,0,178,186,0
California,Tehama,2022,365,245,117,3,0,0,0,108,74,44,0,0,281,84,0
California,Trinity,2022,353,227,111,5,5,3,2,342,72,34,0,0,0,353,0
California,Tulare,2022,365,58,193,106,8,0,0,182,129,77,0,0,192,158,15
California,Tuolumne,2022,250,237,12,1,0,0,0,108,48,39,0,0,250,0,0
California,Ventura,2022,365,171,183,11,0,0,0,140,80,52,0,1,242,122,0
California,Yolo,2022,365,283,80,2,0,0,0,101,64,42,0,0,278,87,0
Colorado,Adams,2022,365,180,171,14,0,0,0,126,84,51,0,50,189,89,37
Colorado,Alamosa,2022,116,107,8,1,0,0,0,134,44,11,0,0,0,116,0
Colorado,Arapahoe,2022,365,237,116,12,0,0,0,129,84,46,0,0,355,10,0
Colorado,Archuleta,2022,365,313,48,3,0,1,0,227,56,42,0,0,329,0,36
Colorado,Boulder,2022,365,224,134,7,0,0,0,129,77,47,0,0,260,105,0
Colorado,Chaffee,2022,156,98,57,1,0,0,0,119,67,49,0,0,156,0,0
Colorado,Clear Creek,2022,359,244,110,5,0,0,0,126,74,47,0,0,359,0,0
Colorado,Delta,2022,143,125,18,0,0,0,0,80,56,44,0,0,137,2,4
Colorado,Denver,2022,365,161,197,7,0,0,0,112,77,52,0,88,156,120,1
Colorado,Douglas,2022,365,242,105,17,1,0,0,169,87,46,0,0,312,53,0
Colorado,El Paso,2022,365,249,114,2,0,0,0,115,74,46,0,0,330,35,0
Colorado,Fremont,2022,118,115,3,0,0,0,0,77,26,12,0,0,0,0,118
Colorado,Garfield,2022,365,221,142,2,0,0,0,108,67,49,0,0,365,0,0
Colorado,Gilpin,2022,365,286,75,4,0,0,0,112,64,45,0,0,365,0,0
Colorado,Grand,2022,174,136,38,0,0,0,0,80,58,44,0,0,174,0,0
Colorado,Gunnison,2022,365,281,82,2,0,0,0,108,64,46,0,0,365,0,0
Colorado,Jackson,2022,236,216,20,0,0,0,0,71,49,40,0,0,165,70,1
Colorado,Jefferson,2022,365,234,100,30,1,0,0,166,97,47,0,0,365,0,0
Colorado,La Plata,2022,365,266,98,1,0,0,0,108,71,46,0,0,349,16,0
Colorado,Larimer,2022,365,176,179,10,0,0,0,126,84,51,0,0,296,69,0
Colorado,Mesa,2022,365,282,82,1,0,0,0,108,58,44,0,0,293,70,2
Colorado,Montezuma,2022,365,300,65,0,0,0,0,87,61,44,0,0,358,7,0
Colorado,Park,2022,261,172,87,1,1,0,0,190,74,48,0,0,261,0,0
Colorado,Pitkin,2022,122,118,4,0,0,0,0,72,28,14,0,0,0,42,80
Colorado,Prowers,2022,354,330,22,0,1,0,1,330,41,18,0,0,0,0,354
Colorado,Pueblo,2022,349,317,29,3,0,0,0,121,48,21,0,0,0,107,242
Colorado,Rio Blanco,2022,365,243,120,2,0,0,0,122,64,47,0,0,300,65,0
Colorado,Routt,2022,356,356,0,0,0,0,0,43,25,13,0,0,0,0,356
Colorado,San Juan,2022,119,115,4,0,0,0,0,75,26,10,0,0,0,119,0
Colorado,San Miguel,2022,255,194,60,1,0,0,0,108,64,45,0,0,198,0,57
Colorado,Weld,2022,365,170,185,10,0,0,0,133,87,51,0,2,265,98,0
Connecticut,Fairfield,2022,365,223,120,20,2,0,0,156,84,45,0,6,174,185,0
Connecticut,Hartford,2022,365,260,101,4,0,0,0,136,61,42,0,9,182,174,0
Connecticut,Litchfield,2022,365,308,54,3,0,0,0,108,58,40,0,0,319,46,0
Connecticut,Middlesex,2022,212,173,33,6,0,0,0,147,67,40,0,0,212,0,0
Connecticut,New Haven,2022,365,230,128,7,0,0,0,133,69,44,0,6,172,187,0
Connecticut,New London,2022,365,290,71,4,0,0,0,108,57,39,0,0,159,206,0
Connecticut,Tolland,2022,208,187,19,2,0,0,0,122,51,39,0,0,208,0,0
Connecticut,Windham,2022,355,338,17,0,0,0,0,93,46,35,0,0,355,0,0
Country Of Mexico,BAJA CALIFORNIA NORTE,2022,273,29,198,29,17,0,0,172,125,66,0,0,0,273,0
Country Of Mexico,SONORA,2022,365,180,179,6,0,0,0,115,80,51,0,0,164,131,70
Delaware,Kent,2022,364,277,87,0,0,0,0,84,58,42,0,0,177,187,0
Delaware,New Castle,2022,365,208,157,0,0,0,0,93,63,48,0,1,164,200,0
Delaware,Sussex,2022,365,274,91,0,0,0,0,87,58,43,0,0,225,140,0
District Of Columbia,District of Columbia,2022,365,198,163,4,0,0,0,128,63,49,0,14,125,226,0
Florida,Alachua,2022,362,292,70,0,0,0,0,84,54,41,0,0,131,231,0
Florida,Baker,2022,365,266,99,0,0,0,0,87,55,43,0,0,106,259,0
Florida,Bay,2022,365,218,147,0,0,0,0,99,59,46,0,0,101,264,0
Florida,Brevard,2022,365,288,77,0,0,0,0,80,54,43,0,0,179,186,0
Florida,Broward,2022,365,197,168,0,0,0,0,100,61,49,0,1,58,306,0
Florida,Citrus,2022,342,229,113,0,0,0,0,78,55,45,0,0,0,342,0
Florida,Collier,2022,347,277,70,0,0,0,0,82,53,40,0,0,115,232,0
Florida,Columbia,2022,363,234,129,0,0,0,0,91,60,45,0,0,101,262,0
Florida,Duval,2022,365,144,221,0,0,0,0,93,64,53,0,1,49,315,0
Florida,Escambia,2022,365,191,173,1,0,0,0,133,64,49,0,0,106,259,0
Florida,Flagler,2022,361,352,9,0,0,0,0,100,44,34,0,0,361,0,0
Florida,Hamilton,2022,294,165,129,0,0,0,0,73,58,47,0,0,0,294,0
Florida,Highlands,2022,349,337,11,1,0,0,0,112,46,33,0,0,349,0,0
Florida,Hillsborough,2022,365,175,189,1,0,0,0,126,64,51,0,0,91,274,0
Florida,Holmes,2022,365,204,161,0,0,0,0,91,60,47,0,0,51,314,0
Florida,Indian River,2022,357,349,8,0,0,0,0,67,44,33,0,0,357,0,0
Florida,Lake,2022,364,349,15,0,0,0,0,87,47,35,0,0,364,0,0
Florida,Lee,2022,302,238,64,0,0,0,0,80,55,42,0,0,138,164,0
Florida,Leon,2022,364,211,153,0,0,0,0,93,60,47,0,0,55,309,0
Florida,Liberty,2022,355,346,9,0,0,0,0,74,45,32,0,0,355,0,0
Florida,Manatee,2022,349,336,13,0,0,0,0,80,46,33,0,0,349,0,0
Florida,Marion,2022,363,259,104,0,0,0,0,93,55,44,0,0,128,235,0
Florida,Martin,2022,356,280,75,1,0,0,0,108,54,42,0,0,95,261,0
Florida,Miami-Dade,2022,365,259,104,2,0,0,0,136,59,44,0,13,78,274,0
Florida,Okaloosa,2022,170,155,15,0,0,0,0,84,49,39,0,0,166,0,4
Florida,Orange,2022,365,317,48,0,0,0,0,97,52,39,0,0,305,60,0
Florida,Osceola,2022,364,348,16,0,0,0,0,80,46,34,0,0,364,0,0
Florida,Palm Beach,2022,365,275,90,0,0,0,0,90,57,41,0,0,122,243,0
Florida,Pasco,2022,361,332,29,0,0,0,0,87,50,37,0,0,361,0,0
Florida,Pinellas,2022,365,226,139,0,0,0,0,87,58,46,0,1,112,249,3
Florida,Polk,2022,363,264,99,0,0,0,0,87,56,44,0,0,141,222,0
Florida,Putnam,2022,323,321,2,0,0,0,0,58,27,16,0,0,0,0,323
Florida,Santa Rosa,2022,365,239,125,1,0,0,0,109,60,44,0,0,123,242,0
Florida,Sarasota,2022,358,234,124,0,0,0,0,100,59,45,0,0,110,248,0
Florida,Seminole,2022,363,288,75,0,0,0,0,87,54,42,0,0,158,205,0
Florida,St. Lucie,2022,358,352,6,0,0,0,0,77,44,33,0,0,358,0,0
Florida,Volusia,2022,365,242,123,0,0,0,0,93,57,45,0,0,103,262,0
Florida,Wakulla,2022,365,279,86,0,0,0,0,97,56,41,0,0,110,255,0
Georgia,Bibb,2022,365,216,149,0,0,0,0,91,60,46,0,0,58,307,0
Georgia,Charlton,2022,122,117,5,0,0,0,0,76,43,26,0,0,0,122,0
Georgia,Chatham,2022,335,199,136,0,0,0,0,97,60,46,0,0,84,251,0
Georgia,Chattooga,2022,245,236,9,0,0,0,0,77,47,35,0,0,245,0,0
Georgia,Clarke,2022,362,201,161,0,0,0,0,88,63,47,0,0,109,253,0
Georgia,Clayton,2022,121,82,39,0,0,0,0,72,58,42,0,0,0,121,0
Georgia,Cobb,2022,285,231,53,1,0,0,0,105,57,40,0,0,193,92,0
Georgia,Coffee,2022,119,94,25,0,0,0,0,74,54,36,0,0,0,119,0
Georgia,Columbia,2022,245,238,7,0,0,0,0,71,45,34,0,0,245,0,0
Georgia,Dawson,2022,245,238,6,1,0,0,0,136,47,35,0,0,245,0,0
Georgia,DeKalb,2022,365,177,186,2,0,0,0,147,65,51,1,18,63,283,0
Georgia,Dougherty,2022,358,180,173,4,1,0,0,151,64,50,0,0,0,358,0
Georgia,Douglas,2022,243,215,27,1,0,0,0,133,54,38,0,0,243,0,0
Georgia,Floyd,2022,356,256,100,0,0,0,0,84,57,37,0,0,0,356,0
Georgia,Fulton,2022,365,162,200,2,1,0,0,169,65,52,0,3,66,296,0
Georgia,Glynn,2022,356,221,134,1,0,0,0,106,62,45,0,0,59,297,0
Georgia,Gwinnett,2022,365,226,139,0,0,0,0,97,62,44,0,0,130,235,0
Georgia,Hall,2022,364,217,147,0,0,0,0,79,60,46,0,0,0,364,0
Georgia,Henry,2022,351,262,86,3,0,0,0,105,60,40,0,0,147,204,0
Georgia,Houston,2022,362,214,147,1,0,0,0,102,61,45,0,0,0,362,0
Georgia,Lowndes,2022,354,191,163,0,0,0,0,100,63,48,0,0,0,354,0
Georgia,Murray,2022,279,248,30,1,0,0,0,105,51,38,0,0,229,50,0
Georgia,Muscogee,2022,365,214,149,2,0,0,0,149,62,45,0,0,73,292,0
Georgia,Pike,2022,340,311,29,0,0,0,0,100,48,35,0,0,340,0,0
Georgia,Richmond,2022,365,195,170,0,0,0,0,99,62,49,0,0,64,301,0
Georgia,Rockdale,2022,243,214,29,0,0,0,0,90,54,39,0,0,243,0,0
Georgia,Sumter,2022,238,224,14,0,0,0,0,93,47,35,0,0,238,0,0
Georgia,Walker,2022,352,136,216,0,0,0,0,89,68,53,0,0,0,352,0
Georgia,Washington,2022,362,142,217,3,0,0,0,112,68,52,0,0,0,362,0
Hawaii,Hawaii,2022,365,328,37,0,0,0,0,71,51,33,0,0,0,365,0
Hawaii,Honolulu,2022,365,356,9,0,0,0,0,57,40,29,0,2,177,185,1
Hawaii,Kauai,2022,90,90,0,0,0,0,0,38,26,13,0,14,0,76,0
Hawaii,Maui,2022,361,357,4,0,0,0,0,58,34,21,0,0,0,361,0
Idaho,Ada,2022,365,196,162,6,1,0,0,166,75,48,0,5,201,157,2
Idaho,Bannock,2022,365,270,93,2,0,0,0,140,67,40,0,0,111,165,89
Idaho,Benewah,2022,365,187,167,8,3,0,0,177,69,49,0,0,0,365,0
Idaho,Blaine,2022,355,321,29,2,3,0,0,182,49,23,0,0,0,355,0
Idaho,Boise,2022,365,238,123,2,2,0,0,188,59,39,0,0,0,365,0
Idaho,Bonner,2022,364,259,97,5,2,1,0,216,66,35,0,0,0,332,32
Idaho,Bonneville,2022,357,306,50,1,0,0,0,109,53,27,0,0,0,357,0
Idaho,Butte,2022,365,337,28,0,0,0,0,79,50,42,0,0,360,5,0
Idaho,Canyon,2022,364,189,167,7,1,0,0,155,76,49,0,0,0,351,13
Idaho,Custer,2022,105,98,7,0,0,0,0,98,42,7,0,0,0,105,0
Idaho,Franklin,2022,365,310,54,1,0,0,0,103,56,23,0,0,0,365,0
Idaho,Idaho,2022,365,242,113,4,4,2,0,263,64,41,0,0,155,210,0
Idaho,Kootenai,2022,359,264,88,4,3,0,0,186,62,29,0,0,0,359,0
Idaho,Latah,2022,361,312,44,1,4,0,0,192,53,13,0,0,0,361,0
Idaho,Lemhi,2022,365,199,136,18,10,2,0,212,92,44,0,0,0,365,0
Idaho,Nez Perce,2022,365,252,107,2,4,0,0,195,63,34,0,0,0,365,0
Idaho,Shoshone,2022,365,217,141,4,3,0,0,172,71,42,0,0,0,363,2
Idaho,Twin Falls,2022,353,280,71,1,1,0,0,155,55,31,0,0,0,353,0
Idaho,Valley,2022,351,241,102,6,2,0,0,168,69,37,0,0,0,351,0
Illinois,Adams,2022,237,230,7,0,0,0,0,71,47,39,0,0,237,0,0
Illinois,Champaign,2022,365,223,141,1,0,0,0,126,62,44,0,0,152,213,0
Illinois,Clark,2022,312,296,15,1,0,0,0,101,45,34,0,0,312,0,0
Illinois,Cook,2022,365,117,240,7,1,0,0,151,76,54,0,7,68,270,20
Illinois,DuPage,2022,365,199,165,1,0,0,0,129,67,47,0,0,100,265,0
Illinois,Effingham,2022,239,215,24,0,0,0,0,100,51,38,0,0,239,0,0
Illinois,Hamilton,2022,365,227,138,0,0,0,0,88,61,45,0,0,120,245,0
Illinois,Jersey,2022,365,240,120,5,0,0,0,112,61,45,0,0,145,220,0
Illinois,Jo Daviess,2022,343,328,15,0,0,0,0,84,46,34,0,0,343,0,0
Illinois,Kane,2022,285,189,93,3,0,0,0,129,67,42,0,0,176,109,0
Illinois,Lake,2022,243,199,41,2,1,0,0,159,64,39,0,0,243,0,0
Illinois,Macon,2022,365,209,154,2,0,0,0,115,62,46,0,0,111,254,0
Illinois,Macoupin,2022,363,352,9,2,0,0,0,108,45,33,0,122,241,0,0
Illinois,Madison,2022,363,134,220,9,0,0,0,147,71,54,0,0,113,250,0
Illinois,McHenry,2022,365,199,163,3,0,0,0,126,66,47,0,0,112,253,0
Illinois,McLean,2022,365,207,156,2,0,0,0,129,63,47,0,0,119,246,0
Illinois,Peoria,2022,319,181,138,0,0,0,0,100,65,48,0,0,102,217,0
Illinois,Randolph,2022,365,244,119,2,0,0,0,108,61,45,0,0,147,218,0
Illinois,Rock Island,2022,360,214,146,0,0,0,0,90,64,47,0,0,97,263,0
Illinois,Saint Clair,2022,365,165,199,1,0,0,0,105,69,52,0,2,87,276,0
Illinois,Sangamon,2022,362,220,138,4,0,0,0,126,62,45,0,0,107,255,0
Illinois,Will,2022,365,193,170,2,0,0,0,101,66,49,0,0,92,273,0
Illinois,Winnebago,2022,363,237,126,0,0,0,0,97,61,43,0,0,123,240,0
Indiana,Allen,2022,351,326,23,2,0,0,0,115,48,35,0,0,351,0,0
Indiana,Bartholomew,2022,365,280,84,1,0,0,0,105,57,41,0,0,215,150,0
Indiana,Boone,2022,362,331,30,1,0,0,0,115,50,36,0,0,362,0,0
Indiana,Brown,2022,358,348,10,0,0,0,0,97,46,35,0,0,358,0,0
Indiana,Carroll,2022,364,343,21,0,0,0,0,93,47,34,0,0,364,0,0
Indiana,Clark,2022,363,170,192,1,0,0,0,119,66,51,0,0,73,290,0
Indiana,Delaware,2022,359,303,55,1,0,0,0,115,54,38,0,0,308,51,0
Indiana,Dubois,2022,123,80,43,0,0,0,0,88,58,42,0,0,0,113,10
Indiana,Elkhart,2022,362,242,117,3,0,0,0,127,60,43,0,0,138,224,0
Indiana,Floyd,2022,354,337,17,0,0,0,0,87,45,33,0,0,354,0,0
Indiana,Greene,2022,351,298,51,2,0,0,0,101,55,38,0,0,297,54,0
Indiana,Hamilton,2022,365,241,124,0,0,0,0,100,63,43,0,0,160,205,0
Indiana,Hendricks,2022,352,338,14,0,0,0,0,87,46,34,0,0,352,0,0
Indiana,Henry,2022,111,87,24,0,0,0,0,95,55,34,0,0,0,111,0
Indiana,Howard,2022,364,246,114,4,0,0,0,108,63,44,0,0,206,158,0
Indiana,Knox,2022,344,321,23,0,0,0,0,87,48,36,0,0,344,0,0
Indiana,LaPorte,2022,365,302,60,3,0,0,0,133,57,36,0,0,300,65,0
Indiana,Lake,2022,365,152,208,5,0,0,0,143,69,52,0,3,82,275,5
Indiana,Madison,2022,365,224,137,4,0,0,0,133,66,45,0,0,157,208,0
Indiana,Marion,2022,365,101,251,12,1,0,0,154,80,56,0,0,51,314,0
Indiana,Monroe,2022,347,265,82,0,0,0,0,96,55,38,0,0,0,347,0
Indiana,Perry,2022,365,344,20,1,0,0,0,119,48,36,0,0,365,0,0
Indiana,Porter,2022,365,229,130,5,0,1,0,202,62,46,0,0,165,195,5
Indiana,Posey,2022,364,349,15,0,0,0,0,97,45,33,0,0,364,0,0
Indiana,Shelby,2022,364,336,26,2,0,0,0,115,49,36,0,0,364,0,0
Indiana,Spencer,2022,111,75,36,0,0,0,0,79,57,42,0,0,0,111,0
Indiana,St. Joseph,2022,365,167,192,6,0,0,0,122,73,52,0,1,103,261,0
Indiana,Tippecanoe,2022,350,268,82,0,0,0,0,96,56,36,0,0,0,350,0
Indiana,Vanderburgh,2022,365,172,193,0,0,0,0,100,66,51,0,0,94,271,0
Indiana,Vigo,2022,365,203,160,2,0,0,0,115,63,47,0,0,109,256,0
Indiana,Wabash,2022,362,334,27,1,0,0,0,112,49,37,0,0,362,0,0
Indiana,Warrick,2022,365,326,38,1,0,0,0,101,51,37,0,0,365,0,0
Indiana,Whitley,2022,360,221,138,1,0,0,0,109,63,44,0,0,0,360,0
Iowa,Black Hawk,2022,364,232,132,0,0,0,0,84,59,44,0,0,0,364,0
Iowa,Bremer,2022,243,235,8,0,0,0,0,67,47,37,0,0,243,0,0
Iowa,Cerro Gordo,2022,117,116,1,0,0,0,0,61,31,17,0,0,0,0,117
Iowa,Clinton,2022,364,165,198,1,0,0,0,107,67,52,0,0,74,290,0
Iowa,Harrison,2022,237,210,27,0,0,0,0,84,51,40,0,0,237,0,0
Iowa,Johnson,2022,365,223,141,1,0,0,0,108,62,44,0,0,0,365,0
Iowa,Lee,2022,106,73,33,0,0,0,0,87,57,41,0,0,0,106,0
Iowa,Linn,2022,365,197,168,0,0,0,0,81,61,48,0,0,90,274,1
Iowa,Montgomery,2022,363,305,58,0,0,0,0,79,54,39,0,0,169,194,0
Iowa,Muscatine,2022,365,235,130,0,0,0,0,89,58,42,0,0,0,363,2
Iowa,Palo Alto,2022,365,271,94,0,0,0,0,79,55,42,0,0,133,232,0
Iowa,Polk,2022,365,273,92,0,0,0,0,89,57,41,0,4,136,224,1
Iowa,Pottawattamie,2022,121,91,30,0,0,0,0,72,56,37,0,0,0,119,2
Iowa,Scott,2022,365,202,163,0,0,0,0,96,65,49,0,0,97,216,52
Iowa,Van Buren,2022,365,271,93,1,0,0,0,102,55,43,0,1,123,241,0
Iowa,Woodbury,2022,113,91,22,0,0,0,0,76,56,36,0,0,0,113,0
Kansas,Chase,2022,121,110,11,0,0,0,0,66,49,25,0,0,0,121,0
Kansas,Ford,2022,362,339,21,1,1,0,0,169,40,19,0,0,0,0,362
Kansas,Johnson,2022,365,227,137,1,0,0,0,115,64,44,0,0,138,226,1
Kansas,Leavenworth,2022,365,341,24,0,0,0,0,80,49,37,0,0,365,0,0
Kansas,Neosho,2022,360,201,159,0,0,0,0,94,66,48,0,1,144,208,7
Kansas,Sedgwick,2022,365,183,178,4,0,0,0,119,71,50,0,0,166,191,8
Kansas,Shawnee,2022,350,220,130,0,0,0,0,87,62,44,0,0,172,177,1
Kansas,Sherman,2022,360,338,18,3,0,0,1,494,41,18,0,0,0,0,360
Kansas,Sumner,2022,365,197,165,3,0,0,0,115,67,48,0,0,146,205,14
Kansas,Trego,2022,360,266,91,2,1,0,0,154,61,42,0,0,207,136,17
Kansas,Wyandotte,2022,365,179,184,2,0,0,0,112,67,51,1,5,103,252,4
Kentucky,Bell,2022,365,197,168,0,0,0,0,91,64,48,0,0,78,287,0
Kentucky,Boone,2022,199,173,26,0,0,0,0,97,54,41,0,0,199,0,0
Kentucky,Boyd,2022,365,252,113,0,0,0,0,80,57,43,0,1,112,249,3
Kentucky,Bullitt,2022,239,212,26,1,0,0,0,101,51,40,0,0,239,0,0
Kentucky,Campbell,2022,362,246,115,1,0,0,0,105,58,43,0,0,137,225,0
Kentucky,Carter,2022,361,293,68,0,0,0,0,71,53,39,0,0,127,234,0
Kentucky,Christian,2022,365,201,164,0,0,0,0,85,65,48,0,0,79,286,0
Kentucky,Daviess,2022,365,230,135,0,0,0,0,98,61,46,0,1,107,257,0
Kentucky,Edmonson,2022,365,334,31,0,0,0,0,84,49,37,3,0,330,32,0
Kentucky,Fayette,2022,365,235,129,1,0,0,0,106,60,44,0,1,145,219,0
Kentucky,Greenup,2022,243,230,13,0,0,0,0,71,47,36,0,0,243,0,0
Kentucky,Hancock,2022,243,219,23,1,0,0,0,108,50,40,0,0,243,0,0
Kentucky,Hardin,2022,362,242,120,0,0,0,0,86,58,44,0,0,136,226,0
Kentucky,Jefferson,2022,365,147,211,7,0,0,0,136,71,53,0,5,80,280,0
Kentucky,Jessamine,2022,243,215,28,0,0,0,0,87,51,40,0,0,243,0,0
Kentucky,Livingston,2022,243,207,34,2,0,0,0,119,54,41,0,0,243,0,0
Kentucky,McCracken,2022,345,217,125,3,0,0,0,143,64,45,0,14,115,216,0
Kentucky,Morgan,2022,364,347,17,0,0,0,0,74,46,35,0,0,364,0,0
Kentucky,Oldham,2022,245,221,22,2,0,0,0,112,50,41,0,0,245,0,0
Kentucky,Perry,2022,348,226,119,1,2,0,0,171,59,46,0,0,91,257,0
Kentucky,Pike,2022,365,296,69,0,0,0,0,92,53,39,0,0,109,256,0
Kentucky,Pulaski,2022,359,259,100,0,0,0,0,82,57,42,0,0,103,256,0
Kentucky,Simpson,2022,241,217,24,0,0,0,0,93,50,39,0,0,241,0,0
Kentucky,Trigg,2022,126,116,10,0,0,0,0,80,50,39,0,0,126,0,0
Kentucky,Warren,2022,363,248,115,0,0,0,0,84,58,43,0,0,123,240,0
Kentucky,Washington,2022,364,340,24,0,0,0,0,77,49,37,0,0,364,0,0
Louisiana,Ascension,2022,364,336,28,0,0,0,0,90,49,32,0,7,357,0,0
Louisiana,Bossier,2022,358,162,196,0,0,0,0,99,64,52,0,0,55,299,4
Louisiana,Caddo,2022,363,274,88,1,0,0,0,108,58,40,0,0,265,98,0
Louisiana,Calcasieu,2022,365,167,198,0,0,0,0,100,67,52,0,0,87,275,3
Louisiana,East Baton Rouge,2022,365,205,157,3,0,0,0,141,65,48,0,0,95,270,0
Louisiana,Iberville,2022,365,267,91,6,1,0,0,156,71,42,0,0,325,40,0
Louisiana,Jefferson,2022,362,219,143,0,0,0,0,96,61,46,0,1,102,259,0
Louisiana,Lafayette,2022,364,213,149,2,0,0,0,103,63,47,0,0,126,236,2
Louisiana,Lafourche,2022,351,238,112,1,0,0,0,109,59,43,0,0,129,222,0
Louisiana,Livingston,2022,361,177,181,3,0,0,0,117,66,51,0,1,112,248,0
Louisiana,Orleans,2022,365,286,77,2,0,0,0,102,56,35,2,53,0,305,5
Louisiana,Ouachita,2022,359,309,49,1,0,0,0,105,53,38,0,0,298,61,0
Louisiana,Pointe Coupee,2022,346,323,22,1,0,0,0,112,48,34,0,0,346,0,0
Louisiana,Rapides,2022,119,85,33,1,0,0,0,105,57,38,0,0,0,119,0
Louisiana,St. Bernard,2022,365,209,155,1,0,0,0,108,61,47,0,0,144,221,0
Louisiana,St. James,2022,361,345,16,0,0,0,0,93,46,32,0,0,361,0,0
Louisiana,St. John the Baptist,2022,351,335,16,0,0,0,0,80,47,33,0,0,351,0,0
Louisiana,St. Martin,2022,338,296,42,0,0,0,0,97,54,34,0,0,338,0,0
Louisiana,St. Tammany,2022,365,277,87,1,0,0,0,103,59,41,0,0,155,210,0
Louisiana,Tangipahoa,2022,124,89,35,0,0,0,0,97,57,38,0,0,0,124,0
Louisiana,Terrebonne,2022,121,90,31,0,0,0,0,96,55,38,0,0,0,121,0
Louisiana,West Baton Rouge,2022,364,216,144,4,0,0,0,105,63,46,0,2,102,260,0
Maine,Androscoggin,2022,358,327,31,0,0,0,0,97,48,32,0,0,197,159,2
Maine,Aroostook,2022,364,304,60,0,0,0,0,80,54,34,0,0,134,211,19
Maine,Cumberland,2022,362,323,36,3,0,0,0,109,51,36,0,5,273,82,2
Maine,Hancock,2022,361,326,34,1,0,0,0,112,50,36,0,0,328,33,0
Maine,Kennebec,2022,203,194,9,0,0,0,0,84,46,30,0,0,165,36,2
Maine,Knox,2022,212,206,6,0,0,0,0,80,45,35,0,0,212,0,0
Maine,Oxford,2022,358,324,34,0,0,0,0,96,50,33,0,0,189,169,0
Maine,Penobscot,2022,361,324,37,0,0,0,0,87,51,33,0,0,176,185,0
Maine,Sagadahoc,2022,169,159,10,0,0,0,0,93,47,32,0,0,169,0,0
Maine,Washington,2022,364,355,9,0,0,0,0,58,44,34,0,0,336,28,0
Maine,York,2022,246,230,14,2,0,0,0,126,49,38,0,0,246,0,0
Maryland,Anne Arundel,2022,263,247,16,0,0,0,0,93,48,38,0,0,243,0,20
Maryland,Baltimore,2022,365,238,126,1,0,0,0,122,64,45,0,1,225,139,0
Maryland,Baltimore (City),2022,353,242,109,2,0,0,0,112,64,44,0,17,171,165,0
Maryland,Calvert,2022,239,225,14,0,0,0,0,74,47,39,0,0,239,0,0
Maryland,Carroll,2022,243,210,32,1,0,0,0,112,54,42,0,0,243,0,0
Maryland,Cecil,2022,361,267,93,1,0,0,0,101,58,43,0,0,173,188,0
Maryland,Charles,2022,245,225,20,0,0,0,0,87,50,41,0,0,245,0,0
Maryland,Dorchester,2022,365,274,91,0,0,0,0,93,55,43,0,0,197,168,0
Maryland,Frederick,2022,236,212,23,1,0,0,0,115,51,41,0,0,236,0,0
Maryland,Garrett,2022,365,330,35,0,0,0,0,97,50,38,1,2,271,91,0
Maryland,Harford,2022,360,262,98,0,0,0,0,97,64,43,0,0,208,152,0
Maryland,Howard,2022,365,290,75,0,0,0,0,70,54,37,1,71,0,293,0
Maryland,Kent,2022,361,292,69,0,0,0,0,93,54,40,0,0,188,173,0
Maryland,Montgomery,2022,355,241,113,1,0,0,0,119,59,43,0,0,168,187,0
Maryland,Prince George's,2022,365,313,51,1,0,0,0,101,58,39,0,15,314,36,0
Maryland,Washington,2022,344,283,61,0,0,0,0,87,54,40,0,0,184,160,0
Massachusetts,Barnstable,2022,360,341,19,0,0,0,0,93,46,36,0,0,351,9,0
Massachusetts,Berkshire,2022,365,269,96,0,0,0,0,87,58,42,0,0,176,189,0
Massachusetts,Bristol,2022,365,301,63,1,0,0,0,115,54,38,0,0,245,120,0
Massachusetts,Dukes,2022,359,338,20,1,0,0,0,126,47,37,0,0,346,13,0
Massachusetts,Essex,2022,365,276,84,5,0,0,0,113,58,41,0,1,213,151,0
Massachusetts,Franklin,2022,365,271,93,1,0,0,0,108,59,40,0,0,174,191,0
Massachusetts,Hampden,2022,365,262,102,1,0,0,0,115,61,42,0,5,162,198,0
Massachusetts,Hampshire,2022,365,267,98,0,0,0,0,97,57,42,0,0,202,163,0
Massachusetts,Middlesex,2022,365,310,55,0,0,0,0,90,54,38,0,11,211,143,0
Massachusetts,Norfolk,2022,365,304,60,1,0,0,0,105,55,40,0,1,272,92,0
Massachusetts,Plymouth,2022,360,235,125,0,0,0,0,93,57,45,0,0,87,273,0
Massachusetts,Suffolk,2022,365,261,102,2,0,0,0,112,60,41,0,17,117,231,0
Massachusetts,Worcester,2022,365,228,137,0,0,0,0,100,59,45,0,4,104,257,0
Michigan,Allegan,2022,344,256,82,4,2,0,0,195,64,40,0,0,191,153,0
Michigan,Bay,2022,354,287,67,0,0,0,0,85,55,32,0,0,0,354,0
Michigan,Benzie,2022,243,218,22,2,1,0,0,151,51,36,0,0,243,0,0
Michigan,Berrien,2022,232,197,30,4,1,0,0,156,61,39,0,0,232,0,0
Michigan,Cass,2022,233,212,19,2,0,0,0,119,50,38,0,0,233,0,0
Michigan,Clinton,2022,235,213,22,0,0,0,0,90,49,38,0,0,235,0,0
Michigan,Genesee,2022,364,237,125,2,0,0,0,112,62,44,0,0,139,225,0
Michigan,Huron,2022,243,227,15,1,0,0,0,122,49,35,0,0,243,0,0
Michigan,Ingham,2022,360,236,124,0,0,0,0,93,60,43,0,3,135,222,0
Michigan,Kalamazoo,2022,352,177,172,3,0,0,0,134,69,50,0,0,103,249,0
Michigan,Kent,2022,365,209,152,4,0,0,0,136,68,47,0,2,130,231,2
Michigan,Keweenaw,2022,122,119,3,0,0,0,0,58,32,12,0,0,0,122,0
Michigan,Lenawee,2022,365,250,115,0,0,0,0,97,65,43,0,0,149,216,0
Michigan,Macomb,2022,365,223,140,2,0,0,0,126,70,44,0,0,145,220,0
Michigan,Manistee,2022,267,235,29,2,1,0,0,156,52,35,0,0,225,42,0
Michigan,Mason,2022,236,219,15,1,1,0,0,161,49,36,0,0,236,0,0
Michigan,Missaukee,2022,363,228,134,1,0,0,0,108,58,46,0,0,59,304,0
Michigan,Monroe,2022,61,51,8,1,0,0,1,607,59,26,0,0,0,0,61
Michigan,Muskegon,2022,243,211,25,5,2,0,0,187,58,37,0,0,243,0,0
Michigan,Oakland,2022,282,236,46,0,0,0,0,100,56,39,0,0,223,59,0
Michigan,Ottawa,2022,332,194,134,2,2,0,0,164,67,46,0,0,101,231,0
Michigan,Schoolcraft,2022,362,318,43,1,0,0,0,126,55,35,0,0,162,200,0
Michigan,St. Clair,2022,359,232,125,2,0,0,0,133,67,43,0,0,143,216,0
Michigan,Tuscola,2022,361,334,26,1,0,0,0,105,49,34,0,0,361,0,0
Michigan,Washtenaw,2022,365,222,142,1,0,0,0,101,68,46,0,0,152,213,0
Michigan,Wayne,2022,365,63,287,15,0,0,0,131,79,58,0,2,29,323,11
Michigan,Wexford,2022,359,331,24,4,0,0,0,136,49,35,0,0,359,0,0
Minnesota,Anoka,2022,365,289,76,0,0,0,0,93,55,40,0,4,241,117,3
Minnesota,Becker,2022,354,321,32,1,0,0,0,125,49,36,0,0,176,178,0
Minnesota,Beltrami,2022,346,318,28,0,0,0,0,65,47,23,0,0,0,346,0
Minnesota,Carlton,2022,355,351,4,0,0,0,0,57,41,25,0,0,186,169,0
Minnesota,Cass,2022,348,309,39,0,0,0,0,64,52,32,0,0,0,348,0
Minnesota,Cook,2022,330,327,3,0,0,0,0,54,21,4,0,0,0,330,0
Minnesota,Crow Wing,2022,365,324,41,0,0,0,0,67,52,37,0,0,195,170,0
Minnesota,Dakota,2022,365,286,79,0,0,0,0,82,55,34,0,72,0,293,0
Minnesota,Goodhue,2022,220,210,10,0,0,0,0,71,47,38,0,0,220,0,0
Minnesota,Hennepin,2022,365,244,121,0,0,0,0,96,62,42,0,11,79,255,20
Minnesota,Lake,2022,357,342,15,0,0,0,0,78,44,31,0,0,206,151,0
Minnesota,Lyon,2022,356,303,51,0,2,0,0,172,54,38,0,0,180,176,0
Minnesota,Mille Lacs,2022,151,151,0,0,0,0,0,48,43,35,0,0,151,0,0
Minnesota,Olmsted,2022,359,280,78,1,0,0,0,110,58,41,0,0,133,226,0
Minnesota,Ramsey,2022,365,267,98,0,0,0,0,85,57,36,0,0,0,321,44
Minnesota,Saint Louis,2022,365,322,43,0,0,0,0,75,52,36,0,2,249,108,6
Minnesota,Scott,2022,365,282,83,0,0,0,0,89,57,42,0,0,205,160,0
Minnesota,Stearns,2022,277,204,73,0,0,0,0,78,58,39,0,0,102,175,0
Minnesota,Washington,2022,227,212,15,0,0,0,0,90,48,36,0,0,227,0,0
Minnesota,Winona,2022,121,113,8,0,0,0,0,65,44,22,0,0,0,121,0
Minnesota,Wright,2022,356,278,78,0,0,0,0,90,56,41,0,0,181,175,0
Mississippi,Bolivar,2022,365,234,131,0,0,0,0,93,61,44,0,0,87,278,0
Mississippi,DeSoto,2022,365,206,153,6,0,0,0,133,63,48,0,0,86,279,0
Mississippi,Forrest,2022,365,177,187,1,0,0,0,105,64,51,0,0,0,365,0
Mississippi,Hancock,2022,359,238,121,0,0,0,0,89,58,44,0,0,86,273,0
Mississippi,Harrison,2022,365,211,154,0,0,0,0,100,62,46,0,0,86,279,0
Mississippi,Hinds,2022,365,168,195,2,0,0,0,105,65,52,0,0,72,293,0
Mississippi,Jackson,2022,365,243,121,1,0,0,0,101,60,44,0,1,125,239,0
Mississippi,Lauderdale,2022,240,230,10,0,0,0,0,77,47,36,0,0,240,0,0
Mississippi,Lee,2022,244,225,19,0,0,0,0,100,49,40,0,0,244,0,0
Mississippi,Yalobusha,2022,340,327,13,0,0,0,0,100,45,34,0,0,340,0,0
Missouri,Andrew,2022,245,213,31,1,0,0,0,101,51,43,0,0,245,0,0
Missouri,Boone,2022,245,235,10,0,0,0,0,67,48,38,0,0,245,0,0
Missouri,Buchanan,2022,365,237,126,2,0,0,0,106,58,42,0,0,0,301,64
Missouri,Callaway,2022,244,222,22,0,0,0,0,74,50,40,0,0,244,0,0
Missouri,Cass,2022,360,287,73,0,0,0,0,88,56,40,0,0,190,170,0
Missouri,Cedar,2022,349,274,75,0,0,0,0,100,61,41,0,0,193,156,0
Missouri,Clay,2022,365,286,75,4,0,0,0,112,61,41,0,0,213,152,0
Missouri,Clinton,2022,245,211,33,1,0,0,0,101,58,41,0,0,245,0,0
Missouri,Greene,2022,365,202,163,0,0,0,0,100,64,49,0,0,119,246,0
Missouri,Jackson,2022,365,160,205,0,0,0,0,93,63,52,0,9,0,326,30
Missouri,Jasper,2022,363,283,79,1,0,0,0,108,68,41,0,0,206,0,157
Missouri,Jefferson,2022,360,236,121,3,0,0,0,108,65,44,0,0,151,185,24
Missouri,Lincoln,2022,245,214,30,1,0,0,0,112,54,41,0,0,245,0,0
Missouri,Monroe,2022,365,364,1,0,0,0,0,52,44,34,0,0,358,0,7
Missouri,Perry,2022,245,211,34,0,0,0,0,97,58,42,0,0,245,0,0
Missouri,Saint Charles,2022,245,206,32,7,0,0,0,129,64,42,0,0,245,0,0
Missouri,Saint Louis,2022,365,263,100,2,0,0,0,140,63,44,0,13,181,171,0
Missouri,Sainte Genevieve,2022,244,215,29,0,0,0,0,100,54,41,0,0,244,0,0
Missouri,St. Louis City,2022,365,127,233,5,0,0,0,117,75,55,0,4,73,259,29
Missouri,Stoddard,2022,114,93,21,0,0,0,0,80,54,31,0,0,0,114,0
Missouri,Taney,2022,118,106,12,0,0,0,0,71,52,25,0,0,0,118,0
Montana,Cascade,2022,359,323,34,2,0,0,0,128,51,23,0,0,0,359,0
Montana,Custer,2022,364,318,46,0,0,0,0,80,52,40,0,3,269,89,3
Montana,Fergus,2022,365,341,22,2,0,0,0,122,49,40,0,0,323,42,0
Montana,Flathead,2022,365,249,113,2,1,0,0,152,64,41,0,0,149,187,29
Montana,Gallatin,2022,365,290,71,4,0,0,0,148,58,32,0,2,0,363,0
Montana,Lake,2022,97,93,3,1,0,0,0,120,37,11,0,0,0,97,0
Montana,Lewis and Clark,2022,365,239,119,4,3,0,0,167,63,45,0,0,167,198,0
Montana,Lincoln,2022,365,184,175,4,2,0,0,174,77,49,0,0,0,362,3
Montana,Missoula,2022,365,149,201,11,4,0,0,190,81,54,0,0,87,278,0
Montana,Phillips,2022,365,344,21,0,0,0,0,89,45,36,0,0,292,67,6
Montana,Powder River,2022,365,292,70,3,0,0,0,108,56,39,0,0,242,92,31
Montana,Powell,2022,114,105,8,1,0,0,0,104,46,12,0,0,0,114,0
Montana,Ravalli,2022,363,287,64,2,8,2,0,263,64,27,0,0,0,363,0
Montana,Richland,2022,361,322,39,0,0,0,0,79,51,39,0,0,274,85,2
Montana,Roosevelt,2022,101,98,3,0,0,0,0,64,30,14,0,0,0,101,0
Montana,Rosebud,2022,337,337,0,0,0,0,0,36,14,2,0,235,0,18,84
Montana,Sanders,2022,365,266,94,2,3,0,0,188,59,36,0,0,0,344,21
Montana,Sheridan,2022,89,85,4,0,0,0,0,66,36,16,0,0,0,89,0
Montana,Silver Bow,2022,365,268,87,8,2,0,0,162,67,27,0,0,0,298,67
Montana,Yellowstone,2022,365,307,56,1,1,0,0,155,54,32,0,0,0,365,0
Nebraska,Cass,2022,356,337,19,0,0,0,0,87,40,19,0,0,0,0,356
Nebraska,Douglas,2022,365,278,86,1,0,0,0,108,57,41,0,0,238,118,9
Nebraska,Gage,2022,278,252,26,0,0,0,0,81,49,23,0,0,0,278,0
Nebraska,Hall,2022,350,301,49,0,0,0,0,84,53,27,0,0,0,350,0
Nebraska,Knox,2022,355,319,36,0,0,0,0,100,51,37,0,0,355,0,0
Nebraska,Lancaster,2022,277,258,19,0,0,0,0,64,47,37,0,0,209,68,0
Nebraska,Sarpy,2022,331,269,62,0,0,0,0,94,55,32,0,0,0,331,0
Nebraska,Scotts Bluff,2022,339,331,8,0,0,0,0,79,36,16,0,0,0,339,0
Nebraska,Thomas,2022,89,85,4,0,0,0,0,55,36,17,0,0,0,89,0
Nebraska,Washington,2022,299,280,19,0,0,0,0,64,43,19,0,0,0,299,0
Nevada,Carson City,2022,364,290,65,5,2,2,0,227,58,44,0,0,290,74,0
Nevada,Churchill,2022,349,330,19,0,0,0,0,100,47,39,0,0,349,0,0
Nevada,Clark,2022,365,71,268,20,3,1,2,480,97,64,0,3,194,138,30
Nevada,Douglas,2022,356,295,55,1,5,0,0,195,57,20,0,0,0,356,0
Nevada,Elko,2022,365,321,42,2,0,0,0,149,51,38,0,0,159,10,196
Nevada,Lyon,2022,355,329,25,1,0,0,0,105,49,39,0,0,355,0,0
Nevada,Nye,2022,358,306,41,6,4,1,0,294,57,22,0,0,0,0,358
Nevada,Washoe,2022,365,180,176,1,4,4,0,259,74,51,0,1,218,140,6
Nevada,White Pine,2022,346,287,59,0,0,0,0,87,54,44,0,0,333,13,0
New Hampshire,Belknap,2022,358,339,19,0,0,0,0,68,46,32,0,0,182,176,0
New Hampshire,Cheshire,2022,365,304,61,0,0,0,0,84,55,37,0,0,230,135,0
New Hampshire,Coos,2022,359,350,9,0,0,0,0,64,46,40,0,0,354,5,0
New Hampshire,Grafton,2022,365,330,35,0,0,0,0,84,50,36,0,0,220,145,0
New Hampshire,Hillsborough,2022,365,329,36,0,0,0,0,100,50,39,2,0,337,26,0
New Hampshire,Merrimack,2022,212,205,7,0,0,0,0,84,46,36,0,0,212,0,0
New Hampshire,Rockingham,2022,365,292,71,2,0,0,0,122,55,40,0,0,232,133,0
New Jersey,Atlantic,2022,365,316,48,0,1,0,0,185,52,36,0,0,193,172,0
New Jersey,Bergen,2022,365,259,106,0,0,0,0,90,60,42,0,61,142,162,0
New Jersey,Camden,2022,365,197,167,1,0,0,0,108,63,48,0,4,120,241,0
New Jersey,Cumberland,2022,362,308,54,0,0,0,0,84,53,38,0,5,239,118,0
New Jersey,Essex,2022,269,177,92,0,0,0,0,97,61,44,1,32,109,127,0
New Jersey,Gloucester,2022,288,217,68,3,0,0,0,126,61,42,0,0,231,57,0
New Jersey,Hudson,2022,365,232,131,2,0,0,0,115,62,44,2,40,116,207,0
New Jersey,Hunterdon,2022,364,263,101,0,0,0,0,93,60,42,0,0,197,167,0
New Jersey,Mercer,2022,365,227,135,3,0,0,0,119,61,46,0,0,156,209,0
New Jersey,Middlesex,2022,365,261,103,1,0,0,0,101,59,42,0,10,164,191,0
New Jersey,Monmouth,2022,248,226,20,1,1,0,0,161,49,38,0,0,248,0,0
New Jersey,Morris,2022,360,320,40,0,0,0,0,84,52,36,0,6,326,28,0
New Jersey,Ocean,2022,358,287,68,3,0,0,0,105,58,40,0,0,195,163,0
New Jersey,Passaic,2022,304,251,53,0,0,0,0,90,54,38,0,0,186,118,0
New Jersey,Union,2022,365,191,174,0,0,0,0,82,65,49,0,29,0,336,0
New Jersey,Warren,2022,363,241,122,0,0,0,0,86,60,43,0,24,100,239,0
New Mexico,Bernalillo,2022,365,81,251,28,2,1,2,825,97,63,0,0,164,144,57
New Mexico,Catron,2022,114,112,2,0,0,0,0,66,27,12,0,0,0,114,0
New Mexico,Chaves,2022,121,108,13,0,0,0,0,64,51,26,0,0,0,121,0
New Mexico,Dona Ana,2022,365,157,179,24,1,2,2,367,93,53,0,16,203,76,70
New Mexico,Eddy,2022,365,207,130,27,1,0,0,151,93,48,0,1,352,12,0
New Mexico,Lea,2022,365,237,123,5,0,0,0,126,74,44,0,2,259,104,0
New Mexico,Lincoln,2022,109,105,4,0,0,0,0,79,40,16,0,0,0,109,0
New Mexico,Los Alamos,2022,118,112,5,1,0,0,0,103,39,14,0,0,0,118,0
New Mexico,Luna,2022,358,317,32,6,2,0,1,806,52,17,0,0,0,0,358
New Mexico,Rio Arriba,2022,331,304,26,1,0,0,0,105,49,40,0,0,317,14,0
New Mexico,San Juan,2022,365,238,116,9,1,1,0,220,77,45,0,2,342,0,21
New Mexico,Sandoval,2022,360,295,64,1,0,0,0,101,67,43,0,0,360,0,0
New Mexico,Santa Fe,2022,365,284,81,0,0,0,0,98,61,44,0,0,340,25,0
New Mexico,Socorro,2022,115,111,4,0,0,0,0,72,30,15,0,0,0,115,0
New Mexico,Taos,2022,359,323,36,0,0,0,0,86,51,19,0,0,0,359,0
New Mexico,Valencia,2022,361,317,44,0,0,0,0,93,54,41,0,0,361,0,0
New York,Albany,2022,365,276,89,0,0,0,0,88,57,40,0,0,173,192,0
New York,Bronx,2022,365,225,139,1,0,0,0,101,61,44,0,29,132,204,0
New York,Chautauqua,2022,355,322,29,4,0,0,0,140,50,36,0,0,330,25,0
New York,Dutchess,2022,341,321,20,0,0,0,0,97,48,35,0,0,341,0,0
New York,Erie,2022,365,238,125,2,0,0,0,150,61,44,0,5,114,245,1
New York,Essex,2022,365,342,21,2,0,0,0,115,48,41,0,0,342,23,0
New York,Hamilton,2022,350,345,5,0,0,0,0,71,43,34,0,0,350,0,0
New York,Jefferson,2022,360,352,8,0,0,0,0,84,43,32,0,0,360,0,0
New York,Kings,2022,364,240,124,0,0,0,0,85,59,43,0,0,0,364,0
New York,Monroe,2022,365,270,93,2,0,0,0,126,58,42,0,0,159,206,0
New York,Nassau,2022,361,303,58,0,0,0,0,68,53,29,0,0,0,361,0
New York,New York,2022,365,234,130,1,0,0,0,105,61,43,0,0,146,219,0
New York,Niagara,2022,358,339,18,1,0,0,0,133,45,35,0,0,358,0,0
New York,Oneida,2022,332,288,44,0,0,0,0,83,52,26,0,0,0,332,0
New York,Onondaga,2022,365,316,49,0,0,0,0,69,52,37,0,0,209,156,0
New York,Orange,2022,363,292,71,0,0,0,0,73,55,37,0,0,106,257,0
New York,Oswego,2022,354,349,5,0,0,0,0,58,43,32,0,0,354,0,0
New York,Putnam,2022,333,311,22,0,0,0,0,100,47,34,0,0,333,0,0
New York,Queens,2022,365,203,159,3,0,0,0,126,67,47,0,18,114,233,0
New York,Richmond,2022,365,278,86,1,0,0,0,105,57,40,0,0,185,180,0
New York,Rockland,2022,365,315,50,0,0,0,0,90,53,38,0,0,251,114,0
New York,Saratoga,2022,362,354,8,0,0,0,0,74,44,32,0,0,362,0,0
New York,Steuben,2022,365,326,39,0,0,0,0,71,51,38,0,0,220,145,0
New York,Suffolk,2022,365,272,85,8,0,0,0,133,60,42,0,0,253,112,0
New York,Tompkins,2022,361,349,12,0,0,0,0,67,44,36,0,0,361,0,0
New York,Wayne,2022,343,333,9,1,0,0,0,101,44,33,0,0,343,0,0
New York,Westchester,2022,365,300,65,0,0,0,0,100,55,38,0,0,248,117,0
North Carolina,Alexander,2022,300,280,20,0,0,0,0,90,49,37,0,0,245,0,55
North Carolina,Avery,2022,321,297,24,0,0,0,0,77,48,38,0,0,284,37,0
North Carolina,Buncombe,2022,365,291,74,0,0,0,0,74,54,38,0,0,160,205,0
North Carolina,Caldwell,2022,245,224,21,0,0,0,0,74,50,40,0,0,245,0,0
North Carolina,Carteret,2022,359,346,13,0,0,0,0,77,46,35,0,0,359,0,0
North Carolina,Caswell,2022,264,253,11,0,0,0,0,64,48,39,0,0,245,0,19
North Carolina,Catawba,2022,355,234,121,0,0,0,0,81,59,44,0,0,0,355,0
North Carolina,Cumberland,2022,360,231,128,1,0,0,0,115,61,45,0,0,136,214,10
North Carolina,Davidson,2022,354,196,158,0,0,0,0,86,61,47,0,0,0,354,0
North Carolina,Durham,2022,365,273,92,0,0,0,0,93,55,42,0,0,155,209,1
North Carolina,Edgecombe,2022,356,312,44,0,0,0,0,93,52,37,0,0,175,181,0
North Carolina,Forsyth,2022,365,209,155,1,0,0,0,137,61,48,0,1,130,234,0
North Carolina,Graham,2022,244,200,41,3,0,0,0,112,61,43,0,0,244,0,0
North Carolina,Granville,2022,244,223,20,1,0,0,0,112,50,42,0,0,244,0,0
North Carolina,Guilford,2022,365,223,142,0,0,0,0,84,59,46,0,0,126,228,11
North Carolina,Haywood,2022,280,234,45,1,0,0,0,108,58,43,0,0,242,38,0
North Carolina,Hyde,2022,115,112,3,0,0,0,0,61,39,21,0,0,0,115,0
North Carolina,Johnston,2022,365,271,93,1,0,0,0,140,55,42,0,0,128,237,0
North Carolina,Lenoir,2022,241,217,23,1,0,0,0,108,50,39,0,0,241,0,0
North Carolina,Lincoln,2022,243,202,40,1,0,0,0,108,58,43,0,0,243,0,0
North Carolina,Macon,2022,360,349,11,0,0,0,0,97,45,31,0,0,360,0,0
North Carolina,Martin,2022,289,282,7,0,0,0,0,80,44,34,0,0,244,0,45
North Carolina,Mecklenburg,2022,365,190,173,2,0,0,0,119,67,50,0,0,142,223,0
North Carolina,Mitchell,2022,346,298,48,0,0,0,0,69,53,31,0,0,0,346,0
North Carolina,Montgomery,2022,363,263,100,0,0,0,0,80,58,43,0,0,167,196,0
North Carolina,New Hanover,2022,361,268,93,0,0,0,0,80,55,42,0,0,93,268,0
North Carolina,Northampton,2022,362,284,78,0,0,0,0,71,55,33,0,5,0,357,0
North Carolina,Person,2022,243,229,14,0,0,0,0,90,49,40,0,0,243,0,0
North Carolina,Pitt,2022,365,305,60,0,0,0,0,97,52,37,0,0,144,221,0
North Carolina,Rockingham,2022,239,219,20,0,0,0,0,80,50,41,0,0,239,0,0
North Carolina,Rowan,2022,364,230,134,0,0,0,0,87,59,46,0,0,180,184,0
North Carolina,Swain,2022,365,275,90,0,0,0,0,89,57,43,0,0,102,263,0
North Carolina,Union,2022,244,218,26,0,0,0,0,100,51,41,0,0,244,0,0
North Carolina,Wake,2022,365,216,148,1,0,0,0,122,59,47,0,0,130,235,0
North Carolina,Yancey,2022,242,200,42,0,0,0,0,93,61,44,0,0,242,0,0
North Dakota,Billings,2022,363,323,40,0,0,0,0,79,51,39,0,0,233,130,0
North Dakota,Burke,2022,363,304,59,0,0,0,0,77,55,40,0,0,210,150,3
North Dakota,Burleigh,2022,365,260,105,0,0,0,0,99,59,39,0,3,104,254,4
North Dakota,Cass,2022,365,285,79,1,0,0,0,111,59,40,0,1,163,201,0
North Dakota,Dunn,2022,362,308,54,0,0,0,0,82,53,37,0,1,244,113,4
North Dakota,McKenzie,2022,331,294,37,0,0,0,0,75,51,35,0,0,234,97,0
North Dakota,Mercer,2022,365,318,47,0,0,0,0,72,52,36,0,1,241,123,0
North Dakota,Oliver,2022,364,268,96,0,0,0,0,87,59,40,0,0,178,186,0
North Dakota,Ward,2022,359,315,44,0,0,0,0,79,52,37,0,0,213,146,0
Ohio,Allen,2022,365,272,93,0,0,0,0,97,59,41,0,0,191,174,0
Ohio,Ashtabula,2022,239,211,23,5,0,0,0,133,54,38,0,0,239,0,0
Ohio,Athens,2022,119,107,12,0,0,0,0,67,51,27,0,0,0,119,0
Ohio,Belmont,2022,360,338,22,0,0,0,0,64,44,15,0,252,0,105,3
Ohio,Butler,2022,365,146,215,4,0,0,0,119,71,53,0,0,73,284,8
Ohio,Clark,2022,338,212,125,1,0,0,0,129,63,46,0,0,107,231,0
Ohio,Clermont,2022,360,238,121,1,0,0,0,129,59,44,0,0,146,214,0
Ohio,Clinton,2022,245,216,28,1,0,0,0,140,54,40,0,0,245,0,0
Ohio,Columbiana,2022,61,61,0,0,0,0,0,40,23,12,0,0,0,0,61
Ohio,Cuyahoga,2022,365,137,220,6,2,0,0,158,76,54,2,3,74,285,1
Ohio,Delaware,2022,244,230,14,0,0,0,0,100,47,37,0,0,244,0,0
Ohio,Fayette,2022,128,126,2,0,0,0,0,64,46,35,0,0,128,0,0
Ohio,Franklin,2022,365,206,157,2,0,0,0,143,67,48,0,1,109,254,1
Ohio,Geauga,2022,239,210,27,2,0,0,0,119,54,40,0,0,239,0,0
Ohio,Greene,2022,242,209,32,1,0,0,0,119,51,40,0,0,242,0,0
Ohio,Hamilton,2022,365,125,236,3,1,0,0,151,71,54,0,7,75,283,0
Ohio,Harrison,2022,42,34,8,0,0,0,0,71,53,33,0,0,0,40,2
Ohio,Jefferson,2022,365,149,216,0,0,0,0,97,67,53,0,0,64,301,0
Ohio,Knox,2022,245,225,19,1,0,0,0,119,50,39,0,0,245,0,0
Ohio,Lake,2022,365,281,80,4,0,0,0,150,60,41,0,0,188,174,3
Ohio,Lawrence,2022,361,220,141,0,0,0,0,74,58,45,0,0,89,272,0
Ohio,Licking,2022,245,226,17,2,0,0,0,115,49,39,0,0,245,0,0
Ohio,Lorain,2022,243,228,14,1,0,0,0,115,48,35,0,0,243,0,0
Ohio,Lucas,2022,362,240,117,5,0,0,0,119,63,44,0,0,132,230,0
Ohio,Madison,2022,244,218,26,0,0,0,0,90,51,39,0,0,244,0,0
Ohio,Mahoning,2022,349,214,132,3,0,0,0,129,62,46,0,0,101,248,0
Ohio,Medina,2022,362,284,76,2,0,0,0,126,58,41,0,0,190,172,0
Ohio,Miami,2022,245,214,29,2,0,0,0,122,51,39,0,0,245,0,0
Ohio,Montgomery,2022,365,205,158,2,0,0,0,126,64,48,0,0,101,264,0
Ohio,Noble,2022,353,319,34,0,0,0,0,93,50,37,0,0,329,24,0
Ohio,Portage,2022,282,226,52,3,1,0,0,159,61,41,0,0,226,56,0
Ohio,Preble,2022,365,235,128,2,0,0,0,136,63,44,1,0,150,214,0
Ohio,Scioto,2022,365,340,25,0,0,0,0,74,46,17,0,0,0,122,243
Ohio,Stark,2022,365,206,157,2,0,0,0,136,66,49,0,0,108,257,0
Ohio,Summit,2022,362,231,128,3,0,0,0,133,62,43,0,0,131,231,0
Ohio,Trumbull,2022,360,255,103,2,0,0,0,136,60,42,0,0,146,214,0
Ohio,Warren,2022,356,231,122,3,0,0,0,133,63,44,0,0,154,202,0
Ohio,Washington,2022,245,222,23,0,0,0,0,84,50,39,0,0,245,0,0
Ohio,Wood,2022,242,220,22,0,0,0,0,97,50,38,0,0,242,0,0
Oklahoma,Adair,2022,361,274,83,4,0,0,0,122,58,43,1,0,237,115,8
Oklahoma,Canadian,2022,284,218,63,3,0,0,0,108,67,43,0,0,284,0,0
Oklahoma,Carter,2022,343,254,88,0,1,0,0,160,56,37,0,0,0,343,0
Oklahoma,Cleveland,2022,348,182,162,4,0,0,0,105,68,49,0,0,141,207,0
Oklahoma,Comanche,2022,353,205,146,2,0,0,0,126,71,47,0,0,177,176,0
Oklahoma,Creek,2022,279,220,57,2,0,0,0,112,71,43,0,0,279,0,0
Oklahoma,Dewey,2022,346,219,124,3,0,0,0,129,71,47,0,0,178,168,0
Oklahoma,Grant,2022,119,102,17,0,0,0,0,73,52,28,0,0,0,119,0
Oklahoma,Kay,2022,361,225,136,0,0,0,0,93,59,43,0,0,0,361,0
Oklahoma,Kiowa,2022,257,185,70,2,0,0,0,115,74,44,0,0,257,0,0
Oklahoma,Love,2022,281,196,77,8,0,0,0,150,77,45,0,0,281,0,0
Oklahoma,Mayes,2022,266,246,19,1,0,0,0,112,49,39,0,0,266,0,0
Oklahoma,McClain,2022,278,204,71,3,0,0,0,119,71,45,0,0,278,0,0
Oklahoma,Nowata,2022,349,111,231,7,0,0,0,139,80,56,0,0,99,250,0
Oklahoma,Oklahoma,2022,365,144,215,6,0,0,0,129,74,54,0,8,138,214,5
Oklahoma,Osage,2022,292,221,64,5,2,0,0,172,74,44,0,0,292,0,0
Oklahoma,Ottawa,2022,365,151,203,6,4,1,0,238,74,53,0,0,101,262,2
Oklahoma,Pittsburg,2022,348,208,136,4,0,0,0,139,63,47,0,0,131,217,0
Oklahoma,Pontotoc,2022,155,134,20,1,0,0,0,101,54,38,0,0,120,35,0
Oklahoma,Sequoyah,2022,364,278,84,2,0,0,0,122,58,42,0,4,146,214,0
Oklahoma,Tulsa,2022,365,163,190,10,2,0,0,185,77,52,0,0,162,200,3
Oregon,Baker,2022,365,283,79,3,0,0,0,124,59,32,0,0,0,365,0
Oregon,Benton,2022,206,183,23,0,0,0,0,68,52,21,0,0,0,206,0
Oregon,Clackamas,2022,364,286,73,3,2,0,0,168,61,33,0,0,135,229,0
Oregon,Columbia,2022,362,293,66,1,2,0,0,162,56,31,0,0,109,253,0
Oregon,Crook,2022,359,288,69,2,0,0,0,128,58,24,0,0,0,359,0
Oregon,Deschutes,2022,365,282,77,2,3,1,0,205,62,23,0,0,0,365,0
Oregon,Douglas,2022,46,21,25,0,0,0,0,69,62,53,0,0,0,46,0
Oregon,Grant,2022,365,198,166,1,0,0,0,108,72,46,0,0,0,365,0
Oregon,Harney,2022,365,226,137,2,0,0,0,114,70,41,0,0,0,365,0
Oregon,Jackson,2022,365,211,146,5,3,0,0,165,69,44,0,0,108,257,0
Oregon,Jefferson,2022,365,272,92,1,0,0,0,108,63,26,0,0,0,365,0
Oregon,Josephine,2022,365,208,142,8,6,1,0,252,83,39,0,0,0,365,0
Oregon,Klamath,2022,365,222,139,2,2,0,0,163,70,38,0,0,0,365,0
Oregon,Lake,2022,365,273,88,4,0,0,0,129,65,25,0,0,0,364,1
Oregon,Lane,2022,365,194,132,5,14,9,11,520,116,44,0,0,71,294,0
Oregon,Linn,2022,365,254,109,2,0,0,0,127,65,33,0,0,0,365,0
Oregon,Marion,2022,365,254,104,5,2,0,0,168,70,36,0,0,125,240,0
Oregon,Multnomah,2022,365,266,94,3,2,0,0,165,63,36,0,0,175,190,0
Oregon,Umatilla,2022,365,244,118,3,0,0,0,141,66,39,0,0,119,246,0
Oregon,Union,2022,361,283,74,4,0,0,0,130,57,28,0,0,0,360,1
Oregon,Wallowa,2022,343,270,65,3,5,0,0,195,58,27,0,0,0,343,0
Oregon,Wasco,2022,161,161,0,0,0,0,0,50,23,16,0,0,0,161,0
Oregon,Washington,2022,365,244,118,1,2,0,0,164,67,37,0,4,130,231,0
Pennsylvania,Adams,2022,365,221,144,0,0,0,0,97,60,47,0,0,144,221,0
Pennsylvania,Allegheny,2022,365,129,225,10,1,0,0,151,84,56,0,0,71,294,0
Pennsylvania,Armstrong,2022,365,198,165,2,0,0,0,122,63,48,0,0,110,255,0
Pennsylvania,Beaver,2022,364,174,189,1,0,0,0,112,66,51,0,1,96,267,0
Pennsylvania,Berks,2022,365,240,123,2,0,0,0,101,64,44,0,0,150,215,0
Pennsylvania,Blair,2022,363,234,129,0,0,0,0,97,59,44,0,0,137,226,0
Pennsylvania,Bradford,2022,303,246,57,0,0,0,0,80,54,40,0,1,158,144,0
Pennsylvania,Bucks,2022,237,196,39,2,0,0,0,119,64,41,0,0,237,0,0
Pennsylvania,Cambria,2022,363,171,191,1,0,0,0,119,66,52,2,0,71,290,0
Pennsylvania,Centre,2022,365,240,125,0,0,0,0,89,59,44,0,0,168,197,0
Pennsylvania,Chester,2022,364,249,115,0,0,0,0,80,58,45,0,0,99,265,0
Pennsylvania,Clearfield,2022,219,215,4,0,0,0,0,97,44,35,0,0,219,0,0
Pennsylvania,Cumberland,2022,360,213,146,1,0,0,0,113,61,44,0,0,0,360,0
Pennsylvania,Dauphin,2022,365,198,164,3,0,0,0,127,67,48,0,0,109,254,2
Pennsylvania,Delaware,2022,365,191,174,0,0,0,0,95,64,49,0,2,48,315,0
Pennsylvania,Elk,2022,363,353,9,1,0,0,0,101,45,35,0,0,363,0,0
Pennsylvania,Erie,2022,365,286,79,0,0,0,0,90,56,38,0,5,127,233,0
Pennsylvania,Fayette,2022,302,218,84,0,0,0,0,87,58,43,0,0,145,157,0
Pennsylvania,Franklin,2022,237,225,12,0,0,0,0,84,47,39,0,0,237,0,0
Pennsylvania,Greene,2022,294,231,63,0,0,0,0,100,56,42,0,0,150,144,0
Pennsylvania,Indiana,2022,365,264,100,1,0,0,0,105,56,42,0,0,116,249,0
Pennsylvania,Lackawanna,2022,363,259,104,0,0,0,0,74,58,43,3,16,115,229,0
Pennsylvania,Lancaster,2022,365,84,274,6,1,0,0,153,80,59,0,0,26,339,0
Pennsylvania,Lawrence,2022,243,223,18,2,0,0,0,126,48,37,0,0,243,0,0
Pennsylvania,Lebanon,2022,364,224,138,2,0,0,0,108,62,46,0,0,92,272,0
Pennsylvania,Lehigh,2022,359,246,113,0,0,0,0,99,61,42,0,0,128,217,14
Pennsylvania,Luzerne,2022,235,224,11,0,0,0,0,74,47,37,0,0,235,0,0
Pennsylvania,Lycoming,2022,304,221,83,0,0,0,0,80,57,40,0,0,139,165,0
Pennsylvania,Mercer,2022,365,288,74,3,0,0,0,136,55,40,0,0,249,116,0
Pennsylvania,Monroe,2022,202,184,18,0,0,0,0,93,49,39,0,0,202,0,0
Pennsylvania,Montgomery,2022,362,237,124,1,0,0,0,108,61,44,0,0,144,218,0
Pennsylvania,Northampton,2022,358,224,132,2,0,0,0,118,64,45,0,2,137,219,0
Pennsylvania,Philadelphia,2022,365,155,206,4,0,0,0,113,71,52,0,10,110,245,0
Pennsylvania,Somerset,2022,360,351,9,0,0,0,0,90,45,34,0,0,360,0,0
Pennsylvania,Susquehanna,2022,279,219,60,0,0,0,0,67,54,33,0,0,0,279,0
Pennsylvania,Tioga,2022,302,248,54,0,0,0,0,77,54,39,0,5,169,128,0
Pennsylvania,Washington,2022,365,173,192,0,0,0,0,87,64,52,0,1,78,286,0
Pennsylvania,Westmoreland,2022,304,198,106,0,0,0,0,76,58,41,0,0,89,215,0
Pennsylvania,Wyoming,2022,270,219,51,0,0,0,0,65,53,34,0,0,0,270,0
Pennsylvania,York,2022,365,205,159,1,0,0,0,105,64,47,0,4,127,234,0
Puerto Rico,Bayamon,2022,358,342,16,0,0,0,0,77,33,15,137,0,131,90,0
Puerto Rico,Caguas,2022,307,291,16,0,0,0,0,76,32,9,53,154,0,100,0
Puerto Rico,Catano,2022,309,228,81,0,0,0,0,86,64,35,0,0,0,237,72
Puerto Rico,Fajardo,2022,84,73,11,0,0,0,0,78,56,25,0,0,0,73,11
Puerto Rico,Guayama,2022,67,65,2,0,0,0,0,67,31,16,0,0,0,32,35
Puerto Rico,Guaynabo,2022,94,81,13,0,0,0,0,80,55,29,0,0,0,74,20
Puerto Rico,Mayagnez,2022,321,235,81,4,1,0,0,155,59,38,0,0,65,256,0
Puerto Rico,Ponce,2022,295,264,31,0,0,0,0,99,51,18,118,0,0,86,91
Rhode Island,Kent,2022,358,334,24,0,0,0,0,100,47,31,0,0,202,156,0
Rhode Island,Providence,2022,365,263,101,1,0,0,0,108,59,43,0,3,168,193,1
Rhode Island,Washington,2022,356,313,39,3,1,0,0,164,51,36,0,0,209,147,0
South Carolina,Aiken,2022,271,246,25,0,0,0,0,87,50,37,0,0,271,0,0
South Carolina,Anderson,2022,246,230,16,0,0,0,0,74,48,39,0,0,246,0,0
South Carolina,Berkeley,2022,234,221,13,0,0,0,0,80,49,36,0,0,234,0,0
South Carolina,Charleston,2022,365,209,156,0,0,0,0,84,59,47,0,0,70,294,1
South Carolina,Chesterfield,2022,343,273,70,0,0,0,0,97,55,40,0,0,143,200,0
South Carolina,Darlington,2022,265,249,16,0,0,0,0,84,47,36,0,0,265,0,0
South Carolina,Edgefield,2022,364,250,114,0,0,0,0,74,57,43,0,0,143,221,0
South Carolina,Florence,2022,333,210,123,0,0,0,0,79,59,44,0,0,0,333,0
South Carolina,Greenville,2022,365,179,186,0,0,0,0,97,66,51,0,0,117,248,0
South Carolina,Horry,2022,263,247,16,0,0,0,0,93,49,38,0,0,263,0,0
South Carolina,Lexington,2022,363,263,100,0,0,0,0,75,55,39,0,0,0,325,38
South Carolina,Richland,2022,365,265,100,0,0,0,0,93,56,43,0,5,196,164,0
South Carolina,Spartanburg,2022,363,206,157,0,0,0,0,87,61,47,0,0,120,243,0
South Carolina,York,2022,363,253,109,1,0,0,0,126,58,44,0,0,170,193,0
South Dakota,Brookings,2022,364,320,44,0,0,0,0,87,54,36,0,0,266,54,44
South Dakota,Brown,2022,350,325,25,0,0,0,0,93,45,23,0,0,0,211,139
South Dakota,Clay,2022,365,320,45,0,0,0,0,87,53,38,0,0,232,133,0
South Dakota,Codington,2022,365,285,79,1,0,0,0,101,58,41,0,0,205,128,32
South Dakota,Custer,2022,362,298,62,2,0,0,0,130,58,41,0,0,323,38,1
South Dakota,Hughes,2022,362,352,10,0,0,0,0,63,28,7,0,0,0,362,0
South Dakota,Jackson,2022,365,311,54,0,0,0,0,97,55,40,0,0,326,37,2
South Dakota,Meade,2022,364,347,17,0,0,0,0,71,48,39,0,0,357,0,7
South Dakota,Minnehaha,2022,365,300,64,1,0,0,0,105,57,39,0,0,265,79,21
South Dakota,Pennington,2022,363,238,123,2,0,0,0,116,69,40,0,13,0,196,154
Tennessee,Anderson,2022,245,228,17,0,0,0,0,80,48,39,0,0,245,0,0
Tennessee,Blount,2022,365,238,126,1,0,0,0,115,58,45,0,0,169,196,0
Tennessee,Claiborne,2022,363,355,8,0,0,0,0,74,44,34,0,0,363,0,0
Tennessee,Davidson,2022,365,168,195,2,0,0,0,143,66,52,0,5,70,290,0
Tennessee,DeKalb,2022,359,348,11,0,0,0,0,100,45,35,0,0,359,0,0
Tennessee,Dyer,2022,356,258,97,1,0,0,0,102,56,39,0,0,0,356,0
Tennessee,Hamilton,2022,341,169,171,1,0,0,0,105,66,51,0,0,87,254,0
Tennessee,Jefferson,2022,244,219,25,0,0,0,0,87,51,41,0,0,244,0,0
Tennessee,Knox,2022,365,185,180,0,0,0,0,77,63,49,0,0,77,288,0
Tennessee,Lawrence,2022,351,306,45,0,0,0,0,82,53,26,0,0,0,351,0
Tennessee,Loudon,2022,365,303,62,0,0,0,0,77,53,39,0,0,142,223,0
Tennessee,Madison,2022,359,245,113,1,0,0,0,102,58,41,0,0,0,359,0
Tennessee,Maury,2022,344,282,62,0,0,0,0,82,54,33,0,0,0,344,0
Tennessee,McMinn,2022,357,233,124,0,0,0,0,73,56,41,0,0,0,357,0
Tennessee,Montgomery,2022,359,280,79,0,0,0,0,87,55,36,0,0,0,359,0
Tennessee,Putnam,2022,347,289,58,0,0,0,0,81,53,32,0,0,0,347,0
Tennessee,Roane,2022,340,273,66,0,1,0,0,162,55,36,0,0,0,340,0
Tennessee,Sevier,2022,310,262,48,0,0,0,0,93,54,44,0,0,310,0,0
Tennessee,Shelby,2022,365,209,146,8,2,0,0,159,69,48,0,3,159,203,0
Tennessee,Sullivan,2022,364,299,65,0,0,0,0,87,54,40,0,0,174,190,0
Tennessee,Sumner,2022,358,249,108,1,0,0,0,147,58,42,0,0,143,215,0
Tennessee,Williamson,2022,244,209,33,2,0,0,0,122,54,41,0,0,244,0,0
Tennessee,Wilson,2022,242,221,20,1,0,0,0,122,49,39,0,0,242,0,0
Texas,Atascosa,2022,356,218,136,2,0,0,0,115,62,44,0,0,0,356,0
Texas,Bell,2022,365,241,121,3,0,0,0,129,73,46,0,0,246,119,0
Texas,Bexar,2022,365,116,236,12,0,1,0,214,80,55,0,0,105,259,1
Texas,Bowie,2022,349,144,205,0,0,0,0,99,65,52,0,0,0,349,0
Texas,Brazoria,2022,365,311,46,8,0,0,0,119,61,35,0,5,360,0,0
Texas,Brazos,2022,345,251,94,0,0,0,0,94,55,40,0,0,0,345,0
Texas,Brewster,2022,357,266,91,0,0,0,0,87,58,42,0,0,255,102,0
Texas,Cameron,2022,365,191,171,3,0,0,0,120,70,48,0,0,92,273,0
Texas,Collin,2022,359,289,63,7,0,0,0,143,71,40,0,0,359,0,0
Texas,Culberson,2022,175,111,60,4,0,0,0,119,80,41,0,0,78,97,0
Texas,Dallas,2022,365,164,184,17,0,0,0,148,74,52,0,12,145,207,1
Texas,Denton,2022,365,209,136,19,1,0,0,187,87,47,0,0,268,97,0
Texas,Ector,2022,360,266,94,0,0,0,0,94,58,37,0,0,0,360,0
Texas,El Paso,2022,365,72,273,19,1,0,0,163,86,59,0,3,132,220,10
Texas,Ellis,2022,364,311,53,0,0,0,0,97,54,38,0,6,317,41,0
Texas,Galveston,2022,365,236,122,6,1,0,0,159,66,46,0,0,184,181,0
Texas,Gregg,2022,365,329,35,1,0,0,0,143,50,35,0,2,363,0,0
Texas,Harris,2022,365,57,281,22,5,0,0,179,93,60,0,3,89,238,35
Texas,Harrison,2022,328,164,159,4,1,0,0,181,64,51,0,1,110,217,0
Texas,Hidalgo,2022,365,197,165,3,0,0,0,136,70,49,0,0,103,262,0
Texas,Hood,2022,360,295,54,11,0,0,0,150,64,38,0,0,360,0,0
Texas,Hunt,2022,358,330,28,0,0,0,0,97,50,36,0,5,353,0,0
Texas,Jefferson,2022,365,203,157,5,0,0,0,129,66,48,0,0,117,248,0
Texas,Johnson,2022,362,281,67,13,1,0,0,156,74,41,0,0,362,0,0
Texas,Karnes,2022,349,349,0,0,0,0,0,34,17,6,0,349,0,0,0
Texas,Kaufman,2022,365,252,110,3,0,0,0,112,62,44,0,1,216,148,0
Texas,Kleberg,2022,347,196,147,4,0,0,0,133,65,47,0,0,0,347,0
Texas,Lubbock,2022,347,300,45,2,0,0,0,138,54,26,0,0,0,347,0
Texas,Maverick,2022,349,256,92,1,0,0,0,107,62,36,0,0,0,349,0
Texas,McLennan,2022,364,209,155,0,0,0,0,100,64,48,3,0,122,239,0
Texas,Montgomery,2022,364,175,183,6,0,0,0,126,71,51,0,1,137,226,0
Texas,Navarro,2022,364,242,121,1,0,0,0,101,64,44,0,3,205,156,0
Texas,Nueces,2022,365,208,155,2,0,0,0,106,65,47,0,0,117,248,0
Texas,Orange,2022,365,247,116,2,0,0,0,108,60,43,0,3,123,239,0
Texas,Parker,2022,358,290,54,14,0,0,0,147,67,40,0,0,358,0,0
Texas,Polk,2022,328,313,15,0,0,0,0,97,46,32,0,0,328,0,0
Texas,Potter,2022,359,312,46,1,0,0,0,108,53,31,0,0,0,359,0
Texas,Randall,2022,338,251,83,4,0,0,0,122,77,44,0,0,338,0,0
Texas,Rockwall,2022,360,339,21,0,0,0,0,100,47,34,0,0,360,0,0
Texas,Smith,2022,363,289,68,6,0,0,0,122,64,40,0,19,344,0,0
Texas,Tarrant,2022,365,132,211,20,2,0,0,172,90,54,0,7,146,212,0
Texas,Travis,2022,365,178,180,7,0,0,0,129,77,51,0,4,136,225,0
Texas,Victoria,2022,354,342,12,0,0,0,0,74,46,30,0,0,354,0,0
Texas,Webb,2022,361,215,144,2,0,0,0,114,69,45,0,0,27,329,5
Texas,Wilson,2022,300,300,0,0,0,0,0,44,21,8,0,300,0,0,0
Utah,Box Elder,2022,281,266,15,0,0,0,0,90,47,35,0,16,265,0,0
Utah,Cache,2022,365,223,135,6,1,0,0,155,71,46,0,0,208,157,0
Utah,Carbon,2022,364,321,43,0,0,0,0,74,52,43,0,1,336,27,0
Utah,Davis,2022,365,210,145,10,0,0,0,147,84,47,0,25,248,92,0
Utah,Duchesne,2022,365,223,138,3,1,0,0,177,72,48,0,0,301,58,6
Utah,Garfield,2022,293,246,47,0,0,0,0,93,58,44,0,0,257,36,0
Utah,Iron,2022,365,309,56,0,0,0,0,80,54,42,0,10,293,62,0
Utah,Salt Lake,2022,365,101,236,28,0,0,0,147,98,60,0,18,199,139,9
Utah,San Juan,2022,365,306,59,0,0,0,0,87,58,44,0,0,362,3,0
Utah,Tooele,2022,365,248,111,6,0,0,0,119,72,44,0,1,265,99,0
Utah,Uintah,2022,365,242,123,0,0,0,0,93,67,47,0,0,329,36,0
Utah,Utah,2022,365,206,154,5,0,0,0,119,74,49,0,7,222,124,12
Utah,Washington,2022,365,288,77,0,0,0,0,97,61,44,0,0,337,28,0
Utah,Wayne,2022,122,117,5,0,0,0,0,62,30,12,0,0,0,122,0
Utah,Weber,2022,365,205,155,5,0,0,0,121,74,48,0,12,239,109,5
Vermont,Bennington,2022,365,324,41,0,0,0,0,74,51,37,0,0,244,121,0
Vermont,Chittenden,2022,365,298,67,0,0,0,0,90,53,41,0,0,200,165,0
Vermont,Rutland,2022,365,278,87,0,0,0,0,74,57,39,0,1,146,218,0
Vermont,Windham,2022,71,71,0,0,0,0,0,44,24,11,0,0,0,71,0
Virgin Islands,St Croix,2022,26,22,4,0,0,0,0,67,61,29,0,0,0,26,0
Virgin Islands,St John,2022,120,105,15,0,0,0,0,79,59,19,0,0,0,120,0
Virginia,Albemarle,2022,361,249,112,0,0,0,0,67,56,44,0,0,102,259,0
Virginia,Arlington,2022,365,325,40,0,0,0,0,100,51,37,0,48,263,54,0
Virginia,Bristol City,2022,116,94,22,0,0,0,0,67,54,32,0,0,0,116,0
Virginia,Caroline,2022,243,236,7,0,0,0,0,67,46,36,0,0,243,0,0
Virginia,Carroll,2022,56,56,0,0,0,0,0,23,13,7,0,0,0,0,56
Virginia,Charles,2022,356,336,20,0,0,0,0,74,47,33,0,85,206,65,0
Virginia,Chesterfield,2022,286,264,22,0,0,0,0,80,48,38,0,0,212,74,0
Virginia,Fairfax,2022,365,232,133,0,0,0,0,87,58,47,0,6,125,234,0
Virginia,Fauquier,2022,244,237,7,0,0,0,0,71,44,34,0,0,244,0,0
Virginia,Frederick,2022,334,234,100,0,0,0,0,89,58,43,0,0,116,218,0
Virginia,Giles,2022,358,329,29,0,0,0,0,100,50,38,0,0,358,0,0
Virginia,Hampton City,2022,363,280,83,0,0,0,0,77,55,41,2,0,140,221,0
Virginia,Hanover,2022,239,226,13,0,0,0,0,77,49,39,0,0,239,0,0
Virginia,Henrico,2022,364,235,128,1,0,0,0,112,58,45,0,2,140,222,0
Virginia,Hopewell City,2022,51,51,0,0,0,0,0,23,12,7,0,0,0,0,51
Virginia,Loudoun,2022,364,328,34,2,0,0,0,112,50,37,0,16,304,44,0
Virginia,Lynchburg City,2022,116,97,19,0,0,0,0,60,52,29,0,0,0,116,0
Virginia,Madison,2022,358,323,35,0,0,0,0,93,50,40,0,0,321,37,0
Virginia,Norfolk City,2022,361,348,13,0,0,0,0,66,41,18,2,255,0,103,1
Virginia,Pittsylvania,2022,363,363,0,0,0,0,0,28,7,3,0,363,0,0,0
Virginia,Prince Edward,2022,347,340,7,0,0,0,0,54,44,34,0,0,347,0,0
Virginia,Prince William,2022,350,337,13,0,0,0,0,93,46,35,0,5,345,0,0
Virginia,Richmond City,2022,365,249,116,0,0,0,0,67,56,42,2,34,0,329,0
Virginia,Roanoke,2022,365,257,108,0,0,0,0,80,58,42,1,1,128,235,0
Virginia,Rockbridge,2022,285,277,8,0,0,0,0,71,46,33,0,0,221,64,0
Virginia,Rockingham,2022,365,332,33,0,0,0,0,74,49,34,0,94,211,60,0
Virginia,Salem City,2022,121,98,23,0,0,0,0,66,54,33,0,0,0,121,0
Virginia,Stafford,2022,362,351,11,0,0,0,0,74,44,35,0,0,361,0,1
Virginia,Suffolk City,2022,245,234,10,1,0,0,0,115,47,38,0,0,245,0,0
Virginia,Virginia Beach City,2022,109,93,16,0,0,0,0,67,54,33,0,0,0,109,0
Virginia,Wythe,2022,245,232,13,0,0,0,0,77,47,39,0,0,245,0,0
Washington,Adams,2022,365,327,34,2,2,0,0,162,52,18,0,0,0,365,0
Washington,Asotin,2022,358,195,156,3,4,0,0,200,72,46,0,0,0,358,0
Washington,Benton,2022,365,278,84,2,1,0,0,151,62,38,0,0,144,192,29
Washington,Chelan,2022,365,246,96,8,13,2,0,290,74,34,0,0,0,365,0
Washington,Clallam,2022,365,272,91,2,0,0,0,124,58,38,0,0,186,179,0
Washington,Clark,2022,365,267,93,2,3,0,0,175,66,36,0,0,99,266,0
Washington,Columbia,2022,365,314,47,4,0,0,0,135,54,37,0,0,251,114,0
Washington,Cowlitz,2022,363,316,45,2,0,0,0,144,54,21,0,0,0,363,0
Washington,Franklin,2022,328,269,56,0,3,0,0,170,55,23,0,0,0,328,0
Washington,Garfield,2022,301,263,34,2,2,0,0,161,54,21,0,0,0,301,0
Washington,Grant,2022,365,279,83,0,3,0,0,165,59,30,0,0,0,365,0
Washington,Grays Harbor,2022,365,340,24,1,0,0,0,112,43,22,0,0,0,365,0
Washington,Jefferson,2022,349,327,22,0,0,0,0,90,41,21,0,0,0,349,0
Washington,King,2022,365,216,130,14,3,2,0,237,77,46,0,9,94,262,0
Washington,Kitsap,2022,359,306,50,3,0,0,0,143,55,28,0,0,0,359,0
Washington,Kittitas,2022,364,259,100,3,2,0,0,164,74,28,0,0,0,364,0
Washington,Klickitat,2022,117,103,14,0,0,0,0,96,52,18,0,0,0,117,0
Washington,Lewis,2022,365,285,70,7,3,0,0,198,66,26,0,0,0,365,0
Washington,Mason,2022,365,302,60,3,0,0,0,125,58,23,0,0,0,365,0
Washington,Okanogan,2022,365,175,185,4,0,1,0,248,73,52,0,0,0,365,0
Washington,Pend Oreille,2022,234,207,27,0,0,0,0,81,52,26,0,0,0,234,0
Washington,Pierce,2022,365,239,115,9,2,0,0,178,70,44,0,1,186,178,0
Washington,Skagit,2022,365,313,47,4,1,0,0,183,52,33,0,0,124,241,0
Washington,Snohomish,2022,362,210,129,13,6,3,1,362,78,39,0,0,0,362,0
Washington,Spokane,2022,365,254,105,3,3,0,0,185,66,40,0,0,135,223,7
Washington,Stevens,2022,365,208,149,7,1,0,0,153,72,43,0,0,0,331,34
Washington,Thurston,2022,348,309,36,1,2,0,0,157,51,28,0,0,130,218,0
Washington,Walla Walla,2022,365,292,70,2,1,0,0,152,59,25,0,0,0,288,77
Washington,Whatcom,2022,343,294,40,3,5,1,0,243,56,32,0,0,196,147,0
Washington,Whitman,2022,365,306,55,0,4,0,0,190,56,24,0,0,0,365,0
Washington,Yakima,2022,365,178,181,5,1,0,0,158,82,51,0,0,0,365,0
West Virginia,Berkeley,2022,275,230,45,0,0,0,0,88,54,38,0,0,189,86,0
West Virginia,Brooke,2022,363,321,42,0,0,0,0,76,52,18,0,0,0,121,242
West Virginia,Cabell,2022,282,247,35,0,0,0,0,93,54,39,0,0,211,71,0
West Virginia,Gilmer,2022,110,108,2,0,0,0,0,71,47,37,0,0,110,0,0
West Virginia,Greenbrier,2022,240,236,4,0,0,0,0,71,44,34,0,0,240,0,0
West Virginia,Hancock,2022,365,317,48,0,0,0,0,100,53,34,0,0,206,78,81
West Virginia,Harrison,2022,113,93,20,0,0,0,0,69,55,34,0,0,0,113,0
West Virginia,Kanawha,2022,353,253,100,0,0,0,0,90,57,41,1,0,127,225,0
West Virginia,Marion,2022,117,91,26,0,0,0,0,73,56,36,0,0,0,117,0
West Virginia,Marshall,2022,361,162,199,0,0,0,0,99,70,52,0,0,0,361,0
West Virginia,Monongalia,2022,280,250,30,0,0,0,0,77,51,37,0,0,213,67,0
West Virginia,Ohio,2022,283,247,36,0,0,0,0,70,52,37,0,0,201,82,0
West Virginia,Tucker,2022,364,351,13,0,0,0,0,77,47,35,0,0,352,12,0
West Virginia,Wood,2022,281,242,38,1,0,0,0,108,52,39,0,0,207,74,0
Wisconsin,Ashland,2022,364,334,30,0,0,0,0,74,48,36,0,0,256,108,0
Wisconsin,Brown,2022,359,262,95,2,0,0,0,112,59,40,0,0,115,244,0
Wisconsin,Columbia,2022,202,191,11,0,0,0,0,80,46,38,0,0,202,0,0
Wisconsin,Dane,2022,365,236,129,0,0,0,0,91,62,45,0,0,93,271,1
Wisconsin,Dodge,2022,365,266,99,0,0,0,0,93,60,42,0,0,183,182,0
Wisconsin,Door,2022,205,176,24,5,0,0,0,147,71,36,0,0,205,0,0
Wisconsin,Eau Claire,2022,365,268,97,0,0,0,0,81,58,41,0,0,117,248,0
Wisconsin,Fond du Lac,2022,203,193,9,1,0,0,0,108,48,36,0,0,203,0,0
Wisconsin,Forest,2022,363,321,42,0,0,0,0,77,52,37,0,0,256,107,0
Wisconsin,Grant,2022,359,241,118,0,0,0,0,80,58,39,0,0,0,359,0
Wisconsin,Jackson,2022,359,298,60,1,0,0,0,118,54,30,0,0,0,359,0
Wisconsin,Jefferson,2022,200,185,15,0,0,0,0,87,49,38,0,0,200,0,0
Wisconsin,Kenosha,2022,365,236,124,4,1,0,0,164,69,44,0,0,187,178,0
Wisconsin,Kewaunee,2022,201,172,25,3,1,0,0,161,61,39,0,0,201,0,0
Wisconsin,La Crosse,2022,365,271,94,0,0,0,0,85,57,41,0,0,115,250,0
Wisconsin,Manitowoc,2022,198,167,25,4,2,0,0,182,71,38,0,0,198,0,0
Wisconsin,Marathon,2022,205,197,8,0,0,0,0,64,46,35,0,0,205,0,0
Wisconsin,Milwaukee,2022,365,192,167,6,0,0,0,143,70,49,0,1,126,234,4
Wisconsin,Monroe,2022,364,295,68,1,0,0,0,132,54,32,0,0,0,364,0
Wisconsin,Outagamie,2022,365,241,123,1,0,0,0,122,60,43,0,0,105,260,0
Wisconsin,Ozaukee,2022,307,228,74,4,1,0,0,159,64,41,0,0,156,151,0
Wisconsin,Racine,2022,202,165,34,2,1,0,0,164,67,40,0,0,202,0,0
Wisconsin,Rock,2022,202,184,18,0,0,0,0,97,50,39,0,0,202,0,0
Wisconsin,Sauk,2022,360,265,95,0,0,0,0,79,58,41,0,0,124,236,0
Wisconsin,Sheboygan,2022,203,172,24,6,1,0,0,177,74,40,0,0,203,0,0
Wisconsin,Taylor,2022,365,310,55,0,0,0,0,78,54,37,0,0,222,143,0
Wisconsin,Vilas,2022,363,329,34,0,0,0,0,68,50,33,0,0,160,203,0
Wisconsin,Walworth,2022,200,181,16,3,0,0,0,105,50,39,0,0,200,0,0
Wisconsin,Waukesha,2022,363,215,144,4,0,0,0,126,63,47,0,0,95,267,1
Wyoming,Albany,2022,365,225,136,2,2,0,0,159,67,48,0,16,275,5,69
Wyoming,Big Horn,2022,362,356,6,0,0,0,0,64,46,38,0,0,362,0,0
Wyoming,Campbell,2022,365,210,146,7,1,0,1,584,74,48,0,0,131,38,196
Wyoming,Carbon,2022,361,361,0,0,0,0,0,27,18,9,0,361,0,0,0
Wyoming,Converse,2022,365,314,51,0,0,0,0,90,54,40,0,1,298,0,66
Wyoming,Fremont,2022,365,254,111,0,0,0,0,100,61,46,0,0,282,78,5
Wyoming,Johnson,2022,365,350,14,1,0,0,0,101,48,39,0,1,353,0,11
Wyoming,Laramie,2022,363,297,66,0,0,0,0,90,58,42,1,1,313,46,2
Wyoming,Lincoln,2022,365,321,43,1,0,0,0,118,51,43,0,8,327,9,21
Wyoming,Natrona,2022,365,317,48,0,0,0,0,97,54,42,0,0,353,12,0
Wyoming,Park,2022,344,314,30,0,0,0,0,83,47,20,0,0,0,344,0
Wyoming,Platte,2022,355,311,29,8,3,0,4,692,54,17,0,0,0,0,355
Wyoming,Sheridan,2022,365,270,95,0,0,0,0,90,58,44,0,0,220,143,2
Wyoming,Sublette,2022,365,301,63,1,0,0,0,105,54,45,0,0,355,10,0
Wyoming,Sweetwater,2022,365,285,78,1,1,0,0,157,61,44,0,1,308,7,49
Wyoming,Teton,2022,365,332,33,0,0,0,0,100,50,43,0,1,327,37,0
Wyoming,Uinta,2022,365,363,2,0,0,0,0,55,17,7,0,0,0,0,365
Wyoming,Weston,2022,363,344,19,0,0,0,0,64,48,40,0,0,363,0,0
Alabama,Baldwin,2023,347,236,111,0,0,0,0,90,60,43,0,0,108,239,0
Alabama,Clay,2023,327,221,106,0,0,0,0,85,61,41,0,0,0,327,0
Alabama,DeKalb,2023,365,212,151,2,0,0,0,133,66,48,0,0,162,203,0
Alabama,Elmore,2023,238,221,17,0,0,0,0,90,49,38,0,0,238,0,0
Alabama,Etowah,2023,365,182,183,0,0,0,0,100,65,51,0,0,90,275,0
Alabama,Jefferson,2023,365,73,272,15,3,2,0,255,89,61,0,0,53,312,0
Alabama,Lawrence,2023,98,81,17,0,0,0,0,67,54,34,0,0,0,98,0
Alabama,Madison,2023,364,204,157,3,0,0,0,135,66,49,0,0,92,272,0
Alabama,Mobile,2023,361,203,157,1,0,0,0,108,63,46,0,0,96,257,8
Alabama,Montgomery,2023,331,138,193,0,0,0,0,93,66,52,0,0,65,266,0
Alabama,Morgan,2023,364,259,103,2,0,0,0,140,61,43,0,0,157,207,0
Alabama,Russell,2023,318,233,85,0,0,0,0,93,63,43,0,0,185,133,0
Alabama,Shelby,2023,242,207,34,1,0,0,0,108,58,40,0,0,242,0,0
Alabama,Sumter,2023,363,303,60,0,0,0,0,84,55,35,0,0,134,229,0
Alabama,Tuscaloosa,2023,365,255,110,0,0,0,0,87,60,42,0,0,112,253,0
Alaska,Aleutians East ,2023,121,120,1,0,0,0,0,55,23,11,0,0,0,121,0
Alaska,Anchorage ,2023,365,319,46,0,0,0,0,71,53,21,9,0,0,236,120
Alaska,Denali ,2023,350,350,0,0,0,0,0,50,42,33,0,0,338,12,0
Alaska,Fairbanks North Star ,2023,365,224,109,21,10,1,0,231,93,41,0,0,135,229,1
Alaska,Juneau ,2023,364,314,50,0,0,0,0,78,54,24,0,0,0,364,0
Alaska,Kenai Peninsula ,2023,119,119,0,0,0,0,0,29,16,10,0,0,0,119,0
Alaska,Matanuska-Susitna ,2023,358,317,40,1,0,0,0,102,53,14,0,0,0,301,57
Alaska,North Slope ,2023,121,120,1,0,0,0,0,77,16,4,0,0,0,121,0
Arizona,Apache,2023,365,362,2,1,0,0,0,106,26,13,0,0,0,65,300
Arizona,Cochise,2023,365,272,90,3,0,0,0,108,64,44,0,0,317,1,47
Arizona,Coconino,2023,365,243,118,1,2,1,0,203,80,46,0,0,356,9,0
Arizona,Gila,2023,365,232,121,11,1,0,0,154,84,46,0,0,347,2,16
Arizona,La Paz,2023,364,257,104,3,0,0,0,126,74,45,0,0,345,6,13
Arizona,Maricopa,2023,365,41,255,62,7,0,0,183,119,72,0,0,193,91,81
Arizona,Mohave,2023,353,344,9,0,0,0,0,99,27,15,0,0,0,0,353
Arizona,Navajo,2023,364,290,74,0,0,0,0,84,64,43,0,0,357,2,5
Arizona,Pima,2023,365,123,235,7,0,0,0,147,84,54,0,0,179,123,63
Arizona,Pinal,2023,365,109,211,38,5,1,1,709,105,64,0,0,155,44,166
Arizona,Santa Cruz,2023,358,265,92,1,0,0,0,145,63,37,0,0,0,266,92
Arizona,Yavapai,2023,364,298,66,0,0,0,0,87,61,43,0,0,357,7,0
Arizona,Yuma,2023,365,204,150,6,4,0,1,519,74,48,0,0,213,72,80
Arkansas,Arkansas,2023,120,69,51,0,0,0,0,80,62,44,0,0,0,120,0
Arkansas,Ashley,2023,119,71,47,1,0,0,0,107,60,43,0,0,0,119,0
Arkansas,Clark,2023,351,321,30,0,0,0,0,87,49,35,0,0,351,0,0
Arkansas,Crittenden,2023,364,274,85,5,0,0,0,133,64,41,0,4,288,72,0
Arkansas,Garland,2023,104,57,47,0,0,0,0,67,61,47,0,0,0,104,0
Arkansas,Jackson,2023,120,70,50,0,0,0,0,91,66,44,0,0,0,120,0
Arkansas,Newton,2023,364,311,53,0,0,0,0,90,58,39,0,0,345,19,0
Arkansas,Polk,2023,242,188,54,0,0,0,0,92,56,40,0,0,146,96,0
Arkansas,Pulaski,2023,365,122,238,4,1,0,0,174,79,55,0,0,60,305,0
Arkansas,Union,2023,119,59,59,1,0,0,0,102,63,51,0,0,0,119,0
Arkansas,Washington,2023,365,265,95,5,0,0,0,119,64,44,0,0,323,42,0
California,Alameda,2023,365,198,154,13,0,0,0,130,70,48,1,16,131,217,0
California,Amador,2023,360,341,19,0,0,0,0,80,48,36,0,0,360,0,0
California,Butte,2023,365,191,174,0,0,0,0,100,71,50,0,0,202,158,5
California,Calaveras,2023,365,292,72,1,0,0,0,101,56,40,0,0,277,87,1
California,Colusa,2023,365,115,250,0,0,0,0,98,66,55,0,0,98,267,0
California,Contra Costa,2023,365,172,191,2,0,0,0,110,64,52,0,1,93,271,0
California,Del Norte,2023,328,268,52,6,2,0,0,187,55,32,0,0,0,328,0
California,El Dorado,2023,365,259,101,5,0,0,0,119,77,44,0,0,349,11,5
California,Fresno,2023,365,97,210,55,3,0,0,156,112,64,0,0,208,147,10
California,Glenn,2023,363,273,90,0,0,0,0,97,58,41,0,0,228,133,2
California,Humboldt,2023,365,284,70,6,1,4,0,299,60,32,0,0,190,153,22
California,Imperial,2023,365,104,214,37,3,3,4,506,105,61,0,1,171,98,95
California,Inyo,2023,365,106,236,13,3,1,6,786,90,61,0,0,202,123,40
California,Kern,2023,365,85,210,58,12,0,0,174,122,69,0,1,217,135,12
California,Kings,2023,365,124,213,28,0,0,0,148,95,58,0,0,154,165,46
California,Lake,2023,363,357,6,0,0,0,0,67,39,32,0,0,353,10,0
California,Los Angeles,2023,365,41,237,52,32,3,0,210,147,67,0,5,150,203,7
California,Madera,2023,365,162,188,14,1,0,0,151,84,52,0,0,210,135,20
California,Marin,2023,363,314,49,0,0,0,0,99,53,34,0,3,211,148,1
California,Mariposa,2023,365,217,131,10,5,2,0,264,77,47,0,0,249,116,0
California,Mendocino,2023,365,144,216,5,0,0,0,140,69,53,0,0,29,336,0
California,Merced,2023,365,171,179,15,0,0,0,129,87,51,0,0,220,131,14
California,Mono,2023,365,325,35,1,1,0,3,1829,51,24,0,0,0,234,131
California,Monterey,2023,365,274,90,1,0,0,0,115,55,42,0,0,146,212,7
California,Nevada,2023,365,243,119,3,0,0,0,140,71,44,0,0,223,142,0
California,Orange,2023,365,160,195,9,1,0,0,166,77,52,0,14,142,204,5
California,Placer,2023,365,164,193,8,0,0,0,143,80,52,0,0,245,120,0
California,Plumas,2023,365,186,168,11,0,0,0,142,87,50,0,0,0,365,0
California,Riverside,2023,365,62,189,73,31,6,4,660,154,77,0,1,202,101,61
California,Sacramento,2023,365,180,173,12,0,0,0,133,86,51,0,0,199,166,0
California,San Benito,2023,365,316,48,1,0,0,0,111,54,40,0,0,337,26,2
California,San Bernardino,2023,365,50,197,67,44,7,0,214,164,71,0,13,205,137,10
California,San Diego,2023,365,61,260,44,0,0,0,150,101,67,0,1,185,151,28
California,San Francisco,2023,365,337,28,0,0,0,0,65,45,30,4,48,222,89,2
California,San Joaquin,2023,365,208,148,9,0,0,0,119,78,47,0,0,161,194,10
California,San Luis Obispo,2023,365,207,152,6,0,0,0,122,77,47,0,3,244,115,3
California,San Mateo,2023,365,251,113,1,0,0,0,115,58,41,3,9,111,242,0
California,Santa Barbara,2023,365,232,133,0,0,0,0,95,59,45,0,0,170,186,9
California,Santa Clara,2023,365,238,123,4,0,0,0,134,63,43,0,2,181,182,0
California,Santa Cruz,2023,365,300,64,1,0,0,0,130,53,36,0,0,176,189,0
California,Shasta,2023,365,247,112,5,0,0,1,1435,64,45,0,0,272,93,0
California,Siskiyou,2023,365,270,78,7,6,3,1,320,64,43,0,0,207,158,0
California,Solano,2023,365,269,95,1,0,0,0,105,57,40,0,1,242,122,0
California,Sonoma,2023,365,323,40,2,0,0,0,117,51,33,1,0,237,126,1
California,Stanislaus,2023,365,166,176,23,0,0,0,150,93,54,0,0,199,161,5
California,Sutter,2023,363,192,168,3,0,0,0,105,69,49,0,0,214,149,0
California,Tehama,2023,365,242,117,6,0,0,0,136,67,44,0,0,285,77,3
California,Trinity,2023,311,209,93,6,3,0,0,174,65,31,0,0,0,311,0
California,Tulare,2023,365,94,189,61,19,2,0,242,126,69,0,0,206,154,5
California,Tuolumne,2023,290,237,51,2,0,0,0,112,61,43,0,0,290,0,0
California,Ventura,2023,365,220,133,12,0,0,0,136,80,46,0,0,239,121,5
California,Yolo,2023,365,246,117,2,0,0,0,108,65,43,0,0,225,140,0
Colorado,Adams,2023,365,179,181,3,2,0,0,174,71,51,0,34,180,112,39
Colorado,Alamosa,2023,165,142,23,0,0,0,0,70,53,22,0,0,0,158,7
Colorado,Arapahoe,2023,365,239,118,8,0,0,0,136,74,47,0,0,351,14,0
Colorado,Archuleta,2023,365,349,15,1,0,0,0,120,46,35,0,0,285,0,80
Colorado,Boulder,2023,365,192,167,4,2,0,0,181,74,50,0,0,272,93,0
Colorado,Chaffee,2023,166,66,96,4,0,0,0,115,87,58,0,0,166,0,0
Colorado,Clear Creek,2023,359,204,147,8,0,0,0,136,84,49,0,0,359,0,0
Colorado,Denver,2023,365,131,228,4,2,0,0,179,77,54,0,64,166,135,0
Colorado,Douglas,2023,364,200,149,14,1,0,0,177,84,49,0,0,316,48,0
Colorado,El Paso,2023,365,240,123,1,1,0,0,154,67,47,0,0,334,31,0
Colorado,Fremont,2023,163,162,1,0,0,0,0,71,21,12,0,0,0,0,163
Colorado,Garfield,2023,365,166,196,3,0,0,0,126,77,54,0,0,360,5,0
Colorado,Gilpin,2023,365,258,103,4,0,0,0,129,71,47,0,0,365,0,0
Colorado,Grand,2023,158,131,27,0,0,0,0,77,58,46,0,0,158,0,0
Colorado,Gunnison,2023,363,251,112,0,0,0,0,93,67,46,0,0,363,0,0
Colorado,Jackson,2023,365,289,75,1,0,0,0,108,58,45,0,2,344,10,9
Colorado,Jefferson,2023,365,206,141,18,0,0,0,143,90,49,0,2,363,0,0
Colorado,La Plata,2023,365,237,123,2,2,1,0,211,71,46,0,0,337,28,0
Colorado,Larimer,2023,365,175,185,4,1,0,0,156,77,51,0,0,304,61,0
Colorado,Mesa,2023,365,246,119,0,0,0,0,90,64,46,0,0,301,64,0
Colorado,Montezuma,2023,365,291,74,0,0,0,0,80,58,44,0,0,364,1,0
Colorado,Park,2023,269,137,129,3,0,0,0,147,80,50,0,0,269,0,0
Colorado,Pitkin,2023,121,120,1,0,0,0,0,51,30,13,0,0,0,37,84
Colorado,Prowers,2023,350,336,13,1,0,0,0,103,40,19,0,0,0,47,303
Colorado,Pueblo,2023,362,277,84,1,0,0,0,115,67,43,0,0,278,43,41
Colorado,Rio Blanco,2023,365,247,113,4,1,0,0,166,67,47,0,0,360,5,0
Colorado,Routt,2023,353,348,5,0,0,0,0,58,23,13,0,0,0,0,353
Colorado,San Juan,2023,120,120,0,0,0,0,0,50,20,9,0,0,0,120,0
Colorado,San Miguel,2023,253,185,68,0,0,0,0,84,61,47,0,0,198,0,55
Colorado,Weld,2023,365,146,214,4,1,0,0,162,80,55,0,0,263,102,0
Connecticut,Fairfield,2023,365,210,135,12,7,1,0,242,79,46,0,12,146,206,1
Connecticut,Hartford,2023,365,226,132,4,3,0,0,166,64,43,0,17,158,190,0
Connecticut,Litchfield,2023,364,285,72,3,4,0,0,183,59,38,6,0,264,94,0
Connecticut,Middlesex,2023,209,170,35,4,0,0,0,140,64,43,0,0,209,0,0
Connecticut,New Haven,2023,365,205,148,9,2,1,0,208,74,47,0,9,158,198,0
Connecticut,New London,2023,363,258,95,7,3,0,0,166,61,41,0,0,137,226,0
Connecticut,Tolland,2023,212,178,31,2,1,0,0,156,58,41,0,0,212,0,0
Connecticut,Windham,2023,359,340,17,2,0,0,0,112,46,34,0,0,359,0,0
Country Of Mexico,SONORA,2023,364,151,202,10,1,0,0,155,80,53,0,0,115,142,107
Delaware,Kent,2023,348,216,124,5,2,1,0,207,64,46,0,0,138,210,0
Delaware,New Castle,2023,365,162,193,6,2,2,0,282,74,52,0,2,113,250,0
Delaware,Sussex,2023,365,215,144,3,2,1,0,203,68,47,0,0,140,225,0
District Of Columbia,District of Columbia,2023,365,189,164,9,3,0,0,196,72,50,0,7,162,195,1
Florida,Alachua,2023,365,270,94,1,0,0,0,104,57,40,0,0,139,226,0
Florida,Baker,2023,364,248,116,0,0,0,0,89,58,43,0,0,101,263,0
Florida,Bay,2023,365,176,189,0,0,0,0,95,61,51,0,0,73,292,0
Florida,Brevard,2023,365,279,85,1,0,0,0,130,58,43,0,0,222,143,0
Florida,Broward,2023,365,158,204,3,0,0,0,109,66,52,0,5,72,288,0
Florida,Citrus,2023,353,230,122,1,0,0,0,118,58,45,0,0,0,353,0
Florida,Collier,2023,360,259,100,1,0,0,0,144,57,43,0,0,101,259,0
Florida,Columbia,2023,363,212,151,0,0,0,0,92,61,47,0,0,96,267,0
Florida,Duval,2023,365,156,207,2,0,0,0,124,67,52,0,0,62,303,0
Florida,Escambia,2023,365,178,186,1,0,0,0,108,67,51,0,0,114,251,0
Florida,Flagler,2023,364,354,10,0,0,0,0,71,46,35,0,0,364,0,0
Florida,Hamilton,2023,318,191,127,0,0,0,0,89,60,46,0,0,0,318,0
Florida,Highlands,2023,360,345,14,1,0,0,0,108,45,35,0,0,360,0,0
Florida,Hillsborough,2023,365,156,206,3,0,0,0,114,69,51,0,0,102,261,2
Florida,Holmes,2023,365,189,176,0,0,0,0,87,63,49,0,0,47,318,0
Florida,Indian River,2023,358,350,8,0,0,0,0,74,44,34,0,0,358,0,0
Florida,Lake,2023,364,337,27,0,0,0,0,97,49,37,0,0,364,0,0
Florida,Lee,2023,363,343,19,1,0,0,0,101,46,35,0,0,363,0,0
Florida,Leon,2023,361,204,156,1,0,0,0,124,61,47,0,0,70,291,0
Florida,Liberty,2023,347,340,7,0,0,0,0,64,44,33,0,0,347,0,0
Florida,Manatee,2023,362,338,24,0,0,0,0,90,48,35,0,0,362,0,0
Florida,Marion,2023,365,241,124,0,0,0,0,99,57,45,0,0,117,248,0
Florida,Martin,2023,365,283,81,1,0,0,0,127,55,41,0,0,158,207,0
Florida,Miami-Dade,2023,365,207,155,0,3,0,0,170,63,48,0,17,76,272,0
Florida,Okaloosa,2023,241,218,23,0,0,0,0,84,50,37,0,0,234,0,7
Florida,Orange,2023,365,267,96,2,0,0,0,115,62,43,0,2,196,167,0
Florida,Osceola,2023,356,330,26,0,0,0,0,80,48,36,0,0,356,0,0
Florida,Palm Beach,2023,365,260,104,1,0,0,0,122,58,43,0,0,123,242,0
Florida,Pasco,2023,365,323,42,0,0,0,0,97,51,39,0,0,365,0,0
Florida,Pinellas,2023,365,217,145,3,0,0,0,113,62,47,0,0,125,237,3
Florida,Polk,2023,365,275,89,1,0,0,0,101,58,42,0,0,220,145,0
Florida,Putnam,2023,356,355,1,0,0,0,0,54,31,17,0,0,0,0,356
Florida,Santa Rosa,2023,365,207,157,1,0,0,0,103,64,47,0,0,107,258,0
Florida,Sarasota,2023,365,232,132,1,0,0,0,143,61,47,0,0,141,224,0
Florida,Seminole,2023,364,299,64,1,0,0,0,106,56,40,0,0,213,150,1
Florida,St. Lucie,2023,361,352,9,0,0,0,0,80,45,35,0,0,361,0,0
Florida,Volusia,2023,365,262,102,1,0,0,0,118,58,44,0,0,149,216,0
Florida,Wakulla,2023,365,272,93,0,0,0,0,80,58,39,3,0,125,237,0
Georgia,Bibb,2023,351,136,211,3,1,0,0,157,71,53,0,0,44,307,0
Georgia,Charlton,2023,120,109,11,0,0,0,0,74,48,27,0,0,0,120,0
Georgia,Chatham,2023,352,197,153,2,0,0,0,108,63,48,0,0,52,300,0
Georgia,Chattooga,2023,244,225,19,0,0,0,0,100,49,38,0,0,244,0,0
Georgia,Clarke,2023,365,173,189,3,0,0,0,147,71,52,0,0,98,267,0
Georgia,Clayton,2023,121,60,61,0,0,0,0,98,63,51,0,0,0,121,0
Georgia,Cobb,2023,323,215,105,3,0,0,0,125,65,43,0,0,183,140,0
Georgia,Coffee,2023,191,128,62,1,0,0,0,130,59,41,0,0,0,191,0
Georgia,Columbia,2023,242,233,9,0,0,0,0,74,47,36,0,0,242,0,0
Georgia,Dawson,2023,244,222,20,2,0,0,0,126,49,38,0,0,244,0,0
Georgia,DeKalb,2023,365,140,218,7,0,0,0,136,70,53,0,20,63,282,0
Georgia,Dougherty,2023,364,177,182,5,0,0,0,140,71,51,0,0,0,364,0
Georgia,Douglas,2023,245,199,40,6,0,0,0,136,64,41,0,0,245,0,0
Georgia,Floyd,2023,322,184,137,1,0,0,0,110,63,46,0,0,0,322,0
Georgia,Fulton,2023,365,155,198,10,2,0,0,172,71,53,1,2,105,257,0
Georgia,Glynn,2023,363,243,120,0,0,0,0,90,61,43,0,0,69,294,0
Georgia,Gwinnett,2023,365,186,172,7,0,0,0,140,74,50,0,0,115,250,0
Georgia,Hall,2023,363,166,194,3,0,0,0,137,68,52,0,0,0,363,0
Georgia,Henry,2023,361,226,128,6,1,0,0,153,63,44,0,0,107,254,0
Georgia,Houston,2023,365,190,174,0,1,0,0,152,66,49,0,0,0,365,0
Georgia,Lowndes,2023,359,188,167,4,0,0,0,126,66,48,0,0,0,359,0
Georgia,Murray,2023,281,235,42,4,0,0,0,108,58,41,0,0,228,53,0
Georgia,Muscogee,2023,365,154,208,2,1,0,0,154,71,52,0,0,55,310,0
Georgia,Pike,2023,361,309,47,5,0,0,0,133,58,39,0,0,361,0,0
Georgia,Richmond,2023,365,170,195,0,0,0,0,93,69,51,0,0,58,307,0
Georgia,Rockdale,2023,242,207,31,4,0,0,0,136,61,40,0,0,242,0,0
Georgia,Sumter,2023,245,225,20,0,0,0,0,87,49,38,0,0,245,0,0
Georgia,Walker,2023,362,129,229,4,0,0,0,145,70,53,0,0,0,362,0
Georgia,Washington,2023,360,160,197,2,1,0,0,161,71,52,0,0,0,360,0
Hawaii,Hawaii,2023,365,336,29,0,0,0,0,71,45,23,0,0,0,365,0
Hawaii,Honolulu,2023,365,337,27,1,0,0,0,117,47,31,0,0,174,187,4
Hawaii,Maui,2023,347,344,2,0,1,0,0,152,33,20,0,0,0,347,0
Idaho,Ada,2023,365,251,111,3,0,0,0,120,64,44,0,5,245,114,1
Idaho,Bannock,2023,365,293,39,2,0,0,31,557,77,41,0,0,168,123,74
Idaho,Benewah,2023,365,201,160,2,2,0,0,164,72,48,0,0,0,365,0
Idaho,Blaine,2023,330,323,7,0,0,0,0,63,33,19,0,0,0,330,0
Idaho,Boise,2023,365,250,115,0,0,0,0,98,58,39,0,0,0,365,0
Idaho,Bonner,2023,363,273,86,2,1,1,0,261,60,34,0,0,0,343,20
Idaho,Bonneville,2023,348,326,22,0,0,0,0,84,44,25,0,0,0,348,0
Idaho,Butte,2023,362,320,42,0,0,0,0,80,51,44,0,0,360,2,0
Idaho,Canyon,2023,364,268,96,0,0,0,0,88,59,34,0,0,0,350,14
Idaho,Custer,2023,104,103,1,0,0,0,0,60,25,8,0,0,0,104,0
Idaho,Franklin,2023,361,310,47,3,1,0,0,155,54,24,0,0,0,361,0
Idaho,Idaho,2023,365,233,132,0,0,0,0,98,62,44,0,0,143,222,0
Idaho,Kootenai,2023,361,279,78,2,1,1,0,222,60,32,0,0,0,361,0
Idaho,Latah,2023,360,320,38,1,1,0,0,183,52,22,0,0,0,360,0
Idaho,Lemhi,2023,363,251,110,2,0,0,0,119,63,32,0,0,0,363,0
Idaho,Nez Perce,2023,365,256,106,2,1,0,0,199,61,36,0,0,0,365,0
Idaho,Shoshone,2023,365,197,162,3,3,0,0,160,68,47,0,0,0,363,2
Idaho,Twin Falls,2023,344,328,16,0,0,0,0,80,42,25,0,0,0,344,0
Idaho,Valley,2023,360,255,105,0,0,0,0,78,61,36,0,0,0,360,0
Illinois,Adams,2023,245,184,49,12,0,0,0,136,77,43,0,0,245,0,0
Illinois,Champaign,2023,365,196,156,11,1,1,0,277,70,48,0,0,150,215,0
Illinois,Clark,2023,358,320,33,5,0,0,0,136,51,36,0,0,358,0,0
Illinois,Cook,2023,365,104,227,27,5,2,0,223,93,57,0,8,97,252,8
Illinois,DuPage,2023,365,146,202,11,4,2,0,234,77,53,0,0,101,264,0
Illinois,Effingham,2023,242,182,50,10,0,0,0,140,74,44,0,0,242,0,0
Illinois,Hamilton,2023,365,213,141,10,1,0,0,157,67,46,0,0,112,253,0
Illinois,Jersey,2023,365,199,148,17,1,0,0,166,77,48,0,0,134,231,0
Illinois,Jo Daviess,2023,353,302,42,8,1,0,0,154,58,36,0,0,353,0,0
Illinois,Kane,2023,288,178,89,16,5,0,0,174,87,46,0,0,198,90,0
Illinois,Lake,2023,243,182,47,13,1,0,0,179,84,42,0,0,243,0,0
Illinois,Macon,2023,365,171,178,14,1,1,0,287,76,51,0,0,117,248,0
Illinois,Macoupin,2023,365,310,45,10,0,0,0,129,61,37,0,121,244,0,0
Illinois,Madison,2023,363,113,234,14,2,0,0,155,81,55,0,0,124,239,0
Illinois,McHenry,2023,365,191,153,16,4,1,0,230,82,49,0,0,118,247,0
Illinois,McLean,2023,365,184,168,10,2,1,0,289,74,50,0,0,112,253,0
Illinois,Peoria,2023,340,187,131,21,1,0,0,151,77,48,0,0,174,166,0
Illinois,Randolph,2023,365,215,137,11,2,0,0,156,68,46,0,0,132,233,0
Illinois,Rock Island,2023,365,178,167,16,3,1,0,232,77,51,0,0,103,262,0
Illinois,Saint Clair,2023,365,128,223,12,2,0,0,169,77,54,0,1,76,288,0
Illinois,Sangamon,2023,365,182,163,17,2,1,0,247,74,51,0,0,112,253,0
Illinois,Will,2023,365,155,191,14,3,2,0,246,78,53,0,0,85,280,0
Illinois,Winnebago,2023,365,167,178,17,1,2,0,242,77,52,0,0,100,265,0
Indiana,Allen,2023,361,267,89,5,0,0,0,129,64,42,0,0,291,70,0
Indiana,Bartholomew,2023,361,234,119,7,0,1,0,215,64,46,0,0,204,157,0
Indiana,Boone,2023,362,307,46,8,1,0,0,185,61,37,0,0,362,0,0
Indiana,Brown,2023,347,313,32,2,0,0,0,126,50,37,0,0,347,0,0
Indiana,Carroll,2023,351,308,38,5,0,0,0,122,54,36,0,0,351,0,0
Indiana,Clark,2023,365,146,208,10,1,0,0,182,72,52,0,0,98,267,0
Indiana,Delaware,2023,363,287,71,5,0,0,0,121,62,40,0,0,313,50,0
Indiana,Dubois,2023,239,152,86,1,0,0,0,130,60,44,0,0,0,236,3
Indiana,Elkhart,2023,365,228,130,5,2,0,0,193,69,44,0,0,174,191,0
Indiana,Floyd,2023,347,224,116,6,1,0,0,177,67,46,0,0,183,164,0
Indiana,Greene,2023,365,234,120,9,1,1,0,217,65,44,0,0,184,181,0
Indiana,Hamilton,2023,364,220,134,8,2,0,0,190,69,46,0,0,168,196,0
Indiana,Hendricks,2023,360,324,32,4,0,0,0,119,51,37,0,0,360,0,0
Indiana,Henry,2023,348,214,124,8,2,0,0,192,64,44,0,0,0,348,0
Indiana,Howard,2023,365,234,119,10,2,0,0,199,67,45,0,0,184,181,0
Indiana,Knox,2023,364,313,43,8,0,0,0,126,58,39,0,0,364,0,0
Indiana,LaPorte,2023,365,277,76,12,0,0,0,133,68,39,0,0,303,62,0
Indiana,Lake,2023,365,125,222,16,1,1,0,215,80,55,0,0,69,294,2
Indiana,Madison,2023,365,203,150,10,1,1,0,229,71,48,0,0,142,223,0
Indiana,Marion,2023,365,84,260,17,3,1,0,259,89,60,0,0,55,310,0
Indiana,Monroe,2023,365,245,115,3,1,1,0,230,61,40,0,0,0,365,0
Indiana,Perry,2023,357,318,37,2,0,0,0,112,51,38,0,0,357,0,0
Indiana,Porter,2023,365,206,137,20,2,0,0,180,77,48,0,0,152,204,9
Indiana,Posey,2023,354,304,43,7,0,0,0,126,61,38,0,0,354,0,0
Indiana,Shelby,2023,359,317,38,4,0,0,0,147,58,37,0,0,359,0,0
Indiana,Spencer,2023,120,80,39,0,1,0,0,170,57,43,0,0,0,120,0
Indiana,St. Joseph,2023,365,175,177,10,2,1,0,223,73,51,0,0,126,239,0
Indiana,Tippecanoe,2023,349,237,106,4,1,1,0,206,61,42,0,0,0,349,0
Indiana,Vanderburgh,2023,365,152,205,7,1,0,0,179,70,52,0,0,119,246,0
Indiana,Vigo,2023,365,182,175,6,1,1,0,232,69,51,0,0,144,221,0
Indiana,Wabash,2023,364,313,48,3,0,0,0,126,58,36,0,0,364,0,0
Indiana,Warrick,2023,365,311,47,7,0,0,0,133,58,38,0,0,365,0,0
Indiana,Whitley,2023,363,195,161,4,2,1,0,223,66,48,0,0,0,363,0
Iowa,Black Hawk,2023,354,147,200,4,3,0,0,187,68,53,0,0,0,354,0
Iowa,Bremer,2023,235,180,45,9,1,0,0,151,74,42,0,0,235,0,0
Iowa,Cerro Gordo,2023,60,58,2,0,0,0,0,56,41,19,0,0,0,0,60
Iowa,Clinton,2023,365,132,215,14,3,1,0,235,80,54,0,0,90,275,0
Iowa,Harrison,2023,238,163,59,16,0,0,0,140,90,44,0,0,238,0,0
Iowa,Johnson,2023,365,143,216,2,3,1,0,210,68,53,0,0,0,365,0
Iowa,Lee,2023,60,36,24,0,0,0,0,97,64,47,0,0,0,60,0
Iowa,Linn,2023,365,130,217,14,3,1,0,207,80,54,0,0,86,279,0
Iowa,Montgomery,2023,364,226,131,7,0,0,0,147,70,44,0,0,136,228,0
Iowa,Muscatine,2023,365,188,173,1,2,1,0,207,66,49,0,0,0,365,0
Iowa,Palo Alto,2023,364,211,135,14,4,0,0,161,80,46,0,0,133,231,0
Iowa,Polk,2023,365,168,182,12,3,0,0,166,73,52,0,3,81,281,0
Iowa,Pottawattamie,2023,122,64,57,0,1,0,0,151,65,49,0,0,0,121,1
Iowa,Scott,2023,365,142,200,19,3,1,0,219,77,53,0,0,113,225,27
Iowa,Van Buren,2023,363,208,148,5,2,0,0,176,65,46,0,0,107,256,0
Iowa,Woodbury,2023,118,71,45,0,2,0,0,169,64,43,0,0,0,118,0
Kansas,Chase,2023,117,98,19,0,0,0,0,79,54,29,0,0,0,117,0
Kansas,Ford,2023,308,289,18,1,0,0,0,147,40,15,0,0,0,0,308
Kansas,Johnson,2023,365,189,166,7,3,0,0,165,70,49,0,0,148,210,7
Kansas,Leavenworth,2023,364,303,51,10,0,0,0,129,64,37,0,0,364,0,0
Kansas,Neosho,2023,365,147,215,1,2,0,0,161,71,54,0,0,120,236,9
Kansas,Sedgwick,2023,365,207,153,4,1,0,0,157,67,48,0,6,219,138,2
Kansas,Shawnee,2023,363,196,159,6,2,0,0,164,71,48,0,0,176,185,2
Kansas,Sherman,2023,334,315,19,0,0,0,0,78,44,19,0,0,0,69,265
Kansas,Sumner,2023,365,179,182,3,1,0,0,152,67,51,0,0,166,188,11
Kansas,Trego,2023,365,211,149,4,1,0,0,164,71,47,0,10,201,153,1
Kansas,Wyandotte,2023,365,174,174,15,2,0,0,166,78,51,0,9,128,227,1
Kentucky,Bell,2023,365,185,177,3,0,0,0,131,67,49,0,0,74,291,0
Kentucky,Boone,2023,245,187,51,6,1,0,0,156,67,44,0,0,245,0,0
Kentucky,Boyd,2023,363,226,133,2,2,0,0,159,64,46,0,1,119,242,1
Kentucky,Bullitt,2023,238,188,44,6,0,0,0,126,71,44,0,0,238,0,0
Kentucky,Campbell,2023,360,234,120,4,2,0,0,187,66,44,0,0,112,248,0
Kentucky,Carter,2023,364,284,78,1,1,0,0,153,58,40,0,0,131,233,0
Kentucky,Christian,2023,365,213,147,5,0,0,0,117,63,47,0,0,93,272,0
Kentucky,Daviess,2023,218,99,110,8,1,0,0,170,77,51,0,1,74,143,0
Kentucky,Edmonson,2023,363,319,40,4,0,0,0,115,52,39,5,0,332,26,0
Kentucky,Fayette,2023,365,232,131,1,1,0,0,167,64,45,0,4,139,222,0
Kentucky,Greenup,2023,241,221,20,0,0,0,0,84,50,39,0,0,241,0,0
Kentucky,Hancock,2023,245,201,38,6,0,0,0,140,61,42,0,0,245,0,0
Kentucky,Hardin,2023,365,225,136,3,1,0,0,151,66,45,0,0,117,248,0
Kentucky,Jefferson,2023,365,123,226,15,1,0,0,171,81,55,0,2,94,269,0
Kentucky,Jessamine,2023,245,211,32,2,0,0,0,122,58,43,0,0,245,0,0
Kentucky,Livingston,2023,238,189,44,5,0,0,0,126,67,42,0,0,238,0,0
Kentucky,McCracken,2023,355,203,145,7,0,0,0,126,66,47,0,2,115,238,0
Kentucky,Morgan,2023,364,341,23,0,0,0,0,93,49,38,0,0,364,0,0
Kentucky,Oldham,2023,242,195,46,1,0,0,0,105,64,42,0,0,242,0,0
Kentucky,Perry,2023,365,223,138,4,0,0,0,137,65,45,0,0,49,316,0
Kentucky,Pike,2023,364,286,76,2,0,0,0,127,59,39,0,0,116,248,0
Kentucky,Pulaski,2023,363,232,129,2,0,0,0,120,61,45,0,0,95,268,0
Kentucky,Simpson,2023,244,204,33,7,0,0,0,122,61,43,0,0,244,0,0
Kentucky,Warren,2023,365,238,124,2,1,0,0,155,62,44,0,0,94,271,0
Kentucky,Washington,2023,358,315,41,2,0,0,0,108,51,40,0,0,358,0,0
Louisiana,Ascension,2023,362,310,49,2,1,0,0,154,58,34,0,12,350,0,0
Louisiana,Bossier,2023,360,148,211,1,0,0,0,114,67,53,0,0,49,308,3
Louisiana,Caddo,2023,353,277,76,0,0,0,0,100,61,38,0,0,291,62,0
Louisiana,Calcasieu,2023,365,139,221,5,0,0,0,133,74,54,0,0,116,249,0
Louisiana,East Baton Rouge,2023,365,149,208,8,0,0,0,147,67,52,0,0,107,258,0
Louisiana,Iberville,2023,365,253,99,12,1,0,0,154,84,44,0,0,311,54,0
Louisiana,Jefferson,2023,364,181,179,4,0,0,0,126,69,51,0,2,147,215,0
Louisiana,Lafayette,2023,365,211,153,1,0,0,0,112,64,47,0,0,186,177,2
Louisiana,Lafourche,2023,365,153,211,1,0,0,0,101,69,53,0,0,80,285,0
Louisiana,Livingston,2023,364,134,225,5,0,0,0,133,70,54,0,0,106,258,0
Louisiana,Orleans,2023,365,248,117,0,0,0,0,90,59,41,1,35,0,312,17
Louisiana,Ouachita,2023,358,283,75,0,0,0,0,100,58,38,0,0,289,69,0
Louisiana,Pointe Coupee,2023,362,323,36,3,0,0,0,112,51,36,0,0,362,0,0
Louisiana,Rapides,2023,119,74,45,0,0,0,0,80,64,43,0,0,0,119,0
Louisiana,St. Bernard,2023,365,156,207,2,0,0,0,119,67,52,0,0,112,253,0
Louisiana,St. James,2023,351,314,35,2,0,0,0,115,51,33,0,0,351,0,0
Louisiana,St. John the Baptist,2023,358,315,39,4,0,0,0,112,58,35,0,0,358,0,0
Louisiana,St. Martin,2023,364,316,47,1,0,0,0,112,54,37,0,0,364,0,0
Louisiana,St. Tammany,2023,365,248,116,1,0,0,0,105,61,42,0,0,199,166,0
Louisiana,Tangipahoa,2023,124,81,43,0,0,0,0,71,56,43,0,0,0,124,0
Louisiana,Terrebonne,2023,115,77,35,2,1,0,0,176,58,43,0,0,0,115,0
Louisiana,West Baton Rouge,2023,362,154,199,9,0,0,0,140,67,52,0,1,93,268,0
Maine,Androscoggin,2023,359,296,63,0,0,0,0,77,55,35,0,0,153,205,1
Maine,Aroostook,2023,365,277,85,3,0,0,0,142,59,37,0,0,128,222,15
Maine,Cumberland,2023,365,266,96,3,0,0,0,120,64,40,0,7,179,175,4
Maine,Hancock,2023,365,314,51,0,0,0,0,93,54,38,0,0,321,44,0
Maine,Kennebec,2023,299,242,57,0,0,0,0,92,59,37,0,0,136,161,2
Maine,Knox,2023,301,296,5,0,0,0,0,87,44,33,0,0,301,0,0
Maine,Oxford,2023,356,288,68,0,0,0,0,83,56,38,0,0,150,206,0
Maine,Penobscot,2023,358,294,64,0,0,0,0,89,55,35,0,0,161,193,4
Maine,Sagadahoc,2023,208,193,15,0,0,0,0,100,49,39,0,0,208,0,0
Maine,Washington,2023,362,343,19,0,0,0,0,74,47,36,0,0,278,84,0
Maine,York,2023,328,304,24,0,0,0,0,84,49,35,0,0,328,0,0
Maryland,Anne Arundel,2023,263,225,36,2,0,0,0,150,58,40,0,0,244,0,19
Maryland,Baltimore,2023,365,228,124,9,3,1,0,205,71,45,0,7,231,127,0
Maryland,Baltimore (City),2023,365,242,116,4,3,0,0,192,71,44,0,26,168,171,0
Maryland,Calvert,2023,238,206,31,1,0,0,0,101,54,42,0,0,238,0,0
Maryland,Carroll,2023,244,183,57,4,0,0,0,143,74,44,0,0,244,0,0
Maryland,Cecil,2023,360,266,88,2,4,0,0,190,64,42,0,0,197,163,0
Maryland,Charles,2023,243,199,42,2,0,0,0,115,64,42,0,0,243,0,0
Maryland,Dorchester,2023,365,268,90,4,3,0,0,179,61,44,0,0,238,127,0
Maryland,Frederick,2023,232,167,59,6,0,0,0,136,77,44,0,0,232,0,0
Maryland,Garrett,2023,360,297,61,0,2,0,0,170,58,40,4,0,283,73,0
Maryland,Harford,2023,359,238,111,7,3,0,0,200,74,45,0,0,189,170,0
Maryland,Howard,2023,365,268,93,1,3,0,0,188,59,38,0,64,0,301,0
Maryland,Kent,2023,361,276,78,4,3,0,0,199,61,41,0,0,193,168,0
Maryland,Montgomery,2023,357,291,61,2,3,0,0,165,61,42,0,0,195,162,0
Maryland,Prince George's,2023,365,253,101,8,3,0,0,192,67,44,0,1,226,138,0
Maryland,Washington,2023,355,267,82,4,2,0,0,172,60,42,0,0,185,170,0
Massachusetts,Barnstable,2023,358,331,24,3,0,0,0,140,49,37,0,0,336,22,0
Massachusetts,Berkshire,2023,365,257,101,4,3,0,0,170,59,41,0,0,168,197,0
Massachusetts,Bristol,2023,365,269,87,9,0,0,0,137,61,42,0,0,244,121,0
Massachusetts,Dukes,2023,363,332,25,6,0,0,0,133,48,38,0,0,342,21,0
Massachusetts,Essex,2023,365,243,120,2,0,0,0,105,60,44,0,1,160,204,0
Massachusetts,Franklin,2023,365,246,113,5,1,0,0,154,61,43,0,0,139,226,0
Massachusetts,Hampden,2023,365,220,139,4,2,0,0,153,62,46,0,1,130,234,0
Massachusetts,Hampshire,2023,365,292,67,6,0,0,0,138,55,38,0,3,227,135,0
Massachusetts,Middlesex,2023,365,281,83,1,0,0,0,101,57,39,0,7,193,165,0
Massachusetts,Norfolk,2023,365,276,85,4,0,0,0,136,58,41,0,1,229,135,0
Massachusetts,Plymouth,2023,365,278,83,4,0,0,0,114,58,40,0,0,210,155,0
Massachusetts,Suffolk,2023,365,231,134,0,0,0,0,99,62,44,0,17,94,254,0
Massachusetts,Worcester,2023,365,268,93,4,0,0,0,148,58,39,0,5,190,170,0
Michigan,Allegan,2023,360,246,102,11,1,0,0,161,80,42,0,0,200,160,0
Michigan,Bay,2023,363,229,128,3,3,0,0,192,63,42,0,0,0,363,0
Michigan,Benzie,2023,238,198,37,2,1,0,0,156,71,38,0,0,238,0,0
Michigan,Berrien,2023,244,181,52,11,0,0,0,143,80,42,0,0,244,0,0
Michigan,Cass,2023,244,190,45,9,0,0,0,126,71,42,0,0,244,0,0
Michigan,Clinton,2023,240,206,31,3,0,0,0,136,61,38,0,0,240,0,0
Michigan,Genesee,2023,364,238,115,8,3,0,0,178,74,44,0,0,158,206,0
Michigan,Huron,2023,240,209,27,4,0,0,0,133,58,39,0,0,240,0,0
Michigan,Ingham,2023,363,229,123,7,4,0,0,194,73,43,0,2,178,183,0
Michigan,Kalamazoo,2023,358,151,198,6,2,1,0,225,77,53,0,0,97,261,0
Michigan,Kent,2023,365,188,165,9,2,1,0,220,80,49,1,13,153,198,0
Michigan,Keweenaw,2023,119,105,12,2,0,0,0,141,52,16,0,0,0,119,0
Michigan,Lenawee,2023,364,188,166,8,2,0,0,165,70,50,0,0,143,221,0
Michigan,Macomb,2023,364,182,170,8,4,0,0,195,75,51,0,0,120,244,0
Michigan,Manistee,2023,309,244,57,7,1,0,0,161,69,39,0,0,230,79,0
Michigan,Mason,2023,221,178,41,2,0,0,0,143,67,40,0,0,221,0,0
Michigan,Missaukee,2023,362,203,153,4,1,1,0,201,72,48,0,0,88,274,0
Michigan,Monroe,2023,65,59,6,0,0,0,0,82,45,25,0,0,0,0,65
Michigan,Muskegon,2023,242,187,44,11,0,0,0,147,87,41,0,0,242,0,0
Michigan,Oakland,2023,261,193,58,9,1,0,0,169,74,41,0,0,208,53,0
Michigan,Ottawa,2023,356,176,172,5,2,1,0,227,74,51,0,0,105,251,0
Michigan,Schoolcraft,2023,360,298,59,3,0,0,0,134,61,36,0,0,191,169,0
Michigan,St. Clair,2023,362,186,163,9,4,0,0,197,71,49,0,0,106,256,0
Michigan,Tuscola,2023,362,324,32,5,1,0,0,154,51,34,0,0,362,0,0
Michigan,Washtenaw,2023,365,168,184,9,2,2,0,218,76,52,0,0,121,244,0
Michigan,Wayne,2023,365,70,272,19,3,1,0,226,89,61,0,2,33,329,1
Michigan,Wexford,2023,359,314,42,3,0,0,0,105,61,35,0,0,359,0,0
Minnesota,Anoka,2023,365,217,131,15,2,0,0,175,83,46,0,6,194,164,1
Minnesota,Becker,2023,365,224,133,6,2,0,0,173,73,44,0,0,121,244,0
Minnesota,Beltrami,2023,360,247,107,5,1,0,0,156,73,27,0,0,0,360,0
Minnesota,Carlton,2023,362,266,91,4,1,0,0,156,63,38,0,0,126,236,0
Minnesota,Cass,2023,359,260,94,5,0,0,0,145,64,32,0,0,0,359,0
Minnesota,Cook,2023,346,298,47,1,0,0,0,120,54,13,0,0,0,346,0
Minnesota,Crow Wing,2023,365,244,112,8,1,0,0,165,77,43,0,0,132,233,0
Minnesota,Dakota,2023,365,184,171,7,3,0,0,185,73,49,0,10,0,355,0
Minnesota,Goodhue,2023,238,198,35,5,0,0,0,133,71,43,0,0,238,0,0
Minnesota,Hennepin,2023,365,173,175,14,3,0,0,187,80,52,1,8,69,273,14
Minnesota,Lake,2023,365,282,81,2,0,0,0,114,61,36,0,0,109,256,0
Minnesota,Lyon,2023,361,206,142,10,3,0,0,173,78,46,0,0,120,241,0
Minnesota,Mille Lacs,2023,237,213,19,5,0,0,0,136,51,40,0,0,237,0,0
Minnesota,Olmsted,2023,365,189,161,14,1,0,0,167,76,49,0,0,119,246,0
Minnesota,Ramsey,2023,365,188,167,7,3,0,0,190,71,49,0,0,0,352,13
Minnesota,Saint Louis,2023,365,221,136,6,1,1,0,286,74,44,0,1,168,190,6
Minnesota,Scott,2023,365,173,175,12,5,0,0,179,88,51,0,0,146,219,0
Minnesota,Stearns,2023,365,199,152,11,3,0,0,184,83,48,0,0,112,253,0
Minnesota,Washington,2023,240,194,38,8,0,0,0,140,77,42,0,0,240,0,0
Minnesota,Winona,2023,119,95,22,1,1,0,0,169,58,28,0,0,0,119,0
Minnesota,Wright,2023,349,183,145,18,3,0,0,186,87,49,0,0,113,236,0
Mississippi,Bolivar,2023,364,162,198,4,0,0,0,126,71,52,0,0,67,297,0
Mississippi,DeSoto,2023,360,122,231,7,0,0,0,139,76,54,0,0,74,286,0
Mississippi,Forrest,2023,365,145,220,0,0,0,0,94,68,53,0,0,0,365,0
Mississippi,Hancock,2023,364,188,175,1,0,0,0,112,67,50,0,0,112,252,0
Mississippi,Harrison,2023,361,166,193,2,0,0,0,105,68,51,0,0,102,259,0
Mississippi,Hinds,2023,365,131,231,3,0,0,0,115,74,54,0,0,97,268,0
Mississippi,Jackson,2023,364,176,186,2,0,0,0,108,67,51,0,0,77,287,0
Mississippi,Lauderdale,2023,242,227,15,0,0,0,0,87,48,38,0,0,242,0,0
Mississippi,Lee,2023,245,212,31,2,0,0,0,122,54,42,0,0,245,0,0
Mississippi,Yalobusha,2023,344,328,15,1,0,0,0,119,48,36,0,0,344,0,0
Missouri,Andrew,2023,244,176,62,6,0,0,0,122,77,43,0,0,244,0,0
Missouri,Boone,2023,244,195,44,5,0,0,0,143,67,42,0,0,244,0,0
Missouri,Buchanan,2023,363,196,165,2,0,0,0,129,63,48,0,0,0,347,16
Missouri,Callaway,2023,245,197,43,5,0,0,0,133,64,43,0,0,245,0,0
Missouri,Cass,2023,332,242,85,5,0,0,0,143,64,44,0,0,197,135,0
Missouri,Cedar,2023,363,256,103,4,0,0,0,122,67,44,0,0,188,175,0
Missouri,Clay,2023,350,228,105,16,1,0,0,153,80,43,0,0,212,138,0
Missouri,Clinton,2023,245,168,66,11,0,0,0,133,84,44,0,0,245,0,0
Missouri,Greene,2023,365,188,171,6,0,0,0,122,68,49,0,0,111,254,0
Missouri,Jackson,2023,365,171,192,1,1,0,0,155,68,52,0,21,0,313,31
Missouri,Jasper,2023,365,288,73,4,0,0,0,119,65,42,0,0,228,0,137
Missouri,Jefferson,2023,362,225,121,14,2,0,0,185,72,44,0,0,157,204,1
Missouri,Lincoln,2023,245,177,53,15,0,0,0,140,80,44,0,0,245,0,0
Missouri,Monroe,2023,364,317,44,3,0,0,0,119,58,38,0,0,361,0,3
Missouri,Perry,2023,245,179,55,11,0,0,0,150,74,44,0,0,245,0,0
Missouri,Saint Charles,2023,245,156,74,15,0,0,0,147,87,45,0,0,245,0,0
Missouri,Saint Louis,2023,365,218,130,14,3,0,0,166,74,46,0,13,168,184,0
Missouri,Sainte Genevieve,2023,245,195,38,12,0,0,0,147,74,44,0,0,245,0,0
Missouri,St. Louis City,2023,365,89,260,14,2,0,0,172,84,58,0,0,69,269,27
Missouri,Stoddard,2023,110,79,31,0,0,0,0,98,63,37,0,0,0,110,0
Missouri,Taney,2023,105,88,17,0,0,0,0,75,55,29,0,0,0,105,0
Montana,Beaverhead,2023,358,344,12,2,0,0,0,124,28,13,0,0,0,358,0
Montana,Cascade,2023,351,176,169,5,1,0,0,170,65,50,0,0,0,351,0
Montana,Custer,2023,364,288,66,4,5,1,0,260,61,39,0,5,228,130,1
Montana,Fergus,2023,364,315,43,4,2,0,0,185,54,41,0,1,305,58,0
Montana,Flathead,2023,365,237,120,6,2,0,0,160,68,43,0,0,135,213,17
Montana,Gallatin,2023,365,331,34,0,0,0,0,98,48,26,0,3,0,362,0
Montana,Glacier,2023,354,315,33,5,1,0,0,166,52,12,0,0,0,354,0
Montana,Hill,2023,214,170,38,2,3,1,0,215,65,23,0,0,0,214,0
Montana,Lake,2023,109,101,6,1,1,0,0,157,43,13,0,0,0,109,0
Montana,Lewis and Clark,2023,365,240,120,3,2,0,0,165,63,45,0,0,183,182,0
Montana,Lincoln,2023,364,151,209,2,2,0,0,189,73,53,0,0,0,364,0
Montana,Missoula,2023,364,156,200,8,0,0,0,134,76,53,0,0,67,297,0
Montana,Phillips,2023,364,289,64,4,7,0,0,199,59,38,0,0,270,93,1
Montana,Powder River,2023,355,244,99,6,6,0,0,195,71,44,0,1,215,108,31
Montana,Powell,2023,109,100,7,2,0,0,0,115,47,14,0,0,0,109,0
Montana,Ravalli,2023,363,293,69,1,0,0,0,110,58,22,0,0,0,363,0
Montana,Richland,2023,364,267,87,5,4,1,0,219,64,39,0,0,258,106,0
Montana,Roosevelt,2023,72,62,9,0,1,0,0,161,52,13,0,0,0,72,0
Montana,Rosebud,2023,277,271,5,1,0,0,0,132,19,3,0,169,0,108,0
Montana,Sanders,2023,364,263,96,3,2,0,0,181,58,37,0,0,0,361,3
Montana,Sheridan,2023,112,96,12,3,1,0,0,160,56,18,0,0,0,112,0
Montana,Silver Bow,2023,365,268,94,3,0,0,0,124,66,31,0,0,0,331,34
Montana,Yellowstone,2023,357,306,47,3,1,0,0,191,53,29,0,0,0,357,0
Nebraska,Cass,2023,354,344,10,0,0,0,0,66,35,17,0,0,0,0,354
Nebraska,Douglas,2023,365,211,130,22,2,0,0,169,91,45,0,0,221,143,1
Nebraska,Gage,2023,351,262,86,2,1,0,0,163,56,34,0,0,0,351,0
Nebraska,Hall,2023,342,251,88,0,3,0,0,190,58,35,0,0,0,342,0
Nebraska,Knox,2023,341,271,56,13,1,0,0,151,80,41,0,0,341,0,0
Nebraska,Lancaster,2023,283,197,83,2,1,0,0,160,64,42,0,0,212,71,0
Nebraska,Sarpy,2023,330,230,98,1,1,0,0,152,59,37,0,0,0,330,0
Nebraska,Scotts Bluff,2023,343,298,44,0,0,1,0,225,52,21,0,0,0,343,0
Nebraska,Washington,2023,360,258,98,3,1,0,0,154,60,33,0,0,0,360,0
Nevada,Carson City,2023,363,236,126,1,0,0,0,105,63,47,0,0,270,93,0
Nevada,Churchill,2023,354,295,59,0,0,0,0,90,58,43,0,0,354,0,0
Nevada,Clark,2023,365,106,233,25,1,0,0,197,100,61,0,1,247,101,16
Nevada,Douglas,2023,359,296,63,0,0,0,0,73,56,28,0,0,0,359,0
Nevada,Elko,2023,364,318,46,0,0,0,0,74,51,31,0,0,178,4,182
Nevada,Lyon,2023,349,325,24,0,0,0,0,87,49,41,0,0,349,0,0
Nevada,Nye,2023,365,339,20,6,0,0,0,147,41,19,0,0,0,0,365
Nevada,Washoe,2023,365,191,174,0,0,0,0,97,71,50,0,4,248,112,1
Nevada,White Pine,2023,361,293,68,0,0,0,0,93,58,44,0,0,359,2,0
New Hampshire,Belknap,2023,365,310,54,1,0,0,0,105,54,35,0,0,147,218,0
New Hampshire,Cheshire,2023,363,253,108,2,0,0,0,125,61,41,0,0,149,214,0
New Hampshire,Coos,2023,364,318,42,4,0,0,0,136,54,43,0,0,358,6,0
New Hampshire,Grafton,2023,365,311,54,0,0,0,0,100,53,37,0,0,230,135,0
New Hampshire,Hillsborough,2023,365,305,55,5,0,0,0,119,58,39,3,0,293,69,0
New Hampshire,Merrimack,2023,213,197,16,0,0,0,0,100,48,39,0,0,213,0,0
New Hampshire,Rockingham,2023,365,276,89,0,0,0,0,100,59,40,0,0,239,126,0
New Jersey,Atlantic,2023,365,270,90,3,1,1,0,265,60,38,0,0,142,223,0
New Jersey,Bergen,2023,365,204,152,5,4,0,0,197,69,48,0,29,91,245,0
New Jersey,Camden,2023,365,184,174,4,2,1,0,211,69,50,0,7,149,209,0
New Jersey,Cumberland,2023,361,262,94,3,1,1,0,203,61,43,0,3,199,159,0
New Jersey,Gloucester,2023,321,236,77,5,3,0,0,185,69,43,0,0,198,123,0
New Jersey,Hudson,2023,365,218,142,1,3,1,0,203,64,44,0,73,99,193,0
New Jersey,Hunterdon,2023,364,233,121,6,3,1,0,262,64,44,0,0,184,180,0
New Jersey,Mercer,2023,365,194,160,6,4,1,0,244,70,49,0,0,123,242,0
New Jersey,Middlesex,2023,365,229,124,7,4,1,0,247,67,44,0,11,160,194,0
New Jersey,Monmouth,2023,247,210,35,2,0,0,0,140,61,39,0,0,247,0,0
New Jersey,Morris,2023,363,314,43,4,2,0,0,154,55,37,0,13,311,39,0
New Jersey,Ocean,2023,365,261,95,7,1,1,0,248,64,42,0,0,165,200,0
New Jersey,Passaic,2023,353,241,104,4,4,0,0,199,63,42,0,0,133,220,0
New Jersey,Union,2023,365,163,197,1,3,1,0,227,69,52,0,36,0,329,0
New Jersey,Warren,2023,361,241,114,1,5,0,0,197,61,41,0,24,90,247,0
New Mexico,Bernalillo,2023,365,97,264,3,0,1,0,207,84,59,0,1,193,88,83
New Mexico,Catron,2023,119,108,10,0,1,0,0,175,49,13,0,0,0,119,0
New Mexico,Chaves,2023,118,107,11,0,0,0,0,75,47,24,0,0,0,118,0
New Mexico,Dona Ana,2023,365,162,189,11,3,0,0,196,87,52,0,9,210,81,65
New Mexico,Eddy,2023,365,195,151,19,0,0,0,143,93,49,0,0,364,1,0
New Mexico,Lea,2023,364,235,122,7,0,0,0,133,74,45,0,3,287,74,0
New Mexico,Lincoln,2023,119,116,3,0,0,0,0,55,32,14,0,0,0,119,0
New Mexico,Los Alamos,2023,121,121,0,0,0,0,0,50,27,14,0,0,0,121,0
New Mexico,Luna,2023,351,334,15,1,1,0,0,157,35,16,0,0,0,0,351
New Mexico,Rio Arriba,2023,346,318,28,0,0,0,0,71,49,43,0,0,336,10,0
New Mexico,San Juan,2023,365,249,112,4,0,0,0,117,74,46,0,1,362,0,2
New Mexico,Sandoval,2023,340,270,70,0,0,0,0,87,64,44,0,0,340,0,0
New Mexico,Santa Fe,2023,362,284,78,0,0,0,0,84,64,44,0,0,332,30,0
New Mexico,Socorro,2023,118,117,1,0,0,0,0,51,30,14,0,0,0,118,0
New Mexico,Taos,2023,350,332,18,0,0,0,0,67,43,20,0,0,0,350,0
New Mexico,Valencia,2023,361,289,72,0,0,0,0,87,61,42,0,0,361,0,0
New York,Albany,2023,365,245,113,4,3,0,0,186,62,42,0,0,115,250,0
New York,Bronx,2023,365,197,159,5,3,1,0,253,69,47,0,33,100,232,0
New York,Chautauqua,2023,363,322,36,5,0,0,0,133,54,37,0,0,335,28,0
New York,Dutchess,2023,347,333,13,1,0,0,0,108,46,33,0,0,347,0,0
New York,Erie,2023,365,198,159,5,3,0,0,176,69,48,0,4,86,275,0
New York,Essex,2023,365,296,59,8,2,0,0,161,60,42,0,0,316,49,0
New York,Hamilton,2023,354,337,17,0,0,0,0,90,46,33,0,0,354,0,0
New York,Jefferson,2023,362,344,17,1,0,0,0,101,44,33,0,0,362,0,0
New York,Kings,2023,364,207,152,1,3,1,0,249,65,46,0,0,0,364,0
New York,Monroe,2023,365,237,120,3,5,0,0,176,64,42,0,0,128,237,0
New York,Nassau,2023,365,275,86,1,3,0,0,197,57,31,0,0,0,365,0
New York,New York,2023,365,194,162,5,3,1,0,208,67,48,0,0,135,230,0
New York,Niagara,2023,356,335,21,0,0,0,0,97,46,33,0,0,356,0,0
New York,Oneida,2023,351,275,70,3,3,0,0,190,56,32,0,0,0,351,0
New York,Onondaga,2023,361,273,80,4,3,1,0,258,59,40,0,0,184,177,0
New York,Orange,2023,357,270,81,3,3,0,0,185,58,34,0,0,0,357,0
New York,Oswego,2023,356,341,14,1,0,0,0,105,44,33,0,0,356,0,0
New York,Putnam,2023,350,334,13,3,0,0,0,140,45,32,0,0,350,0,0
New York,Queens,2023,365,188,165,7,4,1,0,278,72,50,0,23,104,238,0
New York,Richmond,2023,364,255,101,3,4,1,0,227,62,42,0,0,166,198,0
New York,Rockland,2023,363,288,66,6,3,0,0,197,58,38,0,0,222,141,0
New York,Saratoga,2023,365,352,12,1,0,0,0,122,44,31,0,0,365,0,0
New York,Steuben,2023,365,274,83,3,4,1,0,256,64,40,0,0,212,153,0
New York,Suffolk,2023,365,278,74,11,2,0,0,195,62,41,0,1,278,86,0
New York,Tompkins,2023,357,332,25,0,0,0,0,100,47,35,0,0,357,0,0
New York,Wayne,2023,348,328,17,3,0,0,0,112,46,33,0,0,348,0,0
New York,Westchester,2023,365,287,71,4,3,0,0,198,58,39,0,0,221,144,0
North Carolina,Alexander,2023,302,275,26,1,0,0,0,105,50,38,0,0,243,0,59
North Carolina,Avery,2023,283,246,37,0,0,0,0,98,53,39,0,0,218,65,0
North Carolina,Buncombe,2023,365,261,104,0,0,0,0,99,60,43,0,0,133,232,0
North Carolina,Caldwell,2023,245,220,25,0,0,0,0,97,51,40,0,0,245,0,0
North Carolina,Carteret,2023,352,319,31,2,0,0,0,105,50,38,0,0,352,0,0
North Carolina,Caswell,2023,350,325,25,0,0,0,0,97,49,36,0,0,244,0,106
North Carolina,Catawba,2023,347,212,132,3,0,0,0,115,61,43,0,0,0,347,0
North Carolina,Cumberland,2023,365,201,163,1,0,0,0,129,67,48,0,0,122,241,2
North Carolina,Davidson,2023,362,195,164,3,0,0,0,126,63,47,0,0,0,362,0
North Carolina,Durham,2023,361,252,106,3,0,0,0,121,63,44,0,0,158,194,9
North Carolina,Edgecombe,2023,357,266,91,0,0,0,0,99,59,41,0,0,135,222,0
North Carolina,Forsyth,2023,365,165,193,6,1,0,0,154,71,52,0,3,111,251,0
North Carolina,Graham,2023,242,188,49,5,0,0,0,115,67,46,0,0,242,0,0
North Carolina,Granville,2023,242,202,39,1,0,0,0,105,58,43,0,0,242,0,0
North Carolina,Guilford,2023,365,183,178,4,0,0,0,131,67,50,0,0,112,248,5
North Carolina,Haywood,2023,278,204,69,5,0,0,0,112,71,45,0,0,245,33,0
North Carolina,Hyde,2023,116,103,13,0,0,0,0,65,51,26,0,0,0,116,0
North Carolina,Johnston,2023,365,240,124,1,0,0,0,115,60,44,0,0,125,240,0
North Carolina,Lenoir,2023,305,272,32,1,0,0,0,105,51,39,0,0,244,0,61
North Carolina,Lincoln,2023,244,202,42,0,0,0,0,97,58,43,0,0,244,0,0
North Carolina,Macon,2023,361,342,19,0,0,0,0,93,46,34,0,0,361,0,0
North Carolina,Martin,2023,244,230,14,0,0,0,0,77,47,36,0,0,244,0,0
North Carolina,Mecklenburg,2023,365,174,185,6,0,0,0,150,71,51,0,2,149,214,0
North Carolina,Mitchell,2023,353,281,71,1,0,0,0,104,55,33,0,0,0,353,0
North Carolina,Montgomery,2023,363,200,160,3,0,0,0,134,63,48,0,0,114,249,0
North Carolina,New Hanover,2023,362,237,124,1,0,0,0,142,62,44,0,0,91,271,0
North Carolina,Northampton,2023,365,256,108,1,0,0,0,134,60,37,0,8,0,357,0
North Carolina,Person,2023,244,221,22,1,0,0,0,101,50,41,0,0,244,0,0
North Carolina,Pitt,2023,365,256,107,2,0,0,0,118,60,42,0,0,120,245,0
North Carolina,Rockingham,2023,245,212,32,1,0,0,0,108,58,43,0,0,245,0,0
North Carolina,Rowan,2023,363,210,150,3,0,0,0,122,66,47,0,0,177,186,0
North Carolina,Swain,2023,365,268,95,2,0,0,0,108,59,40,0,0,148,217,0
North Carolina,Union,2023,245,201,43,1,0,0,0,101,67,43,0,0,245,0,0
North Carolina,Wake,2023,365,190,170,5,0,0,0,130,66,49,0,1,109,255,0
North Carolina,Yancey,2023,240,179,60,1,0,0,0,101,67,45,0,0,240,0,0
North Dakota,Billings,2023,365,282,73,7,2,1,0,226,64,39,0,0,258,107,0
North Dakota,Burke,2023,361,221,119,11,9,1,0,287,81,44,0,0,202,159,0
North Dakota,Burleigh,2023,365,225,118,14,7,1,0,272,81,42,0,10,134,221,0
North Dakota,Cass,2023,358,180,166,10,2,0,0,175,84,50,0,1,112,245,0
North Dakota,Dunn,2023,365,263,85,11,5,0,1,318,69,41,0,0,242,123,0
North Dakota,McKenzie,2023,364,277,72,10,4,1,0,298,64,39,0,0,254,110,0
North Dakota,Mercer,2023,365,252,97,10,5,0,1,322,73,41,0,0,217,148,0
North Dakota,Oliver,2023,365,244,102,11,7,0,1,323,74,42,0,0,237,128,0
North Dakota,Ward,2023,365,244,101,13,6,1,0,278,80,42,0,0,228,137,0
Ohio,Allen,2023,365,252,105,5,3,0,0,194,67,44,0,0,171,194,0
Ohio,Ashtabula,2023,245,208,35,2,0,0,0,147,64,42,0,0,245,0,0
Ohio,Athens,2023,244,208,35,0,1,0,0,157,54,31,0,0,0,244,0
Ohio,Belmont,2023,354,289,64,0,1,0,0,181,54,31,0,112,0,239,3
Ohio,Butler,2023,365,107,242,12,4,0,0,197,80,56,0,0,71,287,7
Ohio,Clark,2023,365,187,170,5,3,0,0,196,71,50,0,0,103,262,0
Ohio,Clermont,2023,358,279,74,4,1,0,0,175,64,41,0,0,201,157,0
Ohio,Clinton,2023,242,199,39,4,0,0,0,129,67,44,0,0,242,0,0
Ohio,Columbiana,2023,61,60,1,0,0,0,0,74,26,11,0,0,0,0,61
Ohio,Cuyahoga,2023,365,117,235,9,3,1,0,234,83,57,2,0,83,276,4
Ohio,Delaware,2023,245,211,33,1,0,0,0,108,54,41,0,0,245,0,0
Ohio,Franklin,2023,365,136,218,7,3,1,0,210,77,54,0,0,91,265,9
Ohio,Geauga,2023,245,212,32,1,0,0,0,129,58,41,0,0,245,0,0
Ohio,Greene,2023,244,187,53,4,0,0,0,126,67,44,0,0,244,0,0
Ohio,Hamilton,2023,365,129,217,17,2,0,0,193,77,54,0,2,103,260,0
Ohio,Jefferson,2023,365,188,173,2,0,2,0,229,70,49,0,0,107,258,0
Ohio,Knox,2023,245,200,44,1,0,0,0,105,61,42,0,0,245,0,0
Ohio,Lake,2023,365,259,96,7,3,0,0,170,77,42,0,0,180,185,0
Ohio,Lawrence,2023,365,225,134,4,2,0,0,160,64,46,0,0,107,258,0
Ohio,Licking,2023,245,209,36,0,0,0,0,97,61,43,0,0,245,0,0
Ohio,Lorain,2023,243,221,22,0,0,0,0,90,50,37,0,0,243,0,0
Ohio,Lucas,2023,365,217,133,13,2,0,0,190,79,45,0,0,162,203,0
Ohio,Madison,2023,243,197,44,2,0,0,0,105,64,44,0,0,243,0,0
Ohio,Mahoning,2023,365,187,172,3,2,1,0,226,73,49,0,0,115,250,0
Ohio,Medina,2023,363,228,125,7,2,1,0,285,72,44,0,0,137,226,0
Ohio,Miami,2023,244,193,48,3,0,0,0,112,67,43,0,0,244,0,0
Ohio,Montgomery,2023,363,181,171,8,3,0,0,196,71,51,0,0,116,246,1
Ohio,Noble,2023,352,307,42,2,0,1,0,207,54,39,0,0,319,33,0
Ohio,Portage,2023,241,178,60,2,1,0,0,159,71,43,0,0,241,0,0
Ohio,Preble,2023,358,213,136,6,2,1,0,204,69,46,0,0,137,221,0
Ohio,Scioto,2023,365,223,135,5,2,0,0,172,64,44,0,0,0,321,44
Ohio,Stark,2023,365,163,192,7,1,2,0,283,78,52,0,0,103,262,0
Ohio,Summit,2023,348,209,131,5,2,1,0,230,74,46,0,0,150,198,0
Ohio,Trumbull,2023,364,198,158,5,2,1,0,220,76,48,0,0,101,263,0
Ohio,Warren,2023,364,230,127,5,2,0,0,183,72,44,0,0,162,202,0
Ohio,Washington,2023,238,206,32,0,0,0,0,100,54,42,0,0,238,0,0
Ohio,Wood,2023,241,198,39,4,0,0,0,126,61,40,0,0,241,0,0
Oklahoma,Adair,2023,365,172,193,0,0,0,0,100,65,51,0,0,131,232,2
Oklahoma,Canadian,2023,278,195,77,6,0,0,0,133,77,45,0,0,278,0,0
Oklahoma,Carter,2023,344,189,138,17,0,0,0,136,87,48,0,0,210,134,0
Oklahoma,Cleveland,2023,355,163,188,4,0,0,0,143,74,52,0,0,152,203,0
Oklahoma,Comanche,2023,357,216,137,4,0,0,0,126,71,46,0,0,183,174,0
Oklahoma,Creek,2023,249,196,50,3,0,0,0,136,64,44,0,0,249,0,0
Oklahoma,Dewey,2023,365,221,144,0,0,0,0,100,71,46,0,0,182,183,0
Oklahoma,Grant,2023,120,94,26,0,0,0,0,89,56,32,0,0,0,120,0
Oklahoma,Jefferson,2023,231,152,74,5,0,0,0,133,74,46,0,0,231,0,0
Oklahoma,Johnston,2023,246,166,75,4,1,0,0,161,84,46,0,0,246,0,0
Oklahoma,Kay,2023,335,172,162,1,0,0,0,122,63,49,0,0,0,335,0
Oklahoma,Mayes,2023,285,255,28,2,0,0,0,129,51,42,0,0,285,0,0
Oklahoma,McClain,2023,246,144,91,11,0,0,0,143,87,48,0,0,246,0,0
Oklahoma,Nowata,2023,336,132,200,4,0,0,0,140,74,54,0,0,139,197,0
Oklahoma,Oklahoma,2023,365,150,210,5,0,0,0,136,74,53,0,12,140,208,5
Oklahoma,Osage,2023,296,230,60,6,0,0,0,147,67,43,0,0,296,0,0
Oklahoma,Ottawa,2023,364,141,215,7,1,0,0,162,76,54,0,0,70,287,7
Oklahoma,Pittsburg,2023,355,196,152,7,0,0,0,119,69,49,0,0,153,202,0
Oklahoma,Pontotoc,2023,359,253,106,0,0,0,0,93,64,42,0,0,260,93,6
Oklahoma,Sequoyah,2023,365,227,138,0,0,0,0,84,62,46,0,0,107,258,0
Oklahoma,Tulsa,2023,365,142,205,16,2,0,0,197,77,53,0,0,154,204,7
Oregon,Baker,2023,363,301,62,0,0,0,0,83,55,30,0,0,0,363,0
Oregon,Clackamas,2023,365,304,57,4,0,0,0,125,54,34,0,0,134,231,0
Oregon,Columbia,2023,365,329,34,2,0,0,0,115,50,29,0,0,108,257,0
Oregon,Crook,2023,365,267,86,6,6,0,0,171,63,33,0,0,0,365,0
Oregon,Deschutes,2023,365,273,66,10,9,6,1,413,74,28,0,0,0,365,0
Oregon,Grant,2023,365,207,156,2,0,0,0,110,68,44,0,0,0,365,0
Oregon,Harney,2023,365,214,150,1,0,0,0,117,67,43,0,0,0,365,0
Oregon,Jackson,2023,365,216,135,2,7,5,0,237,69,45,0,0,98,267,0
Oregon,Jefferson,2023,365,266,93,3,1,2,0,238,63,31,0,0,0,365,0
Oregon,Josephine,2023,365,205,129,10,11,7,3,872,83,44,0,0,0,365,0
Oregon,Klamath,2023,365,216,137,7,5,0,0,181,75,39,0,0,0,365,0
Oregon,Lake,2023,365,266,98,1,0,0,0,134,63,28,0,0,0,364,1
Oregon,Lane,2023,365,190,159,9,6,1,0,211,79,49,0,0,78,287,0
Oregon,Linn,2023,365,278,83,4,0,0,0,125,62,34,0,0,0,365,0
Oregon,Marion,2023,365,268,93,4,0,0,0,128,65,38,0,0,130,235,0
Oregon,Multnomah,2023,365,267,97,1,0,0,0,117,58,38,0,4,155,206,0
Oregon,Umatilla,2023,365,259,103,0,1,2,0,267,61,42,0,0,125,240,0
Oregon,Union,2023,361,305,56,0,0,0,0,95,54,26,0,0,0,360,1
Oregon,Wallowa,2023,365,315,50,0,0,0,0,82,53,25,0,0,0,365,0
Oregon,Wasco,2023,289,244,40,2,2,1,0,214,55,27,0,0,0,289,0
Oregon,Washington,2023,365,269,94,2,0,0,0,115,59,36,0,4,142,219,0
Pennsylvania,Adams,2023,365,188,166,7,3,1,0,241,77,50,0,0,175,190,0
Pennsylvania,Allegheny,2023,365,121,227,15,1,1,0,237,84,56,0,0,71,294,0
Pennsylvania,Armstrong,2023,362,238,117,4,1,2,0,210,71,44,0,0,170,192,0
Pennsylvania,Beaver,2023,365,158,197,8,0,2,0,235,78,52,0,1,89,275,0
Pennsylvania,Berks,2023,364,205,147,7,3,2,0,287,72,48,0,0,171,193,0
Pennsylvania,Blair,2023,358,229,123,1,4,1,0,213,67,43,0,0,120,238,0
Pennsylvania,Bradford,2023,289,237,51,1,0,0,0,108,57,40,0,0,196,93,0
Pennsylvania,Bucks,2023,296,241,50,4,1,0,0,200,71,39,0,0,296,0,0
Pennsylvania,Cambria,2023,363,213,147,0,2,1,0,201,67,46,1,2,108,252,0
Pennsylvania,Centre,2023,365,239,118,3,5,0,0,199,68,45,0,0,188,177,0
Pennsylvania,Chester,2023,361,220,134,3,2,2,0,248,66,45,0,0,126,235,0
Pennsylvania,Cumberland,2023,365,212,146,3,2,2,0,224,68,44,0,0,0,365,0
Pennsylvania,Dauphin,2023,365,169,184,7,3,2,0,255,79,52,0,0,114,251,0
Pennsylvania,Delaware,2023,365,187,169,5,2,2,0,271,74,50,0,1,112,252,0
Pennsylvania,Elk,2023,363,343,20,0,0,0,0,100,47,35,0,0,363,0,0
Pennsylvania,Erie,2023,365,240,116,6,3,0,0,180,64,42,1,3,148,212,1
Pennsylvania,Fayette,2023,304,220,82,2,0,0,0,129,64,44,0,0,232,72,0
Pennsylvania,Franklin,2023,301,267,32,2,0,0,0,133,51,39,0,0,301,0,0
Pennsylvania,Greene,2023,302,219,81,2,0,0,0,108,64,44,0,0,202,100,0
Pennsylvania,Indiana,2023,363,264,92,4,2,1,0,220,61,41,0,0,168,195,0
Pennsylvania,Lackawanna,2023,365,230,127,3,4,1,0,292,64,44,0,7,140,218,0
Pennsylvania,Lancaster,2023,365,108,243,9,3,1,1,321,85,58,0,0,61,304,0
Pennsylvania,Lawrence,2023,267,254,12,1,0,0,0,119,48,34,0,0,267,0,0
Pennsylvania,Lebanon,2023,365,204,151,5,3,2,0,265,74,47,0,0,127,238,0
Pennsylvania,Lehigh,2023,363,230,126,2,4,0,1,337,67,43,0,0,134,229,0
Pennsylvania,Lycoming,2023,283,242,38,3,0,0,0,119,58,38,0,0,214,69,0
Pennsylvania,Mercer,2023,364,237,122,3,2,0,0,196,67,44,0,0,219,145,0
Pennsylvania,Monroe,2023,294,270,21,3,0,0,0,126,48,34,0,0,294,0,0
Pennsylvania,Montgomery,2023,365,232,127,1,3,2,0,284,67,44,0,0,144,221,0
Pennsylvania,Northampton,2023,362,209,146,2,4,0,1,368,68,46,0,0,135,227,0
Pennsylvania,Philadelphia,2023,365,83,268,9,3,1,1,331,84,58,0,3,66,296,0
Pennsylvania,Somerset,2023,365,333,32,0,0,0,0,93,49,35,0,0,365,0,0
Pennsylvania,Susquehanna,2023,152,126,26,0,0,0,0,64,53,28,0,0,0,152,0
Pennsylvania,Tioga,2023,304,254,50,0,0,0,0,100,59,41,0,0,242,62,0
Pennsylvania,Washington,2023,365,180,175,7,1,2,0,212,72,51,0,0,127,238,0
Pennsylvania,Westmoreland,2023,298,227,70,1,0,0,0,133,60,42,0,0,179,119,0
Pennsylvania,Wyoming,2023,146,123,23,0,0,0,0,68,54,27,0,0,0,146,0
Pennsylvania,York,2023,356,198,150,4,3,1,0,256,72,48,0,1,147,208,0
Puerto Rico,Bayamon,2023,216,193,23,0,0,0,0,74,52,22,40,0,25,151,0
Puerto Rico,Caguas,2023,256,242,13,1,0,0,0,105,34,6,134,33,0,89,0
Puerto Rico,Catano,2023,209,96,101,10,2,0,0,155,91,52,0,0,0,156,53
Puerto Rico,Fajardo,2023,108,88,20,0,0,0,0,72,61,30,0,0,0,100,8
Puerto Rico,Guayama,2023,59,57,2,0,0,0,0,55,37,15,0,0,0,0,59
Puerto Rico,Guaynabo,2023,107,82,25,0,0,0,0,74,59,32,0,0,0,102,5
Puerto Rico,Mayagnez,2023,285,254,31,0,0,0,0,64,51,25,0,0,77,208,0
Puerto Rico,Ponce,2023,340,258,82,0,0,0,0,83,58,30,93,0,0,55,192
Rhode Island,Kent,2023,357,287,66,4,0,0,0,126,55,40,0,0,156,201,0
Rhode Island,Providence,2023,365,217,144,4,0,0,0,125,63,46,0,2,123,240,0
Rhode Island,Washington,2023,355,287,58,10,0,0,0,140,58,40,0,0,166,189,0
South Carolina,Aiken,2023,275,252,23,0,0,0,0,80,49,39,0,0,275,0,0
South Carolina,Anderson,2023,270,233,37,0,0,0,0,97,58,42,0,0,270,0,0
South Carolina,Berkeley,2023,273,260,11,2,0,0,0,105,48,36,0,0,273,0,0
South Carolina,Charleston,2023,365,212,153,0,0,0,0,93,64,47,0,0,68,295,2
South Carolina,Chesterfield,2023,365,242,122,1,0,0,0,134,62,42,0,0,97,268,0
South Carolina,Darlington,2023,271,238,33,0,0,0,0,93,51,40,0,0,271,0,0
South Carolina,Edgefield,2023,365,217,148,0,0,0,0,96,64,44,0,0,117,248,0
South Carolina,Florence,2023,364,191,172,1,0,0,0,104,64,49,0,0,0,364,0
South Carolina,Greenville,2023,365,167,196,2,0,0,0,126,70,52,0,2,134,229,0
South Carolina,Horry,2023,332,238,94,0,0,0,0,100,62,43,0,0,143,189,0
South Carolina,Lexington,2023,149,96,53,0,0,0,0,77,58,41,0,0,0,140,9
South Carolina,Richland,2023,365,207,154,4,0,0,0,123,64,47,0,1,127,237,0
South Carolina,Spartanburg,2023,365,166,194,5,0,0,0,136,71,51,0,0,100,265,0
South Carolina,York,2023,365,213,149,3,0,0,0,115,67,47,0,0,169,196,0
South Dakota,Brookings,2023,365,274,84,5,2,0,0,162,71,42,0,0,241,83,41
South Dakota,Brown,2023,365,289,68,7,1,0,0,166,60,29,0,0,0,292,73
South Dakota,Clay,2023,365,244,103,15,3,0,0,173,80,43,0,0,197,168,0
South Dakota,Codington,2023,363,215,135,12,1,0,0,164,77,45,0,0,135,209,19
South Dakota,Custer,2023,365,308,48,4,5,0,0,167,58,43,0,0,303,59,3
South Dakota,Hughes,2023,359,321,30,3,4,1,0,223,52,14,0,0,0,359,0
South Dakota,Jackson,2023,365,277,80,3,4,1,0,233,64,43,0,0,272,93,0
South Dakota,Meade,2023,363,322,40,1,0,0,0,101,51,43,0,0,352,0,11
South Dakota,Minnehaha,2023,365,235,103,23,4,0,0,181,93,44,0,6,254,96,9
South Dakota,Pennington,2023,365,216,140,5,4,0,0,172,70,45,0,8,0,191,166
Tennessee,Anderson,2023,237,212,24,1,0,0,0,105,51,41,0,0,237,0,0
Tennessee,Blount,2023,365,224,133,8,0,0,0,137,67,46,0,0,203,162,0
Tennessee,Claiborne,2023,351,324,25,2,0,0,0,105,49,38,0,0,351,0,0
Tennessee,Davidson,2023,365,135,226,4,0,0,0,133,68,53,0,3,77,285,0
Tennessee,DeKalb,2023,352,333,19,0,0,0,0,90,47,37,0,0,352,0,0
Tennessee,Dyer,2023,360,267,93,0,0,0,0,81,59,39,0,0,0,360,0
Tennessee,Hamilton,2023,365,175,187,3,0,0,0,137,71,51,0,0,107,258,0
Tennessee,Jefferson,2023,241,210,29,2,0,0,0,112,54,42,0,0,241,0,0
Tennessee,Knox,2023,365,162,199,4,0,0,0,149,68,52,0,0,79,286,0
Tennessee,Lawrence,2023,359,246,113,0,0,0,0,98,60,41,0,0,0,359,0
Tennessee,Loudon,2023,361,264,96,1,0,0,0,107,60,42,0,0,148,213,0
Tennessee,Madison,2023,357,237,120,0,0,0,0,87,61,43,0,0,0,357,0
Tennessee,Maury,2023,358,277,81,0,0,0,0,96,58,36,0,0,0,358,0
Tennessee,McMinn,2023,355,238,115,2,0,0,0,114,61,39,0,0,0,355,0
Tennessee,Montgomery,2023,351,271,79,1,0,0,0,105,58,36,0,0,0,351,0
Tennessee,Putnam,2023,356,258,97,1,0,0,0,109,58,38,0,0,0,356,0
Tennessee,Roane,2023,357,258,97,2,0,0,0,106,57,36,0,0,0,357,0
Tennessee,Sevier,2023,268,205,60,3,0,0,0,115,64,45,0,0,268,0,0
Tennessee,Shelby,2023,365,155,201,9,0,0,0,140,74,52,0,0,164,200,1
Tennessee,Sullivan,2023,363,277,84,2,0,0,0,118,62,42,0,0,170,193,0
Tennessee,Sumner,2023,353,242,104,7,0,0,0,133,64,45,0,0,160,193,0
Tennessee,Williamson,2023,244,197,45,2,0,0,0,122,61,43,0,0,244,0,0
Tennessee,Wilson,2023,244,211,29,4,0,0,0,126,54,42,0,0,244,0,0
Texas,Atascosa,2023,330,210,120,0,0,0,0,86,64,42,0,0,0,330,0
Texas,Bell,2023,365,231,128,6,0,0,0,133,74,44,0,0,246,119,0
Texas,Bexar,2023,365,164,189,10,1,0,1,309,79,52,0,1,141,223,0
Texas,Bowie,2023,321,130,190,1,0,0,0,107,65,53,0,0,0,321,0
Texas,Brazoria,2023,365,301,47,16,1,0,0,156,67,36,0,7,336,22,0
Texas,Brazos,2023,348,233,115,0,0,0,0,79,60,39,0,0,0,348,0
Texas,Brewster,2023,359,262,96,1,0,0,0,101,58,43,0,0,228,131,0
Texas,Cameron,2023,365,161,198,6,0,0,0,141,77,54,0,0,103,262,0
Texas,Collin,2023,356,261,74,19,2,0,0,154,80,41,0,0,356,0,0
Texas,Culberson,2023,107,101,6,0,0,0,0,89,44,20,0,0,0,107,0
Texas,Dallas,2023,365,122,216,26,1,0,0,172,84,55,0,5,124,233,3
Texas,Denton,2023,365,200,133,27,5,0,0,177,93,49,0,2,247,116,0
Texas,Ector,2023,355,285,70,0,0,0,0,84,56,33,0,0,0,355,0
Texas,El Paso,2023,365,69,277,18,1,0,0,155,90,64,0,5,109,206,45
Texas,Ellis,2023,348,286,60,2,0,0,0,112,61,36,0,20,328,0,0
Texas,Galveston,2023,362,177,164,19,2,0,0,159,74,51,0,5,170,187,0
Texas,Gregg,2023,365,304,59,1,1,0,0,151,67,35,0,1,364,0,0
Texas,Harris,2023,365,44,273,38,9,1,0,205,121,64,0,1,102,239,23
Texas,Harrison,2023,359,207,151,1,0,0,0,111,65,47,0,1,136,222,0
Texas,Hidalgo,2023,357,206,151,0,0,0,0,95,68,44,0,0,19,338,0
Texas,Hood,2023,361,289,61,11,0,0,0,143,74,39,0,0,361,0,0
Texas,Hunt,2023,359,314,43,2,0,0,0,119,54,37,0,11,348,0,0
Texas,Jefferson,2023,365,140,216,8,1,0,0,154,77,54,0,0,123,242,0
Texas,Johnson,2023,362,283,71,8,0,0,0,126,74,38,0,0,362,0,0
Texas,Karnes,2023,357,357,0,0,0,0,0,29,16,7,0,357,0,0,0
Texas,Kaufman,2023,364,222,133,8,1,0,0,159,71,46,0,0,213,151,0
Texas,Kleberg,2023,329,190,139,0,0,0,0,89,66,44,0,0,0,329,0
Texas,Lubbock,2023,364,323,40,0,1,0,0,161,52,25,0,0,0,364,0
Texas,Maverick,2023,330,239,90,1,0,0,0,101,63,34,0,0,0,330,0
Texas,McLennan,2023,365,169,188,8,0,0,0,129,75,52,4,0,123,238,0
Texas,Montgomery,2023,364,151,204,9,0,0,0,122,75,53,0,0,148,216,0
Texas,Navarro,2023,364,217,147,0,0,0,0,100,69,46,0,0,190,174,0
Texas,Nueces,2023,365,196,167,2,0,0,0,101,71,48,0,0,134,231,0
Texas,Orange,2023,365,213,151,1,0,0,0,101,63,46,0,3,127,235,0
Texas,Parker,2023,358,301,50,7,0,0,0,140,61,39,0,0,358,0,0
Texas,Polk,2023,356,324,32,0,0,0,0,100,50,37,0,0,356,0,0
Texas,Potter,2023,360,318,40,2,0,0,0,125,52,26,0,0,0,360,0
Texas,Randall,2023,363,270,92,1,0,0,0,112,71,44,0,0,363,0,0
Texas,Rockwall,2023,342,320,22,0,0,0,0,100,47,34,0,0,342,0,0
Texas,Smith,2023,364,296,64,4,0,0,0,119,67,38,0,3,361,0,0
Texas,Tarrant,2023,365,99,239,23,4,0,0,172,93,57,0,4,122,239,0
Texas,Travis,2023,365,147,207,11,0,0,0,122,79,54,0,4,107,254,0
Texas,Victoria,2023,356,345,11,0,0,0,0,74,44,31,0,0,356,0,0
Texas,Webb,2023,365,227,133,5,0,0,0,133,71,44,0,0,161,199,5
Texas,Wilson,2023,292,292,0,0,0,0,0,36,18,7,0,292,0,0,0
Utah,Box Elder,2023,360,302,58,0,0,0,0,96,54,38,0,33,223,104,0
Utah,Cache,2023,365,219,138,4,4,0,0,187,71,48,0,0,244,121,0
Utah,Carbon,2023,363,329,34,0,0,0,0,70,50,42,0,0,343,20,0
Utah,Davis,2023,365,211,141,12,1,0,0,151,84,47,0,22,254,87,2
Utah,Duchesne,2023,365,180,151,22,11,1,0,215,99,51,0,0,289,72,4
Utah,Garfield,2023,121,121,0,0,0,0,0,38,19,10,0,0,0,121,0
Utah,Grand,2023,261,144,117,0,0,0,0,80,64,49,0,2,170,89,0
Utah,Iron,2023,365,309,55,1,0,0,0,103,54,42,0,16,310,39,0
Utah,Salt Lake,2023,365,149,200,15,1,0,0,154,90,54,0,23,214,120,8
Utah,San Juan,2023,357,267,90,0,0,0,0,87,61,45,0,0,353,4,0
Utah,Tooele,2023,365,248,117,0,0,0,0,97,71,45,0,0,294,71,0
Utah,Uintah,2023,365,184,144,16,18,3,0,215,101,50,0,0,324,41,0
Utah,Utah,2023,365,201,163,1,0,0,0,104,74,48,0,1,231,132,1
Utah,Washington,2023,365,291,74,0,0,0,0,90,61,43,0,0,345,20,0
Utah,Wayne,2023,117,115,2,0,0,0,0,54,21,12,0,0,0,117,0
Utah,Weber,2023,365,218,141,6,0,0,0,141,74,47,0,10,279,76,0
Vermont,Bennington,2023,359,290,63,4,2,0,0,157,56,38,0,0,215,144,0
Vermont,Chittenden,2023,365,259,100,4,2,0,0,160,59,42,2,0,192,171,0
Vermont,Rutland,2023,364,267,95,2,0,0,0,147,59,38,1,0,175,188,0
Vermont,Windham,2023,119,112,7,0,0,0,0,95,38,14,0,0,0,119,0
Virgin Islands,St John,2023,116,95,21,0,0,0,0,71,57,22,0,0,0,116,0
Virginia,Albemarle,2023,364,254,104,3,3,0,0,168,64,44,0,0,125,239,0
Virginia,Arlington,2023,365,302,58,3,2,0,0,181,58,38,2,52,259,52,0
Virginia,Bristol City,2023,111,79,30,2,0,0,0,116,62,39,0,0,0,111,0
Virginia,Caroline,2023,243,224,19,0,0,0,0,97,50,40,0,0,243,0,0
Virginia,Carroll,2023,55,55,0,0,0,0,0,45,19,9,0,0,0,0,55
Virginia,Charles,2023,365,273,89,2,1,0,0,151,59,40,0,7,124,234,0
Virginia,Chesterfield,2023,278,242,35,1,0,0,0,139,54,41,0,0,207,71,0
Virginia,Fairfax,2023,365,217,138,7,2,1,0,222,69,46,0,19,130,216,0
Virginia,Fauquier,2023,242,223,17,2,0,0,0,115,49,39,0,0,242,0,0
Virginia,Frederick,2023,363,240,114,5,4,0,0,185,66,44,0,0,125,238,0
Virginia,Giles,2023,361,324,36,1,0,0,0,101,51,39,0,0,361,0,0
Virginia,Hampton City,2023,365,241,122,1,1,0,0,174,63,43,0,0,132,233,0
Virginia,Hanover,2023,229,213,15,1,0,0,0,101,50,40,0,0,229,0,0
Virginia,Henrico,2023,365,221,140,3,1,0,0,159,64,46,1,3,141,220,0
Virginia,Hopewell City,2023,59,59,0,0,0,0,0,50,15,7,0,0,0,0,59
Virginia,Loudoun,2023,364,306,54,2,2,0,0,167,58,39,0,20,303,41,0
Virginia,Lynchburg City,2023,119,93,24,2,0,0,0,135,58,34,0,0,0,119,0
Virginia,Madison,2023,330,279,45,4,2,0,0,157,58,42,0,0,281,49,0
Virginia,Norfolk City,2023,364,334,30,0,0,0,0,96,47,18,7,264,0,92,1
Virginia,Prince Edward,2023,360,351,9,0,0,0,0,74,44,34,0,0,360,0,0
Virginia,Prince William,2023,365,329,33,3,0,0,0,129,50,37,0,4,361,0,0
Virginia,Richmond City,2023,365,227,134,1,3,0,0,158,62,45,0,41,0,324,0
Virginia,Roanoke,2023,365,251,110,3,1,0,0,158,62,43,0,5,135,225,0
Virginia,Rockbridge,2023,284,261,21,0,1,1,0,240,49,37,0,0,221,63,0
Virginia,Rockingham,2023,365,322,40,2,1,0,0,168,53,37,0,93,215,57,0
Virginia,Salem City,2023,120,87,32,1,0,0,0,146,61,36,0,0,0,120,0
Virginia,Stafford,2023,365,332,31,1,1,0,0,169,50,37,0,0,365,0,0
Virginia,Suffolk City,2023,245,230,14,1,0,0,0,115,48,40,0,0,245,0,0
Virginia,Virginia Beach City,2023,364,246,117,0,1,0,0,167,60,41,0,0,0,364,0
Virginia,Wythe,2023,244,224,20,0,0,0,0,87,49,40,0,0,244,0,0
Washington,Adams,2023,365,330,32,1,0,2,0,267,50,21,0,0,0,365,0
Washington,Asotin,2023,359,184,169,4,1,1,0,204,67,49,0,0,0,359,0
Washington,Benton,2023,365,262,99,1,1,2,0,261,61,41,0,0,117,228,20
Washington,Chelan,2023,365,280,80,1,2,2,0,266,59,34,0,0,0,365,0
Washington,Clallam,2023,365,307,57,1,0,0,0,101,53,37,0,0,186,179,0
Washington,Clark,2023,365,281,82,0,2,0,0,153,59,35,0,0,117,248,0
Washington,Columbia,2023,365,319,43,0,2,1,0,259,52,39,0,0,256,109,0
Washington,Cowlitz,2023,365,323,42,0,0,0,0,89,52,22,0,0,0,365,0
Washington,Franklin,2023,307,270,32,2,0,3,0,255,52,26,0,0,0,307,0
Washington,Garfield,2023,365,340,23,0,1,1,0,244,41,17,0,0,0,365,0
Washington,Grant,2023,365,300,59,3,0,2,1,301,57,32,0,0,0,365,0
Washington,Grays Harbor,2023,365,339,26,0,0,0,0,80,43,23,0,0,0,365,0
Washington,Jefferson,2023,350,336,14,0,0,0,0,88,39,21,0,0,0,350,0
Washington,King,2023,365,214,145,5,1,0,0,165,63,46,0,6,86,273,0
Washington,Kitsap,2023,349,323,25,1,0,0,0,115,44,22,0,0,0,349,0
Washington,Kittitas,2023,365,287,74,1,1,2,0,254,58,29,0,0,0,365,0
Washington,Klickitat,2023,118,109,8,1,0,0,0,128,47,20,0,0,0,118,0
Washington,Lewis,2023,362,314,46,1,1,0,0,159,54,25,0,0,0,362,0
Washington,Mason,2023,363,313,49,1,0,0,0,106,53,24,0,0,0,363,0
Washington,Okanogan,2023,365,185,171,2,5,2,0,299,73,49,0,0,0,365,0
Washington,Pacific,2023,92,87,5,0,0,0,0,56,35,20,0,0,0,92,0
Washington,Pierce,2023,365,273,89,0,3,0,0,195,62,42,0,2,213,150,0
Washington,Skagit,2023,365,336,29,0,0,0,0,93,48,30,0,0,80,285,0
Washington,Snohomish,2023,365,246,116,2,1,0,0,175,64,38,0,0,0,365,0
Washington,Spokane,2023,365,257,104,1,1,1,1,447,65,42,0,0,127,232,6
Washington,Stevens,2023,365,204,153,4,2,2,0,271,70,46,0,0,0,353,12
Washington,Thurston,2023,358,327,31,0,0,0,0,82,48,28,0,0,140,218,0
Washington,Walla Walla,2023,365,300,61,1,1,1,1,305,55,28,0,0,0,263,102
Washington,Whatcom,2023,360,327,33,0,0,0,0,94,49,31,0,0,127,233,0
Washington,Whitman,2023,365,323,40,0,0,1,1,326,53,26,0,0,0,365,0
Washington,Yakima,2023,365,203,158,1,1,2,0,233,69,46,0,0,0,363,2
West Virginia,Berkeley,2023,277,206,66,4,1,0,0,171,64,44,0,0,209,68,0
West Virginia,Brooke,2023,362,316,43,2,1,0,0,183,52,19,0,0,0,118,244
West Virginia,Cabell,2023,273,210,62,1,0,0,0,144,61,44,0,0,195,78,0
West Virginia,Greenbrier,2023,242,227,15,0,0,0,0,87,48,38,0,0,242,0,0
West Virginia,Hancock,2023,364,287,71,5,1,0,0,181,61,36,0,0,188,72,104
West Virginia,Harrison,2023,107,82,24,0,1,0,0,166,61,39,0,0,0,107,0
West Virginia,Kanawha,2023,361,254,106,0,1,0,0,153,58,42,0,0,136,225,0
West Virginia,Marion,2023,118,84,33,0,1,0,0,170,58,39,0,0,0,118,0
West Virginia,Marshall,2023,354,149,202,1,1,1,0,213,68,52,0,0,0,354,0
West Virginia,Monongalia,2023,277,227,49,0,1,0,0,169,59,42,0,0,214,63,0
West Virginia,Ohio,2023,280,224,52,3,1,0,0,184,61,41,0,0,207,73,0
West Virginia,Tucker,2023,363,331,32,0,0,0,0,91,49,36,0,0,348,15,0
West Virginia,Wood,2023,269,213,53,2,1,0,0,166,61,41,0,0,191,78,0
Wisconsin,Ashland,2023,365,272,87,6,0,0,0,115,64,40,0,0,209,156,0
Wisconsin,Brown,2023,365,216,136,8,5,0,0,179,74,44,0,0,107,258,0
Wisconsin,Columbia,2023,203,133,52,16,2,0,0,159,93,44,0,0,203,0,0
Wisconsin,Dane,2023,365,184,157,20,1,3,0,268,80,50,0,0,105,260,0
Wisconsin,Dodge,2023,365,213,133,14,2,3,0,210,77,46,0,0,182,183,0
Wisconsin,Door,2023,204,155,40,8,1,0,0,159,87,41,0,0,204,0,0
Wisconsin,Eau Claire,2023,365,210,137,13,5,0,0,164,78,46,0,0,110,254,1
Wisconsin,Fond du Lac,2023,204,162,38,4,0,0,0,122,67,41,0,0,204,0,0
Wisconsin,Forest,2023,363,252,99,9,3,0,0,178,69,42,0,0,203,160,0
Wisconsin,Grant,2023,365,198,160,4,2,1,0,221,68,48,0,0,0,365,0
Wisconsin,Jackson,2023,362,253,103,4,2,0,0,157,61,33,0,0,0,362,0
Wisconsin,Jefferson,2023,203,145,43,15,0,0,0,140,97,44,0,0,203,0,0
Wisconsin,Kenosha,2023,365,201,139,20,4,1,0,206,87,48,0,0,166,199,0
Wisconsin,Kewaunee,2023,203,142,53,6,2,0,0,182,87,43,0,0,203,0,0
Wisconsin,La Crosse,2023,339,199,130,5,5,0,0,181,80,45,0,0,119,220,0
Wisconsin,Manitowoc,2023,205,162,40,2,1,0,0,177,71,40,0,0,205,0,0
Wisconsin,Marathon,2023,216,168,39,8,1,0,0,166,84,41,0,0,205,11,0
Wisconsin,Milwaukee,2023,365,166,180,15,2,2,0,250,82,52,0,5,102,258,0
Wisconsin,Monroe,2023,365,252,108,3,2,0,0,173,60,37,0,0,0,365,0
Wisconsin,Outagamie,2023,360,195,152,8,5,0,0,186,78,48,0,0,85,275,0
Wisconsin,Ozaukee,2023,363,219,126,14,2,2,0,210,84,45,0,0,148,215,0
Wisconsin,Racine,2023,203,138,49,14,2,0,0,200,97,44,0,0,203,0,0
Wisconsin,Rock,2023,205,131,52,20,2,0,0,177,108,46,0,0,205,0,0
Wisconsin,Sauk,2023,362,218,123,16,4,1,0,271,77,44,0,0,124,237,1
Wisconsin,Sheboygan,2023,203,132,53,16,1,1,0,207,100,45,0,0,203,0,0
Wisconsin,Taylor,2023,365,239,114,7,5,0,0,169,70,43,0,0,190,175,0
Wisconsin,Vilas,2023,340,247,81,10,2,0,0,168,75,39,0,0,123,217,0
Wisconsin,Walworth,2023,203,138,48,17,0,0,0,143,93,44,0,0,203,0,0
Wisconsin,Waukesha,2023,360,171,167,19,1,2,0,270,80,52,0,0,110,250,0
Wyoming,Albany,2023,365,212,149,4,0,0,0,132,71,48,0,0,289,5,71
Wyoming,Big Horn,2023,359,335,24,0,0,0,0,77,49,39,0,0,359,0,0
Wyoming,Campbell,2023,365,245,113,6,1,0,0,177,67,45,0,0,193,38,134
Wyoming,Carbon,2023,362,362,0,0,0,0,0,33,20,8,0,362,0,0,0
Wyoming,Converse,2023,365,331,34,0,0,0,0,99,49,42,0,1,298,0,66
Wyoming,Fremont,2023,365,215,147,3,0,0,0,110,65,49,0,0,277,88,0
Wyoming,Johnson,2023,364,351,13,0,0,0,0,64,47,40,0,2,350,0,12
Wyoming,Laramie,2023,365,275,85,4,1,0,0,156,61,45,0,1,304,53,7
Wyoming,Lincoln,2023,365,298,67,0,0,0,0,97,58,44,0,9,344,5,7
Wyoming,Natrona,2023,365,344,20,1,0,0,0,102,49,42,0,4,338,23,0
Wyoming,Park,2023,360,343,16,1,0,0,0,122,33,14,0,0,0,360,0
Wyoming,Platte,2023,364,334,25,1,3,0,1,320,47,14,0,0,0,0,364
Wyoming,Sheridan,2023,365,283,79,2,1,0,0,175,59,43,0,0,247,112,6
Wyoming,Sublette,2023,365,237,122,6,0,0,0,122,77,47,0,0,361,4,0
Wyoming,Sweetwater,2023,365,253,103,8,0,1,0,211,71,47,0,0,328,8,29
Wyoming,Teton,2023,365,321,44,0,0,0,0,75,51,43,0,0,351,14,0
Wyoming,Uinta,2023,365,365,0,0,0,0,0,32,12,6,0,0,0,0,365
Wyoming,Weston,2023,347,315,32,0,0,0,0,90,50,42,0,0,347,0,0
Alabama,Baldwin,2024,210,181,29,0,0,0,0,84,53,39,0,0,98,112,0
Alabama,Clay,2024,212,176,36,0,0,0,0,75,53,29,0,0,0,212,0
Alabama,DeKalb,2024,244,182,62,0,0,0,0,87,58,44,0,0,170,74,0
Alabama,Elmore,2024,144,142,2,0,0,0,0,58,47,37,0,0,144,0,0
Alabama,Etowah,2024,212,125,87,0,0,0,0,93,61,47,0,0,57,155,0
Alabama,Jefferson,2024,22,16,6,0,0,0,0,88,67,40,0,0,0,22,0
Alabama,Lawrence,2024,17,14,3,0,0,0,0,72,57,19,0,0,0,17,0
Alabama,Madison,2024,181,124,57,0,0,0,0,89,58,44,0,0,76,105,0
Alabama,Mobile,2024,212,135,77,0,0,0,0,80,58,46,0,0,59,152,1
Alabama,Montgomery,2024,205,138,67,0,0,0,0,75,57,44,0,0,67,137,1
Alabama,Morgan,2024,213,144,69,0,0,0,0,79,59,45,0,0,72,141,0
Alabama,Russell,2024,168,137,31,0,0,0,0,98,55,42,0,0,117,51,0
Alabama,Shelby,2024,153,141,12,0,0,0,0,97,48,39,0,0,153,0,0
Alabama,Sumter,2024,213,185,28,0,0,0,0,72,52,35,0,0,86,127,0
Alabama,Tuscaloosa,2024,212,185,25,2,0,0,0,125,53,36,0,0,108,104,0
Alaska,Aleutians East ,2024,20,19,1,0,0,0,0,53,46,19,0,0,0,20,0
Alaska,Anchorage ,2024,183,145,38,0,0,0,0,80,58,24,6,0,0,98,79
Alaska,Denali ,2024,243,240,3,0,0,0,0,58,44,36,0,0,243,0,0
Alaska,Fairbanks North Star ,2024,183,97,68,11,5,1,1,325,99,48,1,0,65,116,1
Alaska,Juneau ,2024,175,150,25,0,0,0,0,73,54,24,0,0,0,175,0
Alaska,Kenai Peninsula ,2024,20,20,0,0,0,0,0,16,14,7,0,0,0,20,0
Alaska,Matanuska-Susitna ,2024,177,159,18,0,0,0,0,74,51,16,0,0,0,154,23
Alaska,North Slope ,2024,20,20,0,0,0,0,0,32,22,8,0,0,0,20,0
Arizona,Apache,2024,270,270,0,0,0,0,0,49,26,12,0,0,0,19,251
Arizona,Cochise,2024,274,163,98,11,1,0,1,307,80,49,0,0,231,0,43
Arizona,Coconino,2024,273,172,96,5,0,0,0,136,77,47,0,0,273,0,0
Arizona,Gila,2024,274,123,122,27,2,0,0,159,101,54,0,0,259,0,15
Arizona,La Paz,2024,271,142,125,4,0,0,0,105,77,50,0,0,267,4,0
Arizona,Maricopa,2024,275,47,194,30,3,1,0,261,107,70,1,1,197,61,15
Arizona,Mohave,2024,268,264,4,0,0,0,0,69,30,19,0,0,0,0,268
Arizona,Navajo,2024,274,274,0,0,0,0,0,45,19,11,0,0,0,6,268
Arizona,Pima,2024,275,105,159,9,2,0,0,171,90,58,1,0,201,43,30
Arizona,Pinal,2024,260,81,147,30,1,1,0,289,108,64,0,0,182,34,44
Arizona,Santa Cruz,2024,270,203,64,2,0,0,1,494,63,38,0,0,0,216,54
Arizona,Yavapai,2024,273,145,126,2,0,0,0,115,84,50,0,0,273,0,0
Arizona,Yuma,2024,274,169,103,2,0,0,0,102,74,46,0,0,177,47,50
Arkansas,Arkansas,2024,91,54,37,0,0,0,0,98,59,46,0,0,0,91,0
Arkansas,Ashley,2024,92,57,35,0,0,0,0,96,60,43,0,0,0,92,0
Arkansas,Clark,2024,238,223,15,0,0,0,0,67,48,36,0,0,238,0,0
Arkansas,Crittenden,2024,274,218,51,5,0,0,0,133,59,42,0,1,225,48,0
Arkansas,Garland,2024,77,40,37,0,0,0,0,97,62,50,0,0,0,77,0
Arkansas,Jackson,2024,89,64,25,0,0,0,0,95,58,39,0,0,0,89,0
Arkansas,Newton,2024,274,262,12,0,0,0,0,79,48,39,0,0,269,5,0
Arkansas,Polk,2024,232,180,51,0,1,0,0,167,57,41,0,0,161,71,0
Arkansas,Pulaski,2024,275,104,167,3,0,1,0,205,74,53,1,0,56,218,0
Arkansas,Union,2024,92,47,45,0,0,0,0,93,63,49,0,0,0,92,0
Arkansas,Washington,2024,274,226,47,1,0,0,0,101,54,43,0,0,219,55,0
California,Alameda,2024,61,52,9,0,0,0,0,63,55,39,1,2,18,40,0
California,Amador,2024,179,152,27,0,0,0,0,100,61,39,0,0,179,0,0
California,Butte,2024,193,145,48,0,0,0,0,93,61,42,1,0,145,46,1
California,Calaveras,2024,151,121,29,1,0,0,0,101,64,41,0,0,121,30,0
California,Colusa,2024,274,36,238,0,0,0,0,75,62,55,0,0,16,258,0
California,Contra Costa,2024,61,42,19,0,0,0,0,67,58,42,1,0,13,47,0
California,Del Norte,2024,129,108,21,0,0,0,0,66,53,34,0,0,0,129,0
California,El Dorado,2024,182,141,36,5,0,0,0,115,67,41,0,0,178,1,3
California,Fresno,2024,244,73,131,33,7,0,0,169,115,61,0,0,162,80,2
California,Glenn,2024,152,138,14,0,0,0,0,61,50,38,0,0,112,38,2
California,Humboldt,2024,305,269,36,0,0,0,0,86,52,35,0,0,110,188,7
California,Imperial,2024,192,65,107,20,0,0,0,136,101,56,0,1,113,53,25
California,Inyo,2024,272,93,162,10,2,1,4,1322,88,59,0,0,159,57,56
California,Kern,2024,274,74,184,15,1,0,0,156,91,61,0,0,120,105,49
California,Kings,2024,182,86,92,3,1,0,0,156,82,52,0,0,97,80,5
California,Lake,2024,31,31,0,0,0,0,0,36,26,15,0,0,0,31,0
California,Los Angeles,2024,245,36,124,45,34,6,0,230,164,75,1,1,150,90,3
California,Madera,2024,182,119,60,3,0,0,0,122,64,45,0,0,132,50,0
California,Marin,2024,61,59,2,0,0,0,0,59,38,29,1,3,47,10,0
California,Mariposa,2024,244,175,65,4,0,0,0,133,77,45,0,0,232,12,0
California,Merced,2024,182,110,67,5,0,0,0,133,74,47,0,0,124,57,1
California,Mono,2024,182,170,12,0,0,0,0,69,40,18,0,0,0,91,91
California,Monterey,2024,183,150,33,0,0,0,0,68,54,39,1,0,115,65,2
California,Nevada,2024,182,159,23,0,0,0,0,97,51,34,0,0,135,47,0
California,Orange,2024,245,105,133,7,0,0,0,126,71,52,1,8,102,133,1
California,Placer,2024,213,116,82,15,0,0,0,140,93,49,0,0,163,50,0
California,Plumas,2024,184,89,92,3,0,0,0,107,84,52,0,0,0,184,0
California,Riverside,2024,245,37,114,52,35,7,0,213,174,84,1,0,157,65,22
California,Sacramento,2024,243,167,73,3,0,0,0,119,62,44,0,0,115,128,0
California,San Benito,2024,244,181,62,1,0,0,0,105,58,42,0,0,179,65,0
California,San Bernardino,2024,245,40,107,34,43,21,0,227,187,87,1,2,173,59,10
California,San Diego,2024,254,124,111,18,1,0,0,159,93,51,0,0,203,51,0
California,San Francisco,2024,60,60,0,0,0,0,0,38,33,29,0,26,34,0,0
California,San Joaquin,2024,182,118,64,0,0,0,0,90,65,44,0,0,70,109,3
California,San Luis Obispo,2024,182,128,53,1,0,0,0,101,64,44,0,0,146,36,0
California,San Mateo,2024,61,42,19,0,0,0,0,64,56,44,1,0,10,50,0
California,Santa Barbara,2024,183,126,56,1,0,0,0,108,57,44,1,0,100,79,3
California,Santa Clara,2024,61,44,17,0,0,0,0,80,56,37,1,1,28,31,0
California,Santa Cruz,2024,182,151,31,0,0,0,0,66,53,39,0,0,74,108,0
California,Shasta,2024,211,178,32,1,0,0,0,108,54,43,0,0,184,18,9
California,Siskiyou,2024,17,17,0,0,0,0,0,11,9,3,0,0,0,17,0
California,Solano,2024,274,255,19,0,0,0,0,80,48,37,0,2,250,22,0
California,Sonoma,2024,182,181,1,0,0,0,0,53,34,14,2,0,44,14,122
California,Stanislaus,2024,184,109,71,4,0,0,0,143,74,47,0,0,109,74,1
California,Sutter,2024,182,139,41,2,0,0,0,105,58,44,0,0,142,40,0
California,Tehama,2024,182,151,30,1,0,0,0,105,64,38,0,0,156,26,0
California,Trinity,2024,174,141,32,1,0,0,0,113,55,26,0,0,0,174,0
California,Tulare,2024,244,72,102,54,16,0,0,185,140,65,0,0,172,71,1
California,Tuolumne,2024,178,160,17,1,0,0,0,101,51,38,0,0,178,0,0
California,Ventura,2024,213,120,89,4,0,0,0,122,68,48,0,0,136,76,1
California,Yolo,2024,274,204,70,0,0,0,0,90,60,43,0,0,187,87,0
Colorado,Adams,2024,274,111,141,20,2,0,0,161,100,54,0,18,174,54,28
Colorado,Alamosa,2024,243,228,15,0,0,0,0,98,39,23,0,0,0,201,42
Colorado,Arapahoe,2024,244,116,111,15,2,0,0,161,93,51,0,0,232,12,0
Colorado,Archuleta,2024,304,295,9,0,0,0,0,64,44,32,0,0,213,0,91
Colorado,Boulder,2024,274,165,99,9,1,0,0,154,80,48,0,0,169,95,10
Colorado,Clear Creek,2024,236,120,106,10,0,0,0,136,87,50,0,0,236,0,0
Colorado,Denver,2024,285,111,146,25,3,0,0,172,100,55,0,28,161,96,0
Colorado,Douglas,2024,271,139,107,21,4,0,0,166,100,50,0,0,224,47,0
Colorado,El Paso,2024,274,141,119,12,2,0,0,166,84,50,0,0,224,50,0
Colorado,Fremont,2024,274,273,1,0,0,0,0,51,26,13,0,0,0,0,274
Colorado,Garfield,2024,274,178,93,3,0,0,0,133,71,48,0,0,269,5,0
Colorado,Gilpin,2024,243,144,87,12,0,0,0,150,84,49,0,0,243,0,0
Colorado,Gunnison,2024,243,150,93,0,0,0,0,100,71,48,0,0,243,0,0
Colorado,Jackson,2024,180,157,23,0,0,0,0,77,51,45,0,0,170,10,0
Colorado,Jefferson,2024,244,103,105,29,7,0,0,174,108,58,0,0,244,0,0
Colorado,La Plata,2024,305,181,123,1,0,0,0,101,74,48,0,2,293,10,0
Colorado,Larimer,2024,274,124,127,21,2,0,0,161,93,54,0,0,214,60,0
Colorado,Mesa,2024,273,222,51,0,0,0,0,90,58,42,0,0,198,71,4
Colorado,Montezuma,2024,274,180,93,1,0,0,0,101,71,47,0,0,274,0,0
Colorado,Pitkin,2024,159,155,4,0,0,0,0,76,36,17,0,0,0,49,110
Colorado,Prowers,2024,274,245,29,0,0,0,0,98,51,26,0,0,0,212,62
Colorado,Pueblo,2024,274,173,93,8,0,0,0,143,77,47,0,0,220,48,6
Colorado,Rio Blanco,2024,182,133,49,0,0,0,0,90,64,46,0,0,180,2,0
Colorado,Routt,2024,273,272,1,0,0,0,0,53,29,13,0,0,0,0,273
Colorado,San Juan,2024,19,19,0,0,0,0,0,7,6,4,0,0,0,19,0
Colorado,San Miguel,2024,269,266,3,0,0,0,0,59,27,15,0,0,0,0,269
Colorado,Weld,2024,274,118,138,16,2,0,0,164,90,52,0,0,192,82,0
Connecticut,Fairfield,2024,182,132,39,8,3,0,0,154,71,42,0,11,107,64,0
Connecticut,Hartford,2024,182,143,33,5,1,0,0,185,57,39,0,8,121,53,0
Connecticut,Litchfield,2024,181,153,22,6,0,0,0,119,58,40,2,0,170,9,0
Connecticut,Middlesex,2024,119,100,15,3,1,0,0,177,64,41,0,0,119,0,0
Connecticut,New Haven,2024,183,132,43,7,1,0,0,156,59,42,1,7,111,64,0
Connecticut,New London,2024,182,158,21,3,0,0,0,122,53,38,0,0,108,74,0
Connecticut,Tolland,2024,118,101,12,4,1,0,0,156,67,39,0,0,118,0,0
Connecticut,Windham,2024,238,222,14,2,0,0,0,122,47,36,0,0,238,0,0
Country Of Mexico,SONORA,2024,274,121,150,2,1,0,0,173,77,52,0,0,87,89,98
Delaware,Kent,2024,153,113,40,0,0,0,0,93,58,43,0,0,95,58,0
Delaware,New Castle,2024,182,117,62,3,0,0,0,115,65,44,0,0,118,64,0
Delaware,Sussex,2024,182,149,33,0,0,0,0,87,54,42,0,0,132,50,0
District Of Columbia,District of Columbia,2024,183,118,62,3,0,0,0,114,64,45,1,10,101,71,0
Florida,Alachua,2024,182,155,27,0,0,0,0,94,52,41,0,0,102,80,0
Florida,Baker,2024,182,130,52,0,0,0,0,87,56,45,0,0,57,125,0
Florida,Bay,2024,180,93,87,0,0,0,0,72,60,49,0,0,41,139,0
Florida,Brevard,2024,182,148,34,0,0,0,0,74,54,43,0,0,152,30,0
Florida,Broward,2024,183,87,95,0,1,0,0,154,64,51,1,2,62,117,1
Florida,Citrus,2024,182,126,55,0,0,1,0,272,56,44,0,0,0,182,0
Florida,Collier,2024,182,125,57,0,0,0,0,87,58,45,0,0,70,112,0
Florida,Columbia,2024,182,110,72,0,0,0,0,93,60,47,0,0,63,119,0
Florida,Duval,2024,274,141,133,0,0,0,0,97,64,50,0,1,87,185,1
Florida,Escambia,2024,182,126,56,0,0,0,0,84,59,44,0,0,107,75,0
Florida,Flagler,2024,180,172,8,0,0,0,0,71,48,38,0,0,180,0,0
Florida,Hamilton,2024,171,110,61,0,0,0,0,75,58,46,0,0,0,171,0
Florida,Highlands,2024,181,151,30,0,0,0,0,77,58,41,0,0,181,0,0
Florida,Hillsborough,2024,183,84,96,3,0,0,0,143,71,52,1,0,72,110,0
Florida,Holmes,2024,181,105,76,0,0,0,0,72,58,48,0,0,46,135,0
Florida,Indian River,2024,235,234,1,0,0,0,0,51,44,35,0,0,235,0,0
Florida,Lake,2024,182,152,30,0,0,0,0,100,54,41,0,0,182,0,0
Florida,Lee,2024,182,161,21,0,0,0,0,80,54,38,0,0,182,0,0
Florida,Leon,2024,177,115,61,1,0,0,0,129,62,45,0,0,61,116,0
Florida,Liberty,2024,211,208,3,0,0,0,0,54,44,32,0,0,211,0,0
Florida,Manatee,2024,182,160,21,1,0,0,0,115,51,39,0,0,182,0,0
Florida,Marion,2024,182,75,106,1,0,0,0,101,61,52,0,0,45,137,0
Florida,Martin,2024,180,156,24,0,0,0,0,71,53,41,0,0,136,44,0
Florida,Miami-Dade,2024,182,99,79,1,3,0,0,197,61,50,0,6,57,119,0
Florida,Okaloosa,2024,182,167,15,0,0,0,0,74,50,38,0,0,179,0,3
Florida,Orange,2024,275,204,69,2,0,0,0,121,59,42,1,1,175,98,0
Florida,Osceola,2024,182,155,26,1,0,0,0,108,51,41,0,0,182,0,0
Florida,Palm Beach,2024,274,177,97,0,0,0,0,76,58,45,0,0,83,191,0
Florida,Pasco,2024,182,149,33,0,0,0,0,97,61,42,0,0,182,0,0
Florida,Pinellas,2024,275,150,122,3,0,0,0,132,61,49,1,0,83,189,2
Florida,Polk,2024,182,118,63,1,0,0,0,105,58,46,0,0,95,87,0
Florida,Putnam,2024,178,164,13,1,0,0,0,112,47,22,0,0,0,0,178
Florida,Santa Rosa,2024,182,118,64,0,0,0,0,81,59,46,0,0,72,110,0
Florida,Sarasota,2024,274,171,102,1,0,0,0,115,63,46,0,0,101,173,0
Florida,Seminole,2024,182,127,54,1,0,0,0,149,61,44,0,0,112,70,0
Florida,St. Lucie,2024,181,173,8,0,0,0,0,64,48,39,0,0,181,0,0
Florida,Volusia,2024,182,144,38,0,0,0,0,76,53,42,0,0,99,83,0
Florida,Wakulla,2024,181,130,51,0,0,0,0,80,56,43,0,0,70,111,0
Georgia,Bibb,2024,274,136,136,2,0,0,0,123,66,51,0,0,40,234,0
Georgia,Charlton,2024,20,18,2,0,0,0,0,81,51,27,0,0,0,20,0
Georgia,Chatham,2024,270,182,87,1,0,0,0,130,58,43,0,0,64,206,0
Georgia,Chattooga,2024,182,173,9,0,0,0,0,77,49,39,0,0,182,0,0
Georgia,Clarke,2024,272,170,100,2,0,0,0,126,63,45,0,0,90,182,0
Georgia,Clayton,2024,169,94,73,2,0,0,0,128,64,45,0,0,0,169,0
Georgia,Cobb,2024,272,152,120,0,0,0,0,86,65,48,0,0,63,209,0
Georgia,Coffee,2024,269,178,90,1,0,0,0,137,59,44,0,0,0,269,0
Georgia,Columbia,2024,131,122,9,0,0,0,0,90,49,37,0,0,131,0,0
Georgia,Dawson,2024,214,195,18,0,1,0,0,154,49,39,0,0,214,0,0
Georgia,DeKalb,2024,306,167,133,6,0,0,0,133,69,47,33,9,69,195,0
Georgia,Dougherty,2024,268,164,100,4,0,0,0,121,63,46,0,0,0,268,0
Georgia,Douglas,2024,244,208,34,2,0,0,0,133,64,41,0,0,244,0,0
Georgia,Floyd,2024,271,187,84,0,0,0,0,89,60,38,0,0,0,271,0
Georgia,Fulton,2024,306,162,140,4,0,0,0,129,68,49,32,14,64,196,0
Georgia,Glynn,2024,274,225,49,0,0,0,0,84,55,38,0,0,98,176,0
Georgia,Gwinnett,2024,274,117,156,0,1,0,0,161,72,53,0,0,51,223,0
Georgia,Hall,2024,273,121,152,0,0,0,0,100,69,52,0,0,0,273,0
Georgia,Henry,2024,273,195,72,6,0,0,0,133,64,42,0,0,99,174,0
Georgia,Houston,2024,270,186,83,1,0,0,0,105,60,42,0,0,0,270,0
Georgia,Lowndes,2024,241,156,84,1,0,0,0,110,59,43,0,0,0,241,0
Georgia,Murray,2024,198,161,37,0,0,0,0,77,58,41,0,0,179,19,0
Georgia,Muscogee,2024,274,150,117,7,0,0,0,127,66,49,0,0,57,217,0
Georgia,Pike,2024,230,184,42,4,0,0,0,126,64,41,0,0,230,0,0
Georgia,Richmond,2024,270,154,115,1,0,0,0,105,63,47,0,0,59,211,0
Georgia,Rockdale,2024,183,158,23,2,0,0,0,115,58,40,0,0,183,0,0
Georgia,Sumter,2024,184,169,15,0,0,0,0,84,50,39,0,0,184,0,0
Georgia,Walker,2024,271,134,137,0,0,0,0,98,66,51,0,0,0,271,0
Georgia,Washington,2024,269,166,102,1,0,0,0,101,62,44,0,0,0,269,0
Hawaii,Hawaii,2024,241,237,4,0,0,0,0,57,29,20,0,0,0,241,0
Hawaii,Honolulu,2024,183,180,3,0,0,0,0,85,42,34,1,0,108,74,0
Hawaii,Maui,2024,182,181,0,1,0,0,0,101,38,24,0,0,0,182,0
Idaho,Ada,2024,183,144,34,4,1,0,0,157,64,43,1,11,141,29,1
Idaho,Bannock,2024,182,169,13,0,0,0,0,67,47,35,0,0,84,54,44
Idaho,Benewah,2024,181,132,48,1,0,0,0,111,61,40,0,0,0,181,0
Idaho,Blaine,2024,176,176,0,0,0,0,0,44,22,12,0,0,0,176,0
Idaho,Boise,2024,182,150,32,0,0,0,0,76,53,29,0,0,0,182,0
Idaho,Bonner,2024,181,173,8,0,0,0,0,73,43,22,0,0,0,161,20
Idaho,Bonneville,2024,180,176,4,0,0,0,0,60,30,16,0,0,0,180,0
Idaho,Butte,2024,237,188,49,0,0,0,0,97,64,44,0,0,236,1,0
Idaho,Canyon,2024,182,158,22,1,1,0,0,152,53,28,0,0,0,178,4
Idaho,Custer,2024,20,20,0,0,0,0,0,9,7,4,0,0,0,20,0
Idaho,Franklin,2024,127,103,22,1,1,0,0,161,59,21,0,0,0,127,0
Idaho,Idaho,2024,272,183,81,5,2,1,0,217,69,42,0,0,87,185,0
Idaho,Kootenai,2024,173,173,0,0,0,0,0,48,31,17,0,0,0,173,0
Idaho,Latah,2024,182,178,4,0,0,0,0,59,31,19,0,0,0,182,0
Idaho,Lemhi,2024,182,140,41,1,0,0,0,111,67,19,0,0,0,182,0
Idaho,Nez Perce,2024,272,212,56,3,1,0,0,165,63,26,0,0,0,272,0
Idaho,Shoshone,2024,182,130,52,0,0,0,0,91,59,38,0,0,0,180,2
Idaho,Twin Falls,2024,171,158,13,0,0,0,0,59,48,14,0,0,0,171,0
Idaho,Valley,2024,173,158,15,0,0,0,0,73,48,27,0,0,0,173,0
Illinois,Adams,2024,204,189,15,0,0,0,0,97,49,43,0,0,204,0,0
Illinois,Champaign,2024,274,181,93,0,0,0,0,100,60,45,0,0,156,118,0
Illinois,Clark,2024,272,245,27,0,0,0,0,90,50,38,0,0,272,0,0
Illinois,Cook,2024,275,100,164,10,1,0,0,166,87,54,1,16,119,133,6
Illinois,DuPage,2024,274,171,103,0,0,0,0,97,63,45,0,0,121,153,0
Illinois,Effingham,2024,210,192,17,1,0,0,0,101,49,41,0,0,210,0,0
Illinois,Hamilton,2024,274,170,103,1,0,0,0,112,61,46,0,0,101,173,0
Illinois,Jersey,2024,241,172,68,1,0,0,0,112,61,44,0,0,143,98,0
Illinois,Jo Daviess,2024,234,218,16,0,0,0,0,80,48,38,0,0,234,0,0
Illinois,Kane,2024,236,178,57,1,0,0,0,105,64,42,0,0,189,47,0
Illinois,Lake,2024,214,172,37,5,0,0,0,140,74,41,0,0,214,0,0
Illinois,Macon,2024,274,185,88,1,0,0,0,101,60,43,0,0,122,152,0
Illinois,Macoupin,2024,274,255,18,1,0,0,0,105,47,37,0,64,210,0,0
Illinois,Madison,2024,274,140,128,4,2,0,0,165,74,50,0,0,127,147,0
Illinois,McHenry,2024,274,187,86,1,0,0,0,108,61,43,0,0,133,141,0
Illinois,McLean,2024,274,186,87,1,0,0,0,112,61,44,0,0,160,114,0
Illinois,Peoria,2024,252,174,78,0,0,0,0,100,61,44,0,0,146,106,0
Illinois,Randolph,2024,274,214,60,0,0,0,0,100,54,41,0,0,144,130,0
Illinois,Rock Island,2024,274,211,63,0,0,0,0,84,55,44,0,0,159,115,0
Illinois,Saint Clair,2024,274,158,113,3,0,0,0,112,65,47,0,2,94,178,0
Illinois,Sangamon,2024,274,187,86,1,0,0,0,105,58,43,0,0,129,145,0
Illinois,Will,2024,273,182,91,0,0,0,0,84,60,44,0,0,118,155,0
Illinois,Winnebago,2024,274,190,81,3,0,0,0,119,61,44,0,0,146,128,0
Indiana,Allen,2024,274,173,101,0,0,0,0,100,65,45,0,0,175,99,0
Indiana,Bartholomew,2024,305,218,86,1,0,0,0,101,59,44,0,0,207,98,0
Indiana,Boone,2024,270,229,41,0,0,0,0,93,61,40,0,0,270,0,0
Indiana,Brown,2024,305,285,20,0,0,0,0,77,49,39,0,0,305,0,0
Indiana,Carroll,2024,300,256,44,0,0,0,0,90,54,40,0,0,300,0,0
Indiana,Clark,2024,295,175,116,4,0,0,0,150,64,48,0,0,145,150,0
Indiana,Delaware,2024,305,205,100,0,0,0,0,97,62,44,0,0,187,118,0
Indiana,Dubois,2024,274,186,88,0,0,0,0,70,59,41,0,0,0,273,1
Indiana,Elkhart,2024,274,172,102,0,0,0,0,93,64,46,0,0,148,126,0
Indiana,Floyd,2024,274,196,77,0,1,0,0,154,61,43,0,0,173,101,0
Indiana,Greene,2024,270,193,77,0,0,0,0,97,57,43,0,0,153,117,0
Indiana,Hamilton,2024,272,182,89,1,0,0,0,108,61,44,0,0,121,151,0
Indiana,Hendricks,2024,263,245,18,0,0,0,0,80,49,37,0,0,263,0,0
Indiana,Henry,2024,268,208,60,0,0,0,0,75,56,35,0,0,0,268,0
Indiana,Howard,2024,274,168,106,0,0,0,0,93,64,46,0,0,164,110,0
Indiana,Knox,2024,238,203,35,0,0,0,0,90,58,41,0,0,238,0,0
Indiana,LaPorte,2024,274,190,82,2,0,0,0,115,67,43,0,0,218,56,0
Indiana,Lake,2024,274,111,159,3,1,0,0,166,74,52,0,0,106,164,4
Indiana,Madison,2024,305,218,87,0,0,0,0,97,61,44,0,0,204,101,0
Indiana,Marion,2024,305,135,168,2,0,0,0,116,73,52,0,1,120,184,0
Indiana,Monroe,2024,267,216,51,0,0,0,0,61,54,33,0,0,0,267,0
Indiana,Perry,2024,240,202,38,0,0,0,0,90,54,42,0,0,240,0,0
Indiana,Porter,2024,274,171,101,2,0,0,0,112,64,46,0,0,138,123,13
Indiana,Posey,2024,273,253,19,1,0,0,0,122,49,39,0,0,273,0,0
Indiana,Shelby,2024,304,270,34,0,0,0,0,87,51,39,0,0,304,0,0
Indiana,Spencer,2024,75,53,22,0,0,0,0,68,55,38,0,0,0,75,0
Indiana,St. Joseph,2024,274,169,104,1,0,0,0,115,66,47,0,0,167,107,0
Indiana,Tippecanoe,2024,262,189,73,0,0,0,0,67,57,38,0,0,0,262,0
Indiana,Vanderburgh,2024,305,190,113,2,0,0,0,119,63,46,0,0,162,143,0
Indiana,Vigo,2024,274,149,124,1,0,0,0,112,64,48,0,0,116,158,0
Indiana,Wabash,2024,244,217,27,0,0,0,0,84,51,39,0,0,244,0,0
Indiana,Warrick,2024,305,265,39,1,0,0,0,101,51,41,0,0,305,0,0
Indiana,Whitley,2024,274,207,67,0,0,0,0,70,56,34,0,0,0,274,0
Iowa,Black Hawk,2024,304,190,114,0,0,0,0,87,59,44,0,0,0,304,0
Iowa,Bremer,2024,235,208,27,0,0,0,0,74,54,40,0,0,235,0,0
Iowa,Clinton,2024,304,192,112,0,0,0,0,90,60,46,0,0,141,163,0
Iowa,Harrison,2024,244,208,36,0,0,0,0,90,54,42,0,0,244,0,0
Iowa,Johnson,2024,305,217,88,0,0,0,0,83,57,38,0,0,0,305,0
Iowa,Linn,2024,305,196,109,0,0,0,0,79,61,45,0,0,129,176,0
Iowa,Montgomery,2024,294,222,72,0,0,0,0,80,56,43,0,0,144,150,0
Iowa,Muscatine,2024,305,231,74,0,0,0,0,78,55,38,0,0,0,305,0
Iowa,Palo Alto,2024,302,218,84,0,0,0,0,96,60,43,0,0,152,150,0
Iowa,Polk,2024,305,193,112,0,0,0,0,93,59,46,0,2,143,158,2
Iowa,Pottawattamie,2024,89,57,32,0,0,0,0,75,58,42,0,0,0,89,0
Iowa,Scott,2024,306,182,124,0,0,0,0,90,61,47,1,0,141,114,50
Iowa,Van Buren,2024,305,176,128,1,0,0,0,138,59,47,0,0,100,205,0
Iowa,Woodbury,2024,264,215,49,0,0,0,0,84,57,43,0,0,219,45,0
Kansas,Chase,2024,20,18,2,0,0,0,0,94,54,16,0,0,0,20,0
Kansas,Ford,2024,182,174,8,0,0,0,0,80,40,20,0,0,0,61,121
Kansas,Johnson,2024,182,136,46,0,0,0,0,80,58,44,0,0,104,75,3
Kansas,Leavenworth,2024,165,161,4,0,0,0,0,67,48,37,0,0,165,0,0
Kansas,Neosho,2024,182,129,50,2,1,0,0,168,59,44,0,0,96,84,2
Kansas,Sedgwick,2024,182,150,31,0,1,0,0,180,58,40,0,4,162,15,1
Kansas,Shawnee,2024,182,140,41,1,0,0,0,125,61,44,0,0,132,49,1
Kansas,Sherman,2024,140,132,7,1,0,0,0,138,46,23,0,0,0,98,42
Kansas,Sumner,2024,182,133,46,2,1,0,0,196,58,43,0,0,113,67,2
Kansas,Trego,2024,182,139,41,2,0,0,0,127,61,44,0,0,134,44,4
Kansas,Wyandotte,2024,182,95,85,2,0,0,0,126,71,49,0,2,73,96,11
Kentucky,Bell,2024,182,120,62,0,0,0,0,88,63,45,0,0,75,107,0
Kentucky,Boone,2024,122,105,17,0,0,0,0,77,58,41,0,0,122,0,0
Kentucky,Boyd,2024,187,150,37,0,0,0,0,66,54,41,0,1,93,87,6
Kentucky,Bullitt,2024,122,100,21,1,0,0,0,105,58,43,0,0,122,0,0
Kentucky,Campbell,2024,191,152,37,2,0,0,0,105,54,40,0,1,82,108,0
Kentucky,Carter,2024,187,167,20,0,0,0,0,62,51,36,0,0,99,83,5
Kentucky,Christian,2024,181,146,35,0,0,0,0,80,54,42,0,0,81,100,0
Kentucky,Edmonson,2024,243,222,21,0,0,0,0,77,50,40,0,0,236,7,0
Kentucky,Fayette,2024,187,158,29,0,0,0,0,77,53,40,0,3,96,83,5
Kentucky,Greenup,2024,120,115,5,0,0,0,0,74,47,38,0,0,120,0,0
Kentucky,Hancock,2024,107,94,13,0,0,0,0,100,51,43,0,0,107,0,0
Kentucky,Hardin,2024,154,129,25,0,0,0,0,67,53,41,0,0,73,81,0
Kentucky,Jefferson,2024,183,103,77,2,1,0,0,156,64,49,1,4,81,97,0
Kentucky,Jessamine,2024,122,108,14,0,0,0,0,93,51,43,0,0,122,0,0
Kentucky,Livingston,2024,122,115,7,0,0,0,0,90,49,42,0,0,122,0,0
Kentucky,McCracken,2024,179,138,40,1,0,0,0,101,54,43,0,6,82,91,0
Kentucky,Morgan,2024,243,224,19,0,0,0,0,64,49,40,0,0,243,0,0
Kentucky,Oldham,2024,122,103,19,0,0,0,0,93,58,42,0,0,122,0,0
Kentucky,Perry,2024,168,136,31,1,0,0,0,117,56,42,0,0,89,79,0
Kentucky,Pike,2024,182,158,24,0,0,0,0,70,53,38,0,0,97,85,0
Kentucky,Pulaski,2024,182,147,35,0,0,0,0,68,55,42,0,0,85,97,0
Kentucky,Simpson,2024,119,100,19,0,0,0,0,93,54,43,0,0,119,0,0
Kentucky,Warren,2024,180,146,34,0,0,0,0,87,55,39,0,0,79,101,0
Kentucky,Washington,2024,227,202,25,0,0,0,0,74,51,41,0,0,227,0,0
Louisiana,Ascension,2024,303,273,27,2,1,0,0,151,50,34,0,10,293,0,0
Louisiana,Bossier,2024,303,152,148,3,0,0,0,111,67,50,0,0,100,189,14
Louisiana,Caddo,2024,295,244,50,1,0,0,0,101,55,41,0,0,250,45,0
Louisiana,Calcasieu,2024,305,154,147,4,0,0,0,147,65,50,0,0,106,199,0
Louisiana,East Baton Rouge,2024,305,144,154,6,1,0,0,154,74,51,0,0,117,188,0
Louisiana,Iberville,2024,305,227,69,8,1,0,0,159,74,43,0,1,279,25,0
Louisiana,Jefferson,2024,305,179,125,0,1,0,0,188,62,47,0,6,145,154,0
Louisiana,Lafayette,2024,304,134,168,2,0,0,0,108,63,52,0,0,83,221,0
Louisiana,Lafourche,2024,301,156,145,0,0,0,0,93,61,50,0,0,69,232,0
Louisiana,Livingston,2024,305,194,111,0,0,0,0,100,67,44,0,0,160,145,0
Louisiana,Orleans,2024,306,210,95,1,0,0,0,105,58,41,1,26,0,278,1
Louisiana,Ouachita,2024,305,247,58,0,0,0,0,97,57,41,0,0,228,77,0
Louisiana,Pointe Coupee,2024,300,273,26,1,0,0,0,101,50,37,0,0,300,0,0
Louisiana,Rapides,2024,60,48,11,1,0,0,0,102,57,37,0,0,0,60,0
Louisiana,St. Bernard,2024,305,182,121,2,0,0,0,138,62,47,0,0,140,165,0
Louisiana,St. James,2024,302,278,21,3,0,0,0,108,49,33,0,0,302,0,0
Louisiana,St. John the Baptist,2024,299,260,37,2,0,0,0,105,54,37,0,0,299,0,0
Louisiana,St. Martin,2024,270,230,39,1,0,0,0,101,61,39,0,0,270,0,0
Louisiana,St. Tammany,2024,302,231,70,0,1,0,0,186,59,41,0,0,182,120,0
Louisiana,Tangipahoa,2024,65,33,32,0,0,0,0,77,62,50,0,0,0,65,0
Louisiana,Terrebonne,2024,61,46,15,0,0,0,0,99,56,36,0,0,0,61,0
Louisiana,West Baton Rouge,2024,305,157,146,2,0,0,0,101,67,50,0,0,94,211,0
Maine,Androscoggin,2024,305,281,24,0,0,0,0,77,48,33,0,0,171,132,2
Maine,Aroostook,2024,274,218,56,0,0,0,0,96,55,37,0,0,106,158,10
Maine,Cumberland,2024,305,235,69,1,0,0,0,119,58,39,0,0,183,118,4
Maine,Hancock,2024,275,244,30,1,0,0,0,105,54,39,2,0,256,17,0
Maine,Kennebec,2024,305,254,51,0,0,0,0,77,53,36,0,0,139,166,0
Maine,Knox,2024,295,283,12,0,0,0,0,84,44,33,0,0,295,0,0
Maine,Oxford,2024,305,281,24,0,0,0,0,67,46,32,0,0,186,119,0
Maine,Penobscot,2024,271,245,26,0,0,0,0,74,49,35,0,0,185,83,3
Maine,Sagadahoc,2024,202,190,12,0,0,0,0,93,46,35,0,0,202,0,0
Maine,Washington,2024,272,266,6,0,0,0,0,58,43,35,0,0,237,35,0
Maine,York,2024,301,286,14,1,0,0,0,129,46,35,0,0,301,0,0
Maryland,Anne Arundel,2024,220,175,44,1,0,0,0,129,67,42,0,0,204,0,16
Maryland,Baltimore,2024,305,207,93,5,0,0,0,115,71,44,0,4,224,77,0
Maryland,Baltimore (City),2024,304,219,79,6,0,0,0,112,71,42,0,5,215,84,0
Maryland,Calvert,2024,121,101,20,0,0,0,0,93,51,43,0,0,121,0,0
Maryland,Carroll,2024,121,91,30,0,0,0,0,93,67,43,0,0,121,0,0
Maryland,Cecil,2024,305,209,93,3,0,0,0,126,64,44,0,0,182,123,0
Maryland,Charles,2024,113,101,12,0,0,0,0,90,51,42,0,0,113,0,0
Maryland,Dorchester,2024,274,219,55,0,0,0,0,84,56,40,0,0,200,74,0
Maryland,Frederick,2024,121,93,28,0,0,0,0,90,67,44,0,0,121,0,0
Maryland,Garrett,2024,275,229,46,0,0,0,0,87,56,41,1,0,248,26,0
Maryland,Harford,2024,304,217,82,4,1,0,0,154,67,43,0,0,232,72,0
Maryland,Howard,2024,250,208,42,0,0,0,0,75,54,33,3,54,0,193,0
Maryland,Kent,2024,274,226,47,1,0,0,0,105,56,37,0,0,115,159,0
Maryland,Montgomery,2024,268,204,64,0,0,0,0,93,61,41,0,0,118,150,0
Maryland,Prince George's,2024,305,230,72,3,0,0,0,129,71,41,0,9,266,30,0
Maryland,Washington,2024,305,242,63,0,0,0,0,90,59,41,0,0,231,74,0
Massachusetts,Barnstable,2024,235,217,17,1,0,0,0,101,48,38,0,0,233,2,0
Massachusetts,Berkshire,2024,244,194,50,0,0,0,0,97,58,40,0,0,174,70,0
Massachusetts,Bristol,2024,244,204,38,2,0,0,0,108,58,40,0,0,206,38,0
Massachusetts,Dukes,2024,240,222,17,1,0,0,0,108,48,39,0,0,238,2,0
Massachusetts,Essex,2024,244,204,40,0,0,0,0,93,55,38,0,0,192,52,0
Massachusetts,Franklin,2024,248,197,51,0,0,0,0,93,57,38,0,0,165,83,0
Massachusetts,Hampden,2024,249,190,57,2,0,0,0,119,61,39,0,4,165,80,0
Massachusetts,Hampshire,2024,244,207,35,2,0,0,0,112,55,38,0,0,169,75,0
Massachusetts,Middlesex,2024,244,204,40,0,0,0,0,93,54,38,0,2,181,61,0
Massachusetts,Norfolk,2024,244,206,38,0,0,0,0,90,57,40,0,0,204,40,0
Massachusetts,Plymouth,2024,244,204,40,0,0,0,0,97,58,39,0,0,181,63,0
Massachusetts,Suffolk,2024,255,192,63,0,0,0,0,78,58,38,1,12,104,136,2
Massachusetts,Worcester,2024,245,210,35,0,0,0,0,90,55,38,1,9,173,60,2
Michigan,Allegan,2024,274,163,106,4,1,0,0,154,71,48,0,0,128,146,0
Michigan,Bay,2024,271,203,68,0,0,0,0,73,56,39,0,0,0,271,0
Michigan,Benzie,2024,214,190,22,2,0,0,0,101,51,38,0,0,214,0,0
Michigan,Berrien,2024,204,167,36,1,0,0,0,101,61,42,0,0,204,0,0
Michigan,Cass,2024,214,170,43,1,0,0,0,108,61,42,0,0,214,0,0
Michigan,Clinton,2024,213,198,15,0,0,0,0,80,49,39,0,0,213,0,0
Michigan,Genesee,2024,274,197,76,1,0,0,0,119,61,43,0,0,150,124,0
Michigan,Huron,2024,122,108,14,0,0,0,0,90,51,40,0,0,122,0,0
Michigan,Ingham,2024,182,141,41,0,0,0,0,85,58,40,0,2,113,67,0
Michigan,Kalamazoo,2024,182,115,67,0,0,0,0,100,64,45,0,0,82,100,0
Michigan,Kent,2024,275,132,142,1,0,0,0,112,67,51,1,1,90,183,0
Michigan,Keweenaw,2024,20,20,0,0,0,0,0,49,38,12,0,0,0,20,0
Michigan,Lenawee,2024,182,121,61,0,0,0,0,87,62,44,0,0,94,88,0
Michigan,Macomb,2024,274,185,86,3,0,0,0,115,66,43,0,0,155,119,0
Michigan,Manistee,2024,121,105,16,0,0,0,0,93,61,41,0,0,121,0,0
Michigan,Marquette,2024,149,131,18,0,0,0,0,67,52,21,0,0,0,149,0
Michigan,Mason,2024,213,191,22,0,0,0,0,97,51,37,0,0,213,0,0
Michigan,Missaukee,2024,273,249,24,0,0,0,0,84,50,37,0,0,238,35,0
Michigan,Muskegon,2024,212,174,34,4,0,0,0,122,61,40,0,0,212,0,0
Michigan,Oakland,2024,242,140,101,1,0,0,0,101,74,46,0,0,149,93,0
Michigan,Ottawa,2024,182,120,61,1,0,0,0,105,64,43,0,0,104,78,0
Michigan,Schoolcraft,2024,176,167,9,0,0,0,0,87,45,35,0,0,104,72,0
Michigan,St. Clair,2024,178,127,50,1,0,0,0,105,63,42,0,0,92,86,0
Michigan,Tuscola,2024,243,217,26,0,0,0,0,84,51,36,0,0,243,0,0
Michigan,Washtenaw,2024,244,183,61,0,0,0,0,87,62,42,0,0,172,72,0
Michigan,Wayne,2024,275,112,158,4,1,0,0,152,71,53,1,0,63,211,0
Michigan,Wexford,2024,243,228,15,0,0,0,0,80,49,37,0,0,243,0,0
Minnesota,Anoka,2024,182,151,30,1,0,0,0,125,56,42,0,0,128,54,0
Minnesota,Becker,2024,182,170,11,0,1,0,0,152,47,36,0,0,113,69,0
Minnesota,Beltrami,2024,182,172,9,0,1,0,0,177,46,36,0,0,114,68,0
Minnesota,Carlton,2024,182,170,11,1,0,0,0,114,46,36,0,0,112,70,0
Minnesota,Cass,2024,182,170,11,0,1,0,0,164,41,22,0,0,0,182,0
Minnesota,Cook,2024,178,174,3,1,0,0,0,138,27,13,0,0,0,178,0
Minnesota,Crow Wing,2024,182,158,23,1,0,0,0,137,54,38,0,0,115,67,0
Minnesota,Dakota,2024,183,145,37,0,1,0,0,152,57,29,1,25,0,157,0
Minnesota,Goodhue,2024,121,108,13,0,0,0,0,67,51,40,0,0,121,0,0
Minnesota,Hennepin,2024,183,140,40,2,1,0,0,166,61,37,1,4,91,82,5
Minnesota,Lake,2024,182,177,4,1,0,0,0,110,44,34,0,0,116,66,0
Minnesota,Lyon,2024,182,154,27,1,0,0,0,142,55,39,0,0,100,76,6
Minnesota,Mille Lacs,2024,73,72,1,0,0,0,0,67,42,36,0,0,73,0,0
Minnesota,Olmsted,2024,182,149,32,0,1,0,0,155,56,41,0,0,104,78,0
Minnesota,Ramsey,2024,182,152,29,1,0,0,0,128,54,28,0,0,0,165,17
Minnesota,Saint Louis,2024,244,223,20,1,0,0,0,114,48,37,0,0,209,35,0
Minnesota,Scott,2024,182,136,45,1,0,0,0,138,62,42,0,0,92,90,0
Minnesota,Stearns,2024,182,151,31,0,0,0,0,97,54,39,0,0,106,76,0
Minnesota,Washington,2024,121,116,5,0,0,0,0,58,46,36,0,0,121,0,0
Minnesota,Winona,2024,20,19,1,0,0,0,0,51,50,25,0,0,0,20,0
Minnesota,Wright,2024,182,146,34,2,0,0,0,110,57,41,0,0,110,72,0
Mississippi,Bolivar,2024,274,181,93,0,0,0,0,98,58,45,0,0,89,185,0
Mississippi,DeSoto,2024,274,156,114,4,0,0,0,136,65,47,0,0,98,176,0
Mississippi,Forrest,2024,271,174,97,0,0,0,0,76,59,43,0,0,0,271,0
Mississippi,Hancock,2024,265,188,77,0,0,0,0,87,59,43,0,0,100,165,0
Mississippi,Harrison,2024,269,183,83,3,0,0,0,115,62,44,0,0,127,142,0
Mississippi,Hinds,2024,275,159,116,0,0,0,0,96,64,48,1,0,109,165,0
Mississippi,Jackson,2024,272,180,92,0,0,0,0,93,60,44,0,0,114,158,0
Mississippi,Lauderdale,2024,214,213,1,0,0,0,0,51,45,36,0,0,214,0,0
Mississippi,Lee,2024,214,192,22,0,0,0,0,87,51,41,0,0,214,0,0
Mississippi,Yalobusha,2024,235,223,12,0,0,0,0,74,48,39,0,0,235,0,0
Missouri,Andrew,2024,126,111,15,0,0,0,0,74,51,44,0,0,126,0,0
Missouri,Boone,2024,125,116,9,0,0,0,0,74,49,41,0,0,125,0,0
Missouri,Buchanan,2024,178,116,62,0,0,0,0,76,57,41,0,0,0,167,11
Missouri,Callaway,2024,128,121,7,0,0,0,0,64,50,41,0,0,128,0,0
Missouri,Cass,2024,178,139,38,1,0,0,0,107,58,43,0,0,78,100,0
Missouri,Cedar,2024,178,158,20,0,0,0,0,64,51,42,0,0,112,66,0
Missouri,Clay,2024,178,139,38,1,0,0,0,108,61,44,0,0,110,68,0
Missouri,Clinton,2024,122,105,17,0,0,0,0,87,54,44,0,0,122,0,0
Missouri,Greene,2024,179,113,66,0,0,0,0,82,61,45,0,0,76,103,0
Missouri,Jackson,2024,178,117,60,1,0,0,0,109,59,42,0,32,0,107,39
Missouri,Jasper,2024,178,148,30,0,0,0,0,99,54,42,0,0,110,0,68
Missouri,Jefferson,2024,179,142,36,1,0,0,0,105,54,41,0,0,92,87,0
Missouri,Lincoln,2024,128,113,14,1,0,0,0,143,54,44,0,0,128,0,0
Missouri,Monroe,2024,178,174,4,0,0,0,0,84,45,37,0,1,177,0,0
Missouri,Perry,2024,120,106,14,0,0,0,0,93,51,43,0,0,120,0,0
Missouri,Saint Charles,2024,129,92,36,1,0,0,0,129,67,44,0,0,129,0,0
Missouri,Saint Louis,2024,180,143,36,1,0,0,0,122,54,42,0,21,108,51,0
Missouri,Sainte Genevieve,2024,121,112,9,0,0,0,0,100,50,43,0,0,121,0,0
Missouri,St. Louis City,2024,182,70,107,4,1,0,0,156,74,53,2,0,46,117,17
Missouri,Stoddard,2024,20,18,2,0,0,0,0,56,56,28,0,0,0,20,0
Missouri,Taney,2024,20,17,3,0,0,0,0,67,53,20,0,0,0,20,0
Montana,Beaverhead,2024,167,167,0,0,0,0,0,46,17,9,0,0,0,167,0
Montana,Cascade,2024,87,52,35,0,0,0,0,74,58,46,0,0,0,87,0
Montana,Custer,2024,182,172,10,0,0,0,0,100,46,36,0,4,128,50,0
Montana,Dawson,2024,173,169,3,1,0,0,0,120,30,12,0,0,0,173,0
Montana,Fergus,2024,182,173,9,0,0,0,0,64,48,41,0,0,161,21,0
Montana,Flathead,2024,241,207,34,0,0,0,0,77,53,39,0,0,177,53,11
Montana,Gallatin,2024,245,212,33,0,0,0,0,84,55,22,10,8,0,227,0
Montana,Glacier,2024,162,156,6,0,0,0,0,99,38,21,0,0,0,162,0
Montana,Hill,2024,176,173,2,1,0,0,0,123,32,16,0,0,0,176,0
Montana,Lake,2024,15,15,0,0,0,0,0,14,13,3,0,0,0,15,0
Montana,Lewis and Clark,2024,183,130,52,1,0,0,0,116,64,44,1,0,122,60,0
Montana,Lincoln,2024,182,119,63,0,0,0,0,99,67,39,0,0,0,181,1
Montana,Missoula,2024,182,127,55,0,0,0,0,92,64,42,0,0,100,82,0
Montana,Phillips,2024,180,177,2,1,0,0,0,135,34,18,0,0,0,180,0
Montana,Powell,2024,20,19,1,0,0,0,0,53,22,9,0,0,0,20,0
Montana,Ravalli,2024,182,157,25,0,0,0,0,89,58,16,0,0,0,182,0
Montana,Richland,2024,182,174,7,1,0,0,0,115,45,36,0,0,125,53,4
Montana,Roosevelt,2024,19,18,1,0,0,0,0,56,48,12,0,0,0,19,0
Montana,Rosebud,2024,20,20,0,0,0,0,0,14,12,7,0,0,0,20,0
Montana,Sanders,2024,180,170,10,0,0,0,0,65,43,22,0,0,0,91,89
Montana,Sheridan,2024,19,18,1,0,0,0,0,53,43,11,0,0,0,19,0
Montana,Silver Bow,2024,182,150,32,0,0,0,0,95,56,26,0,0,0,167,15
Montana,Teton,2024,149,147,2,0,0,0,0,65,24,12,0,0,0,149,0
Montana,Yellowstone,2024,175,158,17,0,0,0,0,64,50,38,0,4,125,46,0
Nebraska,Cass,2024,232,217,15,0,0,0,0,68,44,18,0,0,0,0,232
Nebraska,Douglas,2024,275,178,96,1,0,0,0,101,62,45,1,0,158,112,4
Nebraska,Gage,2024,249,176,73,0,0,0,0,70,57,37,0,0,0,249,0
Nebraska,Hall,2024,266,193,73,0,0,0,0,80,57,36,0,0,0,266,0
Nebraska,Knox,2024,206,183,22,1,0,0,0,108,54,38,0,0,206,0,0
Nebraska,Lancaster,2024,152,125,27,0,0,0,0,67,56,43,0,0,111,41,0
Nebraska,Sarpy,2024,257,195,61,1,0,0,0,110,57,36,0,0,0,257,0
Nebraska,Scotts Bluff,2024,246,226,20,0,0,0,0,88,46,11,0,0,0,246,0
Nebraska,Washington,2024,269,207,62,0,0,0,0,81,57,33,0,0,0,269,0
Nevada,Carson City,2024,182,146,35,1,0,0,0,105,58,44,0,0,160,22,0
Nevada,Churchill,2024,182,152,29,1,0,0,0,105,54,44,0,0,182,0,0
Nevada,Clark,2024,275,68,169,37,1,0,0,170,105,67,1,0,224,41,9
Nevada,Douglas,2024,162,153,9,0,0,0,0,76,40,22,0,0,0,162,0
Nevada,Elko,2024,182,182,0,0,0,0,0,43,26,12,0,0,0,0,182
Nevada,Lyon,2024,180,162,18,0,0,0,0,90,51,42,0,0,180,0,0
Nevada,Nye,2024,182,173,9,0,0,0,0,89,40,19,0,0,0,0,182
Nevada,Washoe,2024,244,128,113,3,0,0,0,108,77,50,1,2,211,30,0
Nevada,White Pine,2024,244,165,77,2,0,0,0,105,71,46,0,0,244,0,0
New Hampshire,Belknap,2024,182,171,11,0,0,0,0,74,48,36,0,0,115,67,0
New Hampshire,Cheshire,2024,182,152,30,0,0,0,0,93,55,38,0,0,132,50,0
New Hampshire,Coos,2024,183,156,27,0,0,0,0,87,54,42,1,0,182,0,0
New Hampshire,Grafton,2024,244,231,13,0,0,0,0,80,45,35,0,0,218,26,0
New Hampshire,Hillsborough,2024,183,165,18,0,0,0,0,97,50,38,1,0,177,5,0
New Hampshire,Merrimack,2024,122,113,9,0,0,0,0,74,48,39,0,0,122,0,0
New Hampshire,Rockingham,2024,183,163,19,1,0,0,0,122,51,40,1,0,157,25,0
New Jersey,Atlantic,2024,182,160,22,0,0,0,0,66,52,33,0,0,99,83,0
New Jersey,Bergen,2024,183,140,39,3,1,0,0,156,59,41,1,46,88,48,0
New Jersey,Camden,2024,182,112,70,0,0,0,0,97,63,44,0,7,94,81,0
New Jersey,Cumberland,2024,178,151,27,0,0,0,0,100,52,39,0,3,141,34,0
New Jersey,Gloucester,2024,182,131,48,3,0,0,0,129,67,42,0,0,117,65,0
New Jersey,Hudson,2024,183,134,46,2,1,0,0,151,62,42,1,40,82,60,0
New Jersey,Hunterdon,2024,182,135,47,0,0,0,0,100,63,41,0,0,125,57,0
New Jersey,Mercer,2024,243,165,73,5,0,0,0,133,74,44,0,0,179,64,0
New Jersey,Middlesex,2024,182,149,30,3,0,0,0,122,57,37,0,9,135,38,0
New Jersey,Monmouth,2024,137,129,7,1,0,0,0,119,48,37,0,0,137,0,0
New Jersey,Morris,2024,182,151,30,1,0,0,0,105,58,37,0,2,157,23,0
New Jersey,Ocean,2024,182,142,39,1,0,0,0,115,61,42,0,0,121,61,0
New Jersey,Passaic,2024,182,137,44,1,0,0,0,119,60,39,0,0,99,83,0
New Jersey,Union,2024,183,112,71,0,0,0,0,85,61,44,1,43,0,139,0
New Jersey,Warren,2024,175,136,37,2,0,0,0,108,58,38,0,19,110,46,0
New Mexico,Bernalillo,2024,275,83,163,25,1,1,2,443,101,61,1,2,197,44,31
New Mexico,Catron,2024,20,20,0,0,0,0,0,10,9,6,0,0,0,20,0
New Mexico,Chaves,2024,20,16,4,0,0,0,0,62,58,23,0,0,0,20,0
New Mexico,Dona Ana,2024,182,62,104,8,2,2,4,692,97,58,0,2,92,56,32
New Mexico,Eddy,2024,244,108,106,27,3,0,0,172,101,54,0,0,242,2,0
New Mexico,Lea,2024,180,126,54,0,0,0,0,93,71,44,0,0,146,34,0
New Mexico,Lincoln,2024,20,20,0,0,0,0,0,26,18,7,0,0,0,20,0
New Mexico,Los Alamos,2024,20,20,0,0,0,0,0,16,14,9,0,0,0,20,0
New Mexico,Luna,2024,182,170,10,1,1,0,0,153,39,15,0,0,0,0,182
New Mexico,Rio Arriba,2024,179,113,63,3,0,0,0,108,80,48,0,0,179,0,0
New Mexico,San Juan,2024,272,165,99,8,0,0,0,108,87,47,0,2,269,0,1
New Mexico,Sandoval,2024,182,142,40,0,0,0,0,87,67,44,0,0,182,0,0
New Mexico,Santa Fe,2024,180,126,54,0,0,0,0,93,74,45,0,0,177,3,0
New Mexico,Socorro,2024,20,20,0,0,0,0,0,26,19,7,0,0,0,20,0
New Mexico,Taos,2024,181,181,0,0,0,0,0,46,31,14,0,0,0,181,0
New Mexico,Valencia,2024,179,166,13,0,0,0,0,84,50,41,0,0,179,0,0
New York,Albany,2024,274,203,71,0,0,0,0,100,62,38,0,0,155,119,0
New York,Bronx,2024,275,176,97,2,0,0,0,150,71,44,1,17,143,114,0
New York,Chautauqua,2024,273,241,31,1,0,0,0,105,54,38,0,0,266,7,0
New York,Dutchess,2024,274,249,20,4,1,0,0,151,50,37,0,0,274,0,0
New York,Erie,2024,304,207,96,1,0,0,0,105,61,42,0,6,140,157,1
New York,Essex,2024,274,224,50,0,0,0,0,80,58,42,0,0,242,32,0
New York,Hamilton,2024,263,255,8,0,0,0,0,74,44,35,0,0,263,0,0
New York,Jefferson,2024,273,264,9,0,0,0,0,80,44,33,0,0,273,0,0
New York,Kings,2024,274,181,93,0,0,0,0,89,62,40,0,0,0,274,0
New York,Monroe,2024,275,195,80,0,0,0,0,90,58,39,1,1,114,159,0
New York,New York,2024,275,182,90,3,0,0,0,150,71,43,1,0,157,117,0
New York,Niagara,2024,223,201,21,1,0,0,0,105,50,37,0,0,223,0,0
New York,Oneida,2024,257,216,41,0,0,0,0,68,53,27,0,0,0,257,0
New York,Onondaga,2024,273,231,42,0,0,0,0,84,54,38,0,0,195,78,0
New York,Orange,2024,264,225,39,0,0,0,0,79,53,27,0,0,0,264,0
New York,Oswego,2024,271,266,5,0,0,0,0,61,44,33,0,0,271,0,0
New York,Putnam,2024,273,248,18,7,0,0,0,136,49,35,0,0,273,0,0
New York,Queens,2024,275,158,115,2,0,0,0,112,71,46,1,16,118,140,0
New York,Richmond,2024,273,222,48,3,0,0,0,140,57,37,0,0,189,84,0
New York,Rockland,2024,274,221,48,5,0,0,0,150,58,39,0,0,214,60,0
New York,Saratoga,2024,267,256,11,0,0,0,0,84,46,33,0,0,267,0,0
New York,Steuben,2024,275,236,39,0,0,0,0,68,53,38,1,0,216,58,0
New York,Suffolk,2024,275,232,38,5,0,0,0,133,61,39,1,5,262,7,0
New York,Tompkins,2024,240,232,8,0,0,0,0,71,47,36,0,0,240,0,0
New York,Wayne,2024,272,258,14,0,0,0,0,87,47,35,0,0,272,0,0
New York,Westchester,2024,274,219,49,6,0,0,0,143,64,38,0,0,215,59,0
North Carolina,Alexander,2024,214,183,31,0,0,0,0,93,54,41,0,0,214,0,0
North Carolina,Avery,2024,230,213,17,0,0,0,0,90,49,39,0,0,210,20,0
North Carolina,Buncombe,2024,274,221,53,0,0,0,0,81,54,40,0,0,165,109,0
North Carolina,Caldwell,2024,210,194,16,0,0,0,0,87,50,40,0,0,210,0,0
North Carolina,Carteret,2024,243,236,7,0,0,0,0,71,46,37,0,0,243,0,0
North Carolina,Caswell,2024,213,194,19,0,0,0,0,84,50,39,0,0,213,0,0
North Carolina,Catawba,2024,174,118,56,0,0,0,0,93,58,42,0,0,0,174,0
North Carolina,Cumberland,2024,274,195,78,1,0,0,0,110,61,44,0,0,178,95,1
North Carolina,Davidson,2024,178,126,52,0,0,0,0,89,59,39,0,0,0,178,0
North Carolina,Durham,2024,273,151,122,0,0,0,0,97,61,47,0,0,129,144,0
North Carolina,Edgecombe,2024,264,235,29,0,0,0,0,80,51,37,0,0,177,87,0
North Carolina,Forsyth,2024,244,134,106,4,0,0,0,122,74,49,0,3,127,114,0
North Carolina,Graham,2024,203,157,46,0,0,0,0,90,61,45,0,0,203,0,0
North Carolina,Granville,2024,214,176,37,1,0,0,0,101,64,42,0,0,214,0,0
North Carolina,Guilford,2024,274,203,70,1,0,0,0,122,59,43,0,0,173,91,10
North Carolina,Haywood,2024,233,176,56,1,0,0,0,101,61,46,0,0,214,19,0
North Carolina,Hyde,2024,19,19,0,0,0,0,0,36,34,19,0,0,0,19,0
North Carolina,Johnston,2024,272,214,58,0,0,0,0,84,60,42,0,0,172,100,0
North Carolina,Lenoir,2024,274,261,13,0,0,0,0,77,47,34,0,0,214,0,60
North Carolina,Lincoln,2024,212,192,20,0,0,0,0,80,50,40,0,0,212,0,0
North Carolina,Macon,2024,242,228,14,0,0,0,0,71,47,37,0,0,242,0,0
North Carolina,Martin,2024,214,213,1,0,0,0,0,61,44,33,0,0,214,0,0
North Carolina,Mecklenburg,2024,275,133,138,3,1,0,0,156,67,51,1,0,117,157,0
North Carolina,Mitchell,2024,179,153,26,0,0,0,0,83,53,26,0,0,0,179,0
North Carolina,Montgomery,2024,243,187,56,0,0,0,0,83,57,41,0,0,155,88,0
North Carolina,New Hanover,2024,274,232,42,0,0,0,0,97,54,38,0,0,172,102,0
North Carolina,Northampton,2024,213,177,36,0,0,0,0,82,53,27,0,36,0,177,0
North Carolina,Person,2024,212,194,18,0,0,0,0,77,50,40,0,0,212,0,0
North Carolina,Pitt,2024,274,245,29,0,0,0,0,74,52,38,0,0,187,87,0
North Carolina,Rockingham,2024,214,178,36,0,0,0,0,100,61,44,0,0,214,0,0
North Carolina,Rowan,2024,271,210,61,0,0,0,0,97,59,42,0,1,193,77,0
North Carolina,Swain,2024,272,238,34,0,0,0,0,83,52,38,0,0,172,100,0
North Carolina,Union,2024,214,183,31,0,0,0,0,97,58,41,0,0,214,0,0
North Carolina,Wake,2024,274,196,77,1,0,0,0,112,61,42,0,0,186,88,0
North Carolina,Yancey,2024,204,167,37,0,0,0,0,84,58,44,0,0,204,0,0
North Dakota,Billings,2024,274,217,47,9,1,0,0,172,64,40,0,0,209,65,0
North Dakota,Burke,2024,274,224,41,8,1,0,0,178,60,39,0,0,194,75,5
North Dakota,Burleigh,2024,275,190,75,9,1,0,0,174,67,42,1,1,154,115,4
North Dakota,Cass,2024,274,211,61,1,1,0,0,158,59,40,0,0,153,121,0
North Dakota,Dunn,2024,273,220,45,5,3,0,0,157,64,39,0,0,194,78,1
North Dakota,McKenzie,2024,274,215,51,6,2,0,0,172,64,40,0,0,207,67,0
North Dakota,Mercer,2024,274,223,45,4,2,0,0,167,60,38,0,0,189,85,0
North Dakota,Oliver,2024,274,214,53,5,2,0,0,162,63,39,0,0,189,85,0
North Dakota,Ward,2024,274,217,48,7,2,0,0,152,63,39,0,0,168,106,0
Ohio,Allen,2024,274,200,74,0,0,0,0,97,61,43,0,0,171,103,0
Ohio,Ashtabula,2024,214,177,35,2,0,0,0,108,61,41,0,0,214,0,0
Ohio,Athens,2024,272,247,25,0,0,0,0,64,49,28,0,0,0,272,0
Ohio,Belmont,2024,274,214,60,0,0,0,0,77,56,29,0,87,0,168,19
Ohio,Butler,2024,274,113,158,3,0,0,0,122,71,53,0,0,93,180,1
Ohio,Clark,2024,274,173,98,3,0,0,0,133,64,46,0,0,131,143,0
Ohio,Clermont,2024,273,225,45,3,0,0,0,119,58,41,0,0,203,70,0
Ohio,Clinton,2024,211,153,54,4,0,0,0,112,67,44,0,0,211,0,0
Ohio,Columbiana,2024,48,48,0,0,0,0,0,34,19,12,0,0,0,0,48
Ohio,Cuyahoga,2024,275,91,178,6,0,0,0,122,84,55,1,1,92,173,8
Ohio,Delaware,2024,242,200,41,1,0,0,0,105,61,42,0,0,242,0,0
Ohio,Franklin,2024,306,120,182,4,0,0,0,118,74,54,1,1,99,183,22
Ohio,Geauga,2024,211,170,40,1,0,0,0,101,64,42,0,0,211,0,0
Ohio,Greene,2024,203,170,32,1,0,0,0,119,61,43,0,0,203,0,0
Ohio,Hamilton,2024,275,118,146,11,0,0,0,140,74,52,1,5,115,154,0
Ohio,Jefferson,2024,274,166,108,0,0,0,0,93,66,46,0,0,144,130,0
Ohio,Knox,2024,245,208,36,1,0,0,0,101,54,41,0,0,245,0,0
Ohio,Lake,2024,273,199,70,4,0,0,0,136,71,41,0,0,185,88,0
Ohio,Lawrence,2024,274,195,79,0,0,0,0,84,58,44,0,0,150,123,1
Ohio,Licking,2024,245,205,40,0,0,0,0,100,58,42,0,0,245,0,0
Ohio,Lorain,2024,214,185,29,0,0,0,0,74,54,40,0,0,214,0,0
Ohio,Lucas,2024,274,114,156,4,0,0,0,119,77,53,0,0,124,150,0
Ohio,Madison,2024,245,203,42,0,0,0,0,100,61,44,0,0,245,0,0
Ohio,Mahoning,2024,274,174,100,0,0,0,0,93,64,45,0,0,137,137,0
Ohio,Medina,2024,274,169,105,0,0,0,0,100,67,46,0,0,149,125,0
Ohio,Miami,2024,214,170,43,1,0,0,0,101,61,44,0,0,214,0,0
Ohio,Montgomery,2024,274,160,110,4,0,0,0,147,68,48,0,0,149,124,1
Ohio,Noble,2024,235,189,46,0,0,0,0,90,67,42,0,0,226,9,0
Ohio,Portage,2024,214,161,51,2,0,0,0,108,71,44,0,0,214,0,0
Ohio,Preble,2024,275,179,96,0,0,0,0,100,61,45,1,0,147,127,0
Ohio,Scioto,2024,274,182,92,0,0,0,0,80,61,41,0,0,0,268,6
Ohio,Stark,2024,275,144,131,0,0,0,0,93,67,49,0,0,111,164,0
Ohio,Summit,2024,249,160,88,1,0,0,0,105,77,46,0,0,154,95,0
Ohio,Trumbull,2024,274,166,108,0,0,0,0,97,67,46,0,0,131,143,0
Ohio,Warren,2024,273,191,76,6,0,0,0,147,67,44,0,0,187,86,0
Ohio,Washington,2024,213,185,28,0,0,0,0,90,54,41,0,0,213,0,0
Ohio,Wood,2024,214,172,41,1,0,0,0,101,61,42,0,0,214,0,0
Oklahoma,Adair,2024,182,98,80,4,0,0,0,138,64,47,0,0,63,119,0
Oklahoma,Canadian,2024,213,162,45,6,0,0,0,119,74,44,0,0,213,0,0
Oklahoma,Carter,2024,274,152,112,10,0,0,0,140,74,49,0,0,141,133,0
Oklahoma,Cleveland,2024,274,125,142,7,0,0,0,126,76,52,0,0,143,131,0
Oklahoma,Comanche,2024,270,175,90,5,0,0,0,133,77,44,0,0,147,123,0
Oklahoma,Creek,2024,205,151,50,3,1,0,0,179,71,44,0,0,205,0,0
Oklahoma,Dewey,2024,274,150,119,5,0,0,0,112,74,49,0,0,148,126,0
Oklahoma,Grant,2024,20,19,1,0,0,0,0,77,38,18,0,0,0,20,0
Oklahoma,Jefferson,2024,236,190,44,2,0,0,0,108,61,43,0,0,236,0,0
Oklahoma,Johnston,2024,199,150,48,1,0,0,0,105,71,44,0,0,199,0,0
Oklahoma,Kay,2024,264,156,103,4,1,0,0,193,62,44,0,0,0,264,0
Oklahoma,Mayes,2024,127,116,11,0,0,0,0,80,50,41,0,0,127,0,0
Oklahoma,McClain,2024,202,122,71,9,0,0,0,129,80,47,0,0,202,0,0
Oklahoma,Oklahoma,2024,275,122,145,8,0,0,0,136,74,52,1,3,134,136,1
Oklahoma,Osage,2024,229,176,50,3,0,0,0,112,71,44,0,0,229,0,0
Oklahoma,Ottawa,2024,213,104,108,0,0,1,0,288,69,51,0,0,45,164,4
Oklahoma,Pittsburg,2024,272,150,120,2,0,0,0,102,66,48,0,0,96,176,0
Oklahoma,Pontotoc,2024,290,208,81,1,0,0,0,101,63,43,0,0,184,105,1
Oklahoma,Sequoyah,2024,211,133,78,0,0,0,0,97,59,45,0,0,43,168,0
Oklahoma,Tulsa,2024,275,121,146,8,0,0,0,140,77,52,1,0,143,130,1
Oklahoma,Washington,2024,243,132,105,5,1,0,0,156,72,49,0,0,145,98,0
Oregon,Baker,2024,182,174,8,0,0,0,0,67,38,20,0,0,0,182,0
Oregon,Clackamas,2024,182,176,6,0,0,0,0,77,43,21,0,0,62,120,0
Oregon,Columbia,2024,182,182,0,0,0,0,0,47,36,24,0,0,62,120,0
Oregon,Crook,2024,274,228,40,4,2,0,0,169,59,20,0,0,0,274,0
Oregon,Deschutes,2024,267,201,53,7,6,0,0,176,75,36,0,0,51,216,0
Oregon,Grant,2024,182,120,62,0,0,0,0,88,63,33,0,0,0,182,0
Oregon,Harney,2024,274,165,83,6,16,4,0,271,97,39,0,0,0,274,0
Oregon,Jackson,2024,274,215,57,1,1,0,0,152,60,39,0,0,58,216,0
Oregon,Jefferson,2024,182,166,16,0,0,0,0,62,48,21,0,0,0,182,0
Oregon,Josephine,2024,274,235,39,0,0,0,0,97,53,27,0,0,0,274,0
Oregon,Klamath,2024,274,217,48,7,2,0,0,164,62,31,0,0,0,274,0
Oregon,Lake,2024,274,225,45,3,1,0,0,151,58,27,0,0,0,274,0
Oregon,Lane,2024,274,179,81,8,5,1,0,216,74,41,0,0,81,193,0
Oregon,Linn,2024,182,170,12,0,0,0,0,64,44,24,0,0,0,182,0
Oregon,Marion,2024,274,245,29,0,0,0,0,79,51,28,0,0,60,214,0
Oregon,Multnomah,2024,274,252,22,0,0,0,0,83,47,31,0,1,141,132,0
Oregon,Umatilla,2024,182,157,25,0,0,0,0,86,54,33,0,0,62,120,0
Oregon,Union,2024,182,179,3,0,0,0,0,63,36,18,0,0,0,181,1
Oregon,Wallowa,2024,171,168,3,0,0,0,0,53,30,16,0,0,0,171,0
Oregon,Wasco,2024,180,165,15,0,0,0,0,75,44,19,0,0,0,180,0
Oregon,Washington,2024,274,259,15,0,0,0,0,87,44,30,0,2,121,151,0
Pennsylvania,Adams,2024,245,144,98,3,0,0,0,131,69,46,3,0,171,71,0
Pennsylvania,Allegheny,2024,183,93,89,1,0,0,0,103,74,50,1,0,82,100,0
Pennsylvania,Armstrong,2024,182,138,44,0,0,0,0,100,58,41,0,0,119,63,0
Pennsylvania,Beaver,2024,182,107,75,0,0,0,0,100,68,46,0,0,100,82,0
Pennsylvania,Berks,2024,182,126,54,2,0,0,0,105,62,43,0,0,119,63,0
Pennsylvania,Blair,2024,182,159,23,0,0,0,0,74,54,36,0,0,113,69,0
Pennsylvania,Bradford,2024,179,139,40,0,0,0,0,74,55,39,0,0,110,69,0
Pennsylvania,Bucks,2024,174,143,27,4,0,0,0,150,61,38,0,0,174,0,0
Pennsylvania,Cambria,2024,244,205,39,0,0,0,0,87,55,35,64,0,104,76,0
Pennsylvania,Centre,2024,238,192,46,0,0,0,0,93,61,42,0,1,207,30,0
Pennsylvania,Chester,2024,180,134,44,2,0,0,0,119,61,41,0,0,112,68,0
Pennsylvania,Cumberland,2024,174,130,44,0,0,0,0,93,58,34,0,0,0,174,0
Pennsylvania,Dauphin,2024,182,112,68,2,0,0,0,105,71,46,0,0,92,90,0
Pennsylvania,Delaware,2024,182,128,53,1,0,0,0,108,62,43,0,4,80,98,0
Pennsylvania,Elk,2024,237,224,13,0,0,0,0,67,48,36,0,0,237,0,0
Pennsylvania,Erie,2024,245,210,35,0,0,0,0,93,54,36,63,1,125,56,0
Pennsylvania,Fayette,2024,182,142,40,0,0,0,0,93,57,43,0,0,127,55,0
Pennsylvania,Franklin,2024,175,171,4,0,0,0,0,61,44,34,0,0,175,0,0
Pennsylvania,Greene,2024,172,140,32,0,0,0,0,87,56,41,0,0,116,56,0
Pennsylvania,Indiana,2024,178,153,25,0,0,0,0,87,56,38,0,0,113,65,0
Pennsylvania,Lackawanna,2024,232,215,17,0,0,0,0,97,47,32,50,26,156,0,0
Pennsylvania,Lancaster,2024,182,93,86,3,0,0,0,125,72,50,0,0,83,99,0
Pennsylvania,Lawrence,2024,31,31,0,0,0,0,0,31,29,24,0,0,31,0,0
Pennsylvania,Lebanon,2024,182,120,60,2,0,0,0,108,65,43,0,0,94,88,0
Pennsylvania,Lehigh,2024,181,140,41,0,0,0,0,90,58,38,0,0,108,73,0
Pennsylvania,Lycoming,2024,182,136,46,0,0,0,0,93,61,41,0,0,132,50,0
Pennsylvania,Mercer,2024,243,189,54,0,0,0,0,97,58,41,0,0,190,53,0
Pennsylvania,Monroe,2024,177,155,21,1,0,0,0,119,54,37,0,0,177,0,0
Pennsylvania,Montgomery,2024,182,131,51,0,0,0,0,97,61,40,0,0,128,54,0
Pennsylvania,Northampton,2024,182,143,39,0,0,0,0,87,58,39,0,1,109,72,0
Pennsylvania,Philadelphia,2024,183,70,109,4,0,0,0,136,77,54,1,2,54,126,0
Pennsylvania,Somerset,2024,237,210,27,0,0,0,0,90,51,40,0,0,237,0,0
Pennsylvania,Susquehanna,2024,182,167,15,0,0,0,0,60,48,26,0,0,0,182,0
Pennsylvania,Tioga,2024,182,159,23,0,0,0,0,84,53,38,0,0,137,45,0
Pennsylvania,Washington,2024,182,113,69,0,0,0,0,93,67,46,0,0,106,76,0
Pennsylvania,Westmoreland,2024,181,141,40,0,0,0,0,88,58,39,0,0,98,83,0
Pennsylvania,Wyoming,2024,176,162,14,0,0,0,0,64,48,26,0,0,0,176,0
Pennsylvania,York,2024,182,118,63,1,0,0,0,101,67,44,0,3,108,71,0
Puerto Rico,Bayamon,2024,181,156,24,1,0,0,0,124,54,27,17,0,34,130,0
Puerto Rico,Caguas,2024,268,261,7,0,0,0,0,75,25,3,214,0,0,54,0
Puerto Rico,Catano,2024,171,50,80,30,11,0,0,162,132,77,0,0,0,135,36
Puerto Rico,Fajardo,2024,56,46,10,0,0,0,0,84,56,31,0,0,0,52,4
Puerto Rico,Guayama,2024,27,26,1,0,0,0,0,53,29,14,0,0,0,0,27
Puerto Rico,Guaynabo,2024,57,43,14,0,0,0,0,80,56,32,0,0,0,53,4
Puerto Rico,Mayagnez,2024,176,176,0,0,0,0,0,39,29,15,0,0,108,68,0
Puerto Rico,Ponce,2024,175,165,10,0,0,0,0,82,37,3,120,0,0,49,6
Rhode Island,Kent,2024,239,214,25,0,0,0,0,97,51,35,0,0,148,91,0
Rhode Island,Providence,2024,250,202,48,0,0,0,0,72,55,38,1,8,70,166,5
Rhode Island,Washington,2024,243,205,35,3,0,0,0,147,57,39,0,0,167,76,0
South Carolina,Aiken,2024,231,206,25,0,0,0,0,84,51,39,0,0,231,0,0
South Carolina,Anderson,2024,221,181,39,1,0,0,0,115,61,44,0,0,221,0,0
South Carolina,Berkeley,2024,242,220,22,0,0,0,0,90,49,38,0,0,242,0,0
South Carolina,Charleston,2024,274,195,79,0,0,0,0,77,58,44,0,0,117,157,0
South Carolina,Chesterfield,2024,273,173,98,2,0,0,0,143,61,45,0,0,128,145,0
South Carolina,Darlington,2024,225,189,36,0,0,0,0,100,58,41,0,0,225,0,0
South Carolina,Edgefield,2024,274,171,103,0,0,0,0,98,61,45,0,0,117,157,0
South Carolina,Florence,2024,270,173,97,0,0,0,0,99,59,44,0,0,0,270,0
South Carolina,Greenville,2024,271,161,110,0,0,0,0,99,64,47,0,1,130,140,0
South Carolina,Horry,2024,274,215,59,0,0,0,0,87,55,41,0,0,144,130,0
South Carolina,Richland,2024,274,151,122,1,0,0,0,141,63,47,0,1,85,188,0
South Carolina,Spartanburg,2024,271,141,126,4,0,0,0,112,71,49,0,0,134,137,0
South Carolina,York,2024,270,187,82,1,0,0,0,112,67,44,0,0,178,92,0
South Dakota,Brookings,2024,182,168,14,0,0,0,0,94,46,32,0,0,139,30,13
South Dakota,Brown,2024,174,164,10,0,0,0,0,76,42,19,0,0,0,112,62
South Dakota,Clay,2024,182,150,32,0,0,0,0,84,56,40,0,0,125,57,0
South Dakota,Codington,2024,177,149,28,0,0,0,0,94,54,34,0,0,64,109,4
South Dakota,Custer,2024,182,163,19,0,0,0,0,94,51,41,0,0,147,27,8
South Dakota,Hughes,2024,182,178,4,0,0,0,0,69,20,1,0,0,0,182,0
South Dakota,Jackson,2024,182,154,28,0,0,0,0,84,54,42,0,0,139,43,0
South Dakota,Meade,2024,182,142,40,0,0,0,0,97,61,44,0,0,170,0,12
South Dakota,Minnehaha,2024,183,162,21,0,0,0,0,81,52,33,1,7,125,48,2
South Dakota,Pennington,2024,182,146,35,1,0,0,0,111,59,29,0,9,0,83,90
Tennessee,Anderson,2024,122,109,13,0,0,0,0,77,51,43,0,0,122,0,0
Tennessee,Blount,2024,245,136,109,0,0,0,0,90,64,49,1,0,156,88,0
Tennessee,Claiborne,2024,238,224,14,0,0,0,0,67,48,39,0,0,238,0,0
Tennessee,Davidson,2024,182,96,84,2,0,0,0,119,61,49,0,4,53,125,0
Tennessee,DeKalb,2024,217,197,20,0,0,0,0,77,50,40,0,0,217,0,0
Tennessee,Dyer,2024,174,143,31,0,0,0,0,66,53,32,0,0,0,174,0
Tennessee,Hamilton,2024,273,146,124,3,0,0,0,126,64,49,0,0,112,161,0
Tennessee,Jefferson,2024,122,111,11,0,0,0,0,97,49,41,0,0,122,0,0
Tennessee,Knox,2024,305,170,134,1,0,0,0,105,64,48,0,0,93,212,0
Tennessee,Lawrence,2024,176,126,50,0,0,0,0,80,57,39,0,0,0,176,0
Tennessee,Loudon,2024,182,139,43,0,0,0,0,90,58,43,0,0,84,98,0
Tennessee,Madison,2024,178,146,32,0,0,0,0,66,53,31,0,0,0,178,0
Tennessee,Maury,2024,176,140,36,0,0,0,0,68,55,34,0,0,0,176,0
Tennessee,McMinn,2024,174,129,45,0,0,0,0,89,55,34,0,0,0,174,0
Tennessee,Montgomery,2024,182,153,29,0,0,0,0,57,52,31,0,0,0,182,0
Tennessee,Putnam,2024,177,148,29,0,0,0,0,63,54,33,0,0,0,177,0
Tennessee,Roane,2024,177,139,38,0,0,0,0,72,56,33,0,0,0,177,0
Tennessee,Sevier,2024,244,179,65,0,0,0,0,93,64,45,0,0,244,0,0
Tennessee,Shelby,2024,303,98,200,3,2,0,0,159,74,55,0,0,60,243,0
Tennessee,Sullivan,2024,177,132,45,0,0,0,0,84,58,43,0,0,101,76,0
Tennessee,Sumner,2024,182,116,65,1,0,0,0,105,59,45,0,0,71,111,0
Tennessee,Williamson,2024,119,107,12,0,0,0,0,87,51,42,0,0,119,0,0
Tennessee,Wilson,2024,123,112,11,0,0,0,0,87,50,40,0,0,123,0,0
Texas,Atascosa,2024,181,82,92,7,0,0,0,116,82,52,0,0,0,181,0
Texas,Bell,2024,182,110,69,3,0,0,0,112,67,46,0,0,101,81,0
Texas,Bexar,2024,183,71,96,14,2,0,0,199,91,55,1,0,52,127,3
Texas,Bowie,2024,181,97,84,0,0,0,0,92,62,48,0,0,0,181,0
Texas,Brazoria,2024,182,158,22,1,1,0,0,164,54,36,0,1,164,17,0
Texas,Brazos,2024,172,102,69,1,0,0,0,102,63,40,0,0,0,172,0
Texas,Brewster,2024,194,119,73,2,0,0,0,112,71,45,0,0,143,51,0
Texas,Cameron,2024,182,32,94,44,12,0,0,171,138,72,0,0,26,156,0
Texas,Collin,2024,182,149,31,2,0,0,0,136,64,40,0,0,182,0,0
Texas,Culberson,2024,17,14,3,0,0,0,0,66,62,18,0,0,0,17,0
Texas,Dallas,2024,183,68,111,4,0,0,0,133,77,54,1,3,57,121,1
Texas,Denton,2024,182,109,65,7,1,0,0,174,74,44,0,1,122,59,0
Texas,Ector,2024,180,137,43,0,0,0,0,88,58,34,0,0,0,180,0
Texas,El Paso,2024,183,45,104,23,7,1,3,431,128,68,1,7,64,64,47
Texas,Ellis,2024,181,171,10,0,0,0,0,93,47,35,0,2,179,0,0
Texas,Galveston,2024,182,112,67,3,0,0,0,115,65,47,0,0,109,73,0
Texas,Gregg,2024,180,166,13,1,0,0,0,129,50,37,0,7,173,0,0
Texas,Harris,2024,183,27,142,9,4,1,0,201,90,59,1,6,36,130,10
Texas,Harrison,2024,182,104,75,0,1,2,0,263,64,47,0,0,63,119,0
Texas,Hidalgo,2024,182,53,106,18,5,0,0,157,105,60,0,0,16,161,5
Texas,Hood,2024,173,149,24,0,0,0,0,100,61,40,0,0,173,0,0
Texas,Hunt,2024,181,166,15,0,0,0,0,77,50,37,0,12,169,0,0
Texas,Jefferson,2024,182,81,97,4,0,0,0,143,67,52,0,0,60,122,0
Texas,Johnson,2024,177,160,16,1,0,0,0,119,50,38,0,0,177,0,0
Texas,Karnes,2024,179,179,0,0,0,0,0,28,14,6,0,179,0,0,0
Texas,Kaufman,2024,178,108,68,2,0,0,0,101,64,47,0,0,94,84,0
Texas,Kleberg,2024,169,77,88,4,0,0,0,121,81,52,0,0,0,169,0
Texas,Lubbock,2024,175,162,13,0,0,0,0,91,43,19,0,0,0,175,0
Texas,Maverick,2024,172,99,73,0,0,0,0,100,79,41,0,0,0,172,0
Texas,McLennan,2024,183,90,92,1,0,0,0,102,72,51,2,0,51,130,0
Texas,Montgomery,2024,182,66,106,9,1,0,0,166,85,54,0,1,57,124,0
Texas,Navarro,2024,182,101,78,3,0,0,0,112,71,48,0,0,89,93,0
Texas,Nueces,2024,182,64,105,12,1,0,0,153,88,56,0,0,38,144,0
Texas,Orange,2024,182,134,46,2,0,0,0,119,58,43,0,0,91,91,0
Texas,Parker,2024,182,170,12,0,0,0,0,100,48,35,0,0,182,0,0
Texas,Polk,2024,228,219,9,0,0,0,0,93,45,33,0,0,228,0,0
Texas,Potter,2024,177,162,14,1,0,0,0,138,48,26,0,0,0,177,0
Texas,Randall,2024,243,177,64,2,0,0,0,108,77,44,0,0,243,0,0
Texas,Rockwall,2024,175,171,4,0,0,0,0,67,44,33,0,0,175,0,0
Texas,Smith,2024,182,155,27,0,0,0,0,93,61,40,0,0,182,0,0
Texas,Tarrant,2024,183,73,104,5,1,0,0,169,78,53,1,5,51,126,0
Texas,Travis,2024,183,61,120,2,0,0,0,123,77,54,1,0,42,138,2
Texas,Victoria,2024,182,169,13,0,0,0,0,97,47,36,0,0,182,0,0
Texas,Webb,2024,183,81,91,11,0,0,0,129,88,52,1,0,64,117,1
Texas,Wilson,2024,60,60,0,0,0,0,0,25,19,8,0,60,0,0,0
Utah,Box Elder,2024,274,145,124,5,0,0,0,133,84,49,0,0,224,50,0
Utah,Cache,2024,274,174,99,1,0,0,0,101,74,45,0,0,200,74,0
Utah,Carbon,2024,274,189,84,1,0,0,0,112,64,46,0,0,267,7,0
Utah,Davis,2024,277,168,94,15,0,0,0,133,87,48,0,9,237,27,4
Utah,Duchesne,2024,274,170,101,2,1,0,0,163,71,47,0,0,225,44,5
Utah,Garfield,2024,20,20,0,0,0,0,0,11,8,3,0,0,0,20,0
Utah,Grand,2024,273,193,78,2,0,0,0,105,61,47,0,0,206,67,0
Utah,Iron,2024,273,216,57,0,0,0,0,100,58,44,0,4,247,22,0
Utah,Salt Lake,2024,306,156,119,27,3,1,0,230,101,50,1,9,213,80,3
Utah,San Juan,2024,241,166,72,3,0,0,0,126,71,45,0,0,241,0,0
Utah,Tooele,2024,274,161,101,12,0,0,0,143,87,48,0,0,230,44,0
Utah,Uintah,2024,274,175,96,3,0,0,0,119,71,47,0,0,258,16,0
Utah,Utah,2024,275,151,115,8,1,0,0,151,84,48,1,1,221,52,0
Utah,Wasatch,2024,92,79,12,1,0,0,0,108,54,42,0,0,87,5,0
Utah,Washington,2024,274,188,84,2,0,0,0,108,71,47,0,0,271,3,0
Utah,Wayne,2024,20,20,0,0,0,0,0,9,7,4,0,0,0,20,0
Utah,Weber,2024,275,174,95,6,0,0,0,122,80,46,1,6,236,29,3
Vermont,Bennington,2024,182,169,13,0,0,0,0,80,48,38,0,0,156,26,0
Vermont,Chittenden,2024,183,163,20,0,0,0,0,84,52,39,1,0,144,38,0
Vermont,Rutland,2024,183,154,29,0,0,0,0,77,55,38,1,0,106,76,0
Vermont,Windham,2024,19,19,0,0,0,0,0,34,25,8,0,0,0,19,0
Virgin Islands,St John,2024,10,9,1,0,0,0,0,55,55,19,0,0,0,10,0
Virginia,Albemarle,2024,272,207,65,0,0,0,0,85,55,43,0,0,126,146,0
Virginia,Arlington,2024,275,223,48,4,0,0,0,115,61,40,1,26,219,29,0
Virginia,Bristol City,2024,88,69,19,0,0,0,0,63,55,34,0,0,0,88,0
Virginia,Caroline,2024,194,192,2,0,0,0,0,77,47,38,0,0,194,0,0
Virginia,Carroll,2024,40,40,0,0,0,0,0,31,18,9,0,0,0,0,40
Virginia,Charles,2024,274,244,30,0,0,0,0,75,51,37,0,1,146,127,0
Virginia,Chesterfield,2024,274,207,67,0,0,0,0,77,56,42,0,0,104,170,0
Virginia,Fairfax,2024,275,192,80,3,0,0,0,112,61,43,1,18,153,103,0
Virginia,Fauquier,2024,210,204,6,0,0,0,0,64,46,36,0,0,210,0,0
Virginia,Frederick,2024,274,205,68,1,0,0,0,102,57,42,0,0,127,147,0
Virginia,Giles,2024,233,210,23,0,0,0,0,80,50,41,0,0,233,0,0
Virginia,Hampton City,2024,275,217,58,0,0,0,0,90,55,41,1,1,149,124,0
Virginia,Hanover,2024,214,198,16,0,0,0,0,74,49,40,0,0,214,0,0
Virginia,Henrico,2024,275,219,55,1,0,0,0,112,55,42,1,4,155,115,0
Virginia,Hopewell City,2024,40,40,0,0,0,0,0,30,13,7,0,0,0,0,40
Virginia,Loudoun,2024,274,175,99,0,0,0,0,87,63,45,0,1,149,124,0
Virginia,Lynchburg City,2024,90,75,15,0,0,0,0,61,53,29,0,0,0,90,0
Virginia,Madison,2024,254,230,24,0,0,0,0,90,50,42,0,0,229,23,2
Virginia,Norfolk City,2024,273,236,37,0,0,0,0,82,52,33,2,24,0,247,0
Virginia,Prince Edward,2024,244,237,7,0,0,0,0,64,45,35,0,0,244,0,0
Virginia,Prince William,2024,274,247,27,0,0,0,0,87,50,38,0,3,271,0,0
Virginia,Richmond City,2024,275,215,60,0,0,0,0,79,54,36,1,44,0,230,0
Virginia,Roanoke,2024,275,222,53,0,0,0,0,68,54,41,1,4,149,121,0
Virginia,Rockbridge,2024,234,228,6,0,0,0,0,64,45,37,0,0,214,20,0
Virginia,Rockingham,2024,274,207,67,0,0,0,0,83,56,44,0,8,139,127,0
Virginia,Salem City,2024,90,73,17,0,0,0,0,67,55,36,0,0,0,90,0
Virginia,Stafford,2024,270,262,8,0,0,0,0,90,48,37,0,0,270,0,0
Virginia,Suffolk City,2024,214,201,13,0,0,0,0,71,48,38,0,0,214,0,0
Virginia,Virginia Beach City,2024,274,223,51,0,0,0,0,81,55,34,0,0,0,274,0
Virginia,Wythe,2024,214,205,9,0,0,0,0,67,49,41,0,0,214,0,0
Washington,Adams,2024,213,207,6,0,0,0,0,65,33,15,0,0,0,213,0
Washington,Asotin,2024,210,146,60,0,4,0,0,196,69,35,0,0,0,210,0
Washington,Benton,2024,213,175,36,2,0,0,0,108,58,36,0,0,81,99,33
Washington,Chelan,2024,213,178,31,3,1,0,0,158,63,25,0,0,0,213,0
Washington,Clallam,2024,213,198,15,0,0,0,0,59,45,36,0,0,141,72,0
Washington,Clark,2024,213,192,20,1,0,0,0,105,49,31,0,0,89,124,0
Washington,Columbia,2024,244,217,27,0,0,0,0,90,51,38,0,0,212,32,0
Washington,Cowlitz,2024,213,207,6,0,0,0,0,67,34,20,0,0,0,213,0
Washington,Franklin,2024,213,199,14,0,0,0,0,64,43,16,0,0,0,213,0
Washington,Garfield,2024,208,192,16,0,0,0,0,75,40,13,0,0,0,208,0
Washington,Grant,2024,213,194,19,0,0,0,0,76,48,22,0,0,0,213,0
Washington,Grays Harbor,2024,182,180,2,0,0,0,0,64,27,18,0,0,0,182,0
Washington,Jefferson,2024,174,172,2,0,0,0,0,57,26,19,0,0,0,174,0
Washington,King,2024,214,157,50,3,1,1,2,354,58,41,1,3,105,105,0
Washington,Kitsap,2024,200,196,4,0,0,0,0,69,36,18,0,0,0,200,0
Washington,Kittitas,2024,213,195,18,0,0,0,0,79,48,20,0,0,0,213,0
Washington,Klickitat,2024,16,16,0,0,0,0,0,43,16,9,0,0,0,16,0
Washington,Lewis,2024,205,202,3,0,0,0,0,60,35,20,0,0,0,205,0
Washington,Mason,2024,213,206,7,0,0,0,0,59,34,16,0,0,0,213,0
Washington,Okanogan,2024,210,149,61,0,0,0,0,85,60,29,0,0,0,210,0
Washington,Pacific,2024,194,194,0,0,0,0,0,37,20,14,0,0,0,194,0
Washington,Pierce,2024,213,169,43,0,1,0,0,166,57,44,0,6,140,67,0
Washington,Skagit,2024,213,209,4,0,0,0,0,57,39,26,0,0,59,154,0
Washington,Snohomish,2024,213,155,58,0,0,0,0,99,57,38,0,0,0,213,0
Washington,Spokane,2024,213,185,28,0,0,0,0,100,56,36,0,0,85,124,4
Washington,Stevens,2024,213,159,54,0,0,0,0,98,59,27,0,0,0,176,37
Washington,Thurston,2024,211,203,8,0,0,0,0,85,42,26,0,0,89,122,0
Washington,Walla Walla,2024,213,189,24,0,0,0,0,79,53,20,0,0,0,123,90
Washington,Whatcom,2024,208,204,4,0,0,0,0,61,44,32,0,0,69,139,0
Washington,Whitman,2024,213,196,17,0,0,0,0,80,43,16,0,0,0,213,0
Washington,Yakima,2024,213,162,47,3,1,0,0,153,61,31,0,0,0,212,1
West Virginia,Berkeley,2024,139,109,30,0,0,0,0,97,61,44,0,0,112,27,0
West Virginia,Brooke,2024,274,202,72,0,0,0,0,72,57,38,0,0,0,274,0
West Virginia,Cabell,2024,182,132,50,0,0,0,0,84,55,42,0,0,81,101,0
West Virginia,Greenbrier,2024,123,117,6,0,0,0,0,64,48,41,0,0,123,0,0
West Virginia,Hancock,2024,272,187,85,0,0,0,0,97,65,43,0,0,154,118,0
West Virginia,Harrison,2024,56,45,11,0,0,0,0,59,56,35,0,0,0,56,0
West Virginia,Kanawha,2024,183,153,30,0,0,0,0,67,55,37,4,0,94,85,0
West Virginia,Marion,2024,53,42,11,0,0,0,0,61,54,32,0,0,0,53,0
West Virginia,Marshall,2024,274,201,73,0,0,0,0,81,59,39,0,0,0,274,0
West Virginia,Monongalia,2024,139,116,23,0,0,0,0,71,53,42,0,0,109,30,0
West Virginia,Ohio,2024,222,175,47,0,0,0,0,84,58,42,0,0,165,57,0
West Virginia,Tucker,2024,236,221,15,0,0,0,0,71,49,41,0,0,233,3,0
West Virginia,Wood,2024,140,111,29,0,0,0,0,100,58,42,0,0,106,34,0
Wisconsin,Ashland,2024,182,176,6,0,0,0,0,90,44,36,0,0,156,26,0
Wisconsin,Brown,2024,182,153,29,0,0,0,0,86,60,38,0,0,91,91,0
Wisconsin,Columbia,2024,97,88,9,0,0,0,0,74,50,41,0,0,97,0,0
Wisconsin,Dane,2024,182,133,49,0,0,0,0,77,58,42,0,0,69,104,9
Wisconsin,Dodge,2024,183,153,30,0,0,0,0,84,53,39,1,0,145,37,0
Wisconsin,Door,2024,98,89,9,0,0,0,0,90,50,40,0,0,98,0,0
Wisconsin,Eau Claire,2024,182,151,30,1,0,0,0,142,55,40,0,0,89,93,0
Wisconsin,Fond du Lac,2024,98,92,6,0,0,0,0,67,49,40,0,0,98,0,0
Wisconsin,Forest,2024,182,158,23,0,1,0,0,153,52,39,0,0,140,42,0
Wisconsin,Grant,2024,182,145,37,0,0,0,0,80,54,31,0,0,0,182,0
Wisconsin,Jackson,2024,101,91,10,0,0,0,0,95,49,26,0,0,0,101,0
Wisconsin,Jefferson,2024,97,84,13,0,0,0,0,87,51,41,0,0,97,0,0
Wisconsin,Kenosha,2024,182,138,42,2,0,0,0,143,64,41,0,0,115,67,0
Wisconsin,Kewaunee,2024,91,81,10,0,0,0,0,84,51,41,0,0,91,0,0
Wisconsin,La Crosse,2024,98,90,8,0,0,0,0,67,49,41,0,0,98,0,0
Wisconsin,Manitowoc,2024,98,87,8,3,0,0,0,115,51,41,0,0,98,0,0
Wisconsin,Marathon,2024,182,157,24,0,1,0,0,151,53,38,0,0,92,90,0
Wisconsin,Milwaukee,2024,183,140,42,1,0,0,0,129,64,42,1,8,84,86,4
Wisconsin,Monroe,2024,141,118,23,0,0,0,0,90,54,27,0,0,0,141,0
Wisconsin,Outagamie,2024,182,150,32,0,0,0,0,99,58,38,0,0,91,91,0
Wisconsin,Ozaukee,2024,182,151,29,2,0,0,0,119,61,39,0,0,97,85,0
Wisconsin,Racine,2024,98,78,19,1,0,0,0,140,64,44,0,0,98,0,0
Wisconsin,Rock,2024,98,80,18,0,0,0,0,77,58,43,0,0,98,0,0
Wisconsin,Sauk,2024,182,157,25,0,0,0,0,66,53,38,0,0,89,93,0
Wisconsin,Sheboygan,2024,98,85,10,3,0,0,0,133,58,42,0,0,98,0,0
Wisconsin,Taylor,2024,244,239,5,0,0,0,0,80,45,37,0,0,244,0,0
Wisconsin,Vilas,2024,98,93,5,0,0,0,0,93,48,41,0,0,98,0,0
Wisconsin,Walworth,2024,98,76,22,0,0,0,0,97,61,44,0,0,98,0,0
Wisconsin,Waukesha,2024,182,139,43,0,0,0,0,100,61,41,0,0,92,90,0
Wyoming,Albany,2024,240,117,110,12,1,0,0,187,87,51,0,0,204,5,31
Wyoming,Big Horn,2024,174,161,13,0,0,0,0,84,49,39,0,0,174,0,0
Wyoming,Campbell,2024,211,150,60,1,0,0,0,103,61,43,0,0,122,33,56
Wyoming,Carbon,2024,181,181,0,0,0,0,0,35,16,8,0,181,0,0,0
Wyoming,Converse,2024,183,170,13,0,0,0,0,76,49,41,1,0,167,0,15
Wyoming,Fremont,2024,213,133,80,0,0,0,0,100,67,48,0,0,145,68,0
Wyoming,Johnson,2024,180,172,8,0,0,0,0,71,47,39,0,1,175,0,4
Wyoming,Laramie,2024,183,145,38,0,0,0,0,80,58,45,1,0,161,20,1
Wyoming,Lincoln,2024,182,158,24,0,0,0,0,77,54,44,0,1,158,6,17
Wyoming,Natrona,2024,182,157,25,0,0,0,0,80,54,43,0,0,179,3,0
Wyoming,Park,2024,200,182,18,0,0,0,0,88,43,13,0,0,0,200,0
Wyoming,Platte,2024,182,167,11,3,1,0,0,161,45,14,0,0,0,0,182
Wyoming,Sheridan,2024,213,177,34,1,0,1,0,205,61,43,0,0,150,61,2
Wyoming,Sublette,2024,244,156,87,1,0,0,0,101,74,47,0,0,242,2,0
Wyoming,Sweetwater,2024,213,154,57,2,0,0,0,137,64,45,0,1,156,33,23
Wyoming,Teton,2024,244,158,85,1,0,0,0,105,67,47,0,0,208,33,3
Wyoming,Uinta,2024,182,182,0,0,0,0,0,22,13,6,0,0,0,0,182
Wyoming,Washakie,2024,176,163,13,0,0,0,0,71,47,9,0,0,0,176,0
Wyoming,Weston,2024,181,175,6,0,0,0,0,71,47,39,0,0,181,0,0
